name,type,record_link,series_title,effective_from,through_to,completed,dp_law,_citations_dp_law,_caution_dp_law,_attachment_name_dp_law,dp_database,_citations_dp_database,_caution_dp_database,_attachment_name_dp_database,dp_url,_citations_dp_url,_caution_dp_url,_attachment_name_dp_url,dp_enacted,_citations_dp_enacted,_caution_dp_enacted,_attachment_name_dp_enacted,dp_effective_dt,_citations_dp_effective_dt,_caution_dp_effective_dt,_attachment_name_dp_effective_dt,dp_collected,_citations_dp_collected,_caution_dp_collected,_attachment_name_dp_collected,dp_valid_imp,_citations_dp_valid_imp,_caution_dp_valid_imp,_attachment_name_dp_valid_imp,dp_state_fed,_citations_dp_state_fed,_caution_dp_state_fed,_attachment_name_dp_state_fed,dp_state_fed_reference,_citations_dp_state_fed_reference,_caution_dp_state_fed_reference,_attachment_name_dp_state_fed_reference,dp_state_fed_citation,_citations_dp_state_fed_citation,_caution_dp_state_fed_citation,_attachment_name_dp_state_fed_citation,dp_type,_citations_dp_type,_caution_dp_type,_attachment_name_dp_type,dp_activity,_citations_dp_activity,_caution_dp_activity,_attachment_name_dp_activity,dp_penalties,_citations_dp_penalties,_caution_dp_penalties,_attachment_name_dp_penalties,dp_exemption,_citations_dp_exemption,_caution_dp_exemption,_attachment_name_dp_exemption,dp_exempt_sygen_activity,_citations_dp_exempt_sygen_activity,_caution_dp_exempt_sygen_activity,_attachment_name_dp_exempt_sygen_activity,dp_exempt_sy_ssp_activity,_citations_dp_exempt_sy_ssp_activity,_caution_dp_exempt_sy_ssp_activity,_attachment_name_dp_exempt_sy_ssp_activity,dp_exempt_can_activity,_citations_dp_exempt_can_activity,_caution_dp_exempt_can_activity,_attachment_name_dp_exempt_can_activity,dp_exempt_DCEgen_activity,_citations_dp_exempt_DCEgen_activity,_caution_dp_exempt_DCEgen_activity,_attachment_name_dp_exempt_DCEgen_activity,dp_exempt_fentDCE_activity,_citations_dp_exempt_fentDCE_activity,_caution_dp_exempt_fentDCE_activity,_attachment_name_dp_exempt_fentDCE_activity,dp_exempt_xyDCE_activity,_citations_dp_exempt_xyDCE_activity,_caution_dp_exempt_xyDCE_activity,_attachment_name_dp_exempt_xyDCE_activity,dp_exempt_DCE_ssp_activity,_citations_dp_exempt_DCE_ssp_activity,_caution_dp_exempt_DCE_ssp_activity,_attachment_name_dp_exempt_DCE_ssp_activity,dp_exempt_fentDCE_ssp_activity,_citations_dp_exempt_fentDCE_ssp_activity,_caution_dp_exempt_fentDCE_ssp_activity,_attachment_name_dp_exempt_fentDCE_ssp_activity,dp_exempt_xyDCE_ssp_activity,_citations_dp_exempt_xyDCE_ssp_activity,_caution_dp_exempt_xyDCE_ssp_activity,_attachment_name_dp_exempt_xyDCE_ssp_activity,dp_exempt_SEgen_activity,_citations_dp_exempt_SEgen_activity,_caution_dp_exempt_SEgen_activity,_attachment_name_dp_exempt_SEgen_activity,dp_exempt_SE_ssp_activity,_citations_dp_exempt_SE_ssp_activity,_caution_dp_exempt_SE_ssp_activity,_attachment_name_dp_exempt_SE_ssp_activity,dp_exempt_unspec_ssp_activity,_citations_dp_exempt_unspec_ssp_activity,_caution_dp_exempt_unspec_ssp_activity,_attachment_name_dp_exempt_unspec_ssp_activity,dp_note,_citations_dp_note,_caution_dp_note,_attachment_name_dp_note
"Abilene, Taylor County, Texas, United States",city,https://app.monqcle.com/org/cphlr/project/drug-paraphernalia-laws-1689792283/record/75898,DPL_2025_Consolidated,2022-12-31,2024-12-31,1,0,-,-,-,-,-,-,-,-,-,-,-,-,-,-,-,-,-,-,-,-,-,-,-,-,-,-,-,-,-,-,-,-,-,-,-,-,-,-,-,-,-,-,-,-,-,-,-,-,-,-,-,-,-,-,-,-,-,-,-,-,-,-,-,-,-,-,-,-,-,-,-,-,-,-,-,-,-,-,-,-,-,-,-,-,-,-,-,-,-,-,-,-,-,-,-,-,-,-,-,-,-,-,-,-,-,-,-
"Abilene, Taylor County, Texas, United States",city,https://app.monqcle.com/org/cphlr/project/drug-paraphernalia-laws-1689792283/record/64055,DPL_2023_Consolidated,2022-12-31,2023-01-01,1,0,-,-,-,-,-,-,-,-,-,-,-,-,-,-,-,-,-,-,-,-,-,-,-,-,-,-,-,-,-,-,-,-,-,-,-,-,-,-,-,-,-,-,-,-,-,-,-,-,-,-,-,-,-,-,-,-,-,-,-,-,-,-,-,-,-,-,-,-,-,-,-,-,-,-,-,-,-,-,-,-,-,-,-,-,-,-,-,-,-,-,-,-,-,-,-,-,-,-,-,-,-,-,-,-,-,-,-
"Akron, Summit County, Ohio, United States",city,https://app.monqcle.com/org/cphlr/project/drug-paraphernalia-laws-1689792283/record/63452,DPL_2023_Consolidated,2022-12-31,2023-01-01,11,1,-,-,-,Municode,-,-,-,https://library.municode.com/oh/akron/codes/code_of_ordinances?nodeId=TIT13GEOF_CH138DROF_ART3UNTR_138.28USPOSADRPA,-,-,-,07/25/2016,-,-,-,-,-,-,-,09/22/2023,-,-,-,"Known, current through date published in ordinance",-,-,-,State (ARCHIVE) ,138.28 -,-,-,-,-,-,-,-,-,-,-,"Syringes, hypodermic needles, other inject/ion/ing equipment/instrument/supplies , Pipes, other smoke/ing or inhal/ing/ation equipment or supplies, Drug test/ing or check/ing equipment or supplies, Other","138.27 -,138.11 - Possessing drug ,138.28 - Use, possession,",-,-,"Sales (ARCHIVE), Non-sale distribution/delivery (ARCHIVE), Possession, possession with intent to use, keep, Use, Advertising, display, Manufacturing, manufacture with intent to deliver or sell, Other","138.28 - Use, possession,,138.27 - Dispensing of il",-,-,"Criminal (ARCHIVE) , Forfeiture/Seizure, Other","138.27 - Dispensing of il,138.28 -,138.28 -,138.28 - Use, possession,",-,-,"Syringes for approved medical use (i.e. diabetes) , Paraphernalia for consumption of cannabis, generally (ARCHIVE), Professionals acting in their course of business [e.g. pharmacists, physicians, manufacturers]","138.28 -,138.11 -,138.11 - Possessing drug ",-,-,-,-,-,-,-,-,-,-,-,-,-,-,-,-,-,-,-,-,-,-,-,-,-,-,-,-,-,-,-,-,-,-,-,-,-,-,-,-,-,-,-,-,-,-,-,-,-,-,-,-,-,-
"Akron, Summit County, Ohio, United States",city,https://app.monqcle.com/org/cphlr/project/drug-paraphernalia-laws-1689792283/record/75651,DPL_2025_Consolidated,2022-12-31,2024-12-31,14,1,-,-,-,Municode,-,-,-,https://library.municode.com/oh/akron/codes/code_of_ordinances?nodeId=TIT13GEOF_CH138DROF_ART3UNTR_138.28USPOSADRPA,-,-,-,07/25/2016,-,-,-,-,-,-,-,08/22/2025,-,-,-,"Known, current through date published in ordinance",-,-,-,State (ARCHIVE) ,-,-,-,1,-,-,-,ORC § 3719.172,-,-,-,"Syringes, hypodermic needles, other inject/ion/ing equipment/instrument/supplies , Pipes, other smoke/ing or inhal/ing/ation equipment or supplies, Drug test/ing or check/ing equipment or supplies, Other","138.28 - Use, possession,,138.27 -,138.11 - Possessing drug ",-,-,"Sales, possession with intent to sell, offer for sale (NEW), Delivery, possession with intent to deliver/distribute, distribution, transfer, furnish, exchange (NEW), Possession, possession with intent to use, keep, Use, Advertising, display, Manufacturing, manufacture with intent to deliver or sell, Other","138.28 - Use, possession,,138.27 - Dispensing of il,138.11 - Possessing drug ","make, obtain",-,"Misdemeanor (NEW), Forfeiture/Seizure","138.28 - Use, possession,,138.28 -,138.27 - Dispensing of il",-,-,"Syringes for approved medical use (i.e. diabetes) , Paraphernalia for consumption of cannabis, generally or medical use (NEW), Professionals acting in their course of business [e.g. pharmacists, physicians, manufacturers]","Section 3719.172 | Posses,138.11 - Possessing drug ,138.28 -",-,-,-,-,-,-,-,-,-,-,"Possession, Use, Other",-,"manufacture, obtain",-,-,-,-,-,-,-,-,-,-,-,-,-,-,-,-,-,-,-,-,-,-,-,-,-,-,-,-,-,-,-,-,-,-,-,-,-,-,-,-,-
"Alameda, Alameda County, California, United States",city,https://app.monqcle.com/org/cphlr/project/drug-paraphernalia-laws-1689792283/record/63088,DPL_2023_Consolidated,2022-12-31,2023-01-01,1,0,-,-,-,-,-,-,-,-,-,-,-,-,-,-,-,-,-,-,-,-,-,-,-,-,-,-,-,-,-,-,-,-,-,-,-,-,-,-,-,-,-,-,-,-,-,-,-,-,-,-,-,-,-,-,-,-,-,-,-,-,-,-,-,-,-,-,-,-,-,-,-,-,-,-,-,-,-,-,-,-,-,-,-,-,-,-,-,-,-,-,-,-,-,-,-,-,-,-,-,-,-,-,-,-,-,-,-
"Alameda, Alameda County, California, United States",city,https://app.monqcle.com/org/cphlr/project/drug-paraphernalia-laws-1689792283/record/77445,DPL_2025_Consolidated,2022-12-31,2024-12-31,1,0,-,-,-,-,-,-,-,-,-,-,-,-,-,-,-,-,-,-,-,-,-,-,-,-,-,-,-,-,-,-,-,-,-,-,-,-,-,-,-,-,-,-,-,-,-,-,-,-,-,-,-,-,-,-,-,-,-,-,-,-,-,-,-,-,-,-,-,-,-,-,-,-,-,-,-,-,-,-,-,-,-,-,-,-,-,-,-,-,-,-,-,-,-,-,-,-,-,-,-,-,-,-,-,-,-,-,-
"Albuquerque, Bernalillo County, New Mexico, United States",city,https://app.monqcle.com/org/cphlr/project/drug-paraphernalia-laws-1689792283/record/63589,DPL_2023_Consolidated,2022-12-31,2023-01-01,11,1,-,-,-,ALP,-,-,-,https://codelibrary.amlegal.com/codes/albuquerque/latest/albuquerque_nm/0-0-0-101441,-,-,-,03/07/2022,-,-,-,-,-,-,-,08/21/2023,-,-,-,"Known, current through date published in ordinance",-,-,-,State (ARCHIVE) ,§ 12-4-10,-,-,-,-,-,-,-,-,-,-,"Syringes, hypodermic needles, other inject/ion/ing equipment/instrument/supplies , Pipes, other smoke/ing or inhal/ing/ation equipment or supplies, Drug test/ing or check/ing equipment or supplies, Other","§ 12-4-10 UNLAWFUL ADVERT,§ 12-4-10 UNLAWFUL ADVERT",-,-,"Non-sale distribution/delivery (ARCHIVE), Advertising, display, Manufacturing, manufacture with intent to deliver or sell","§ 12-4-10 UNLAWFUL ADVERT,§ 12-4-10 UNLAWFUL ADVERT",-,-,Criminal (ARCHIVE) ,"§ 1-1-99,§ 12-1-99 PENALTY.",-,-,"Paraphernalia for consumption of cannabis, generally (ARCHIVE)",§ 12-4-10 UNLAWFUL ADVERT,-,-,-,-,-,-,-,-,-,-,-,-,-,-,-,-,-,-,-,-,-,-,-,-,-,-,-,-,-,-,-,-,-,-,-,-,-,-,-,-,-,-,-,-,-,-,-,-,-,-,-,-,-,-
"Albuquerque, Bernalillo County, New Mexico, United States",city,https://app.monqcle.com/org/cphlr/project/drug-paraphernalia-laws-1689792283/record/74949,DPL_2025_Consolidated,2022-12-31,2024-12-31,13,1,-,-,-,ALP,-,-,-,https://codelibrary.amlegal.com/codes/albuquerque/latest/albuquerque_nm/0-0-0-101441,-,-,-,03/07/2022,-,-,-,-,-,-,-,08/18/2025,-,-,-,"Known, current through date published in ordinance",-,-,-,State (ARCHIVE) ,-,-,-,0,-,-,-,-,-,-,-,"Syringes, hypodermic needles, other inject/ion/ing equipment/instrument/supplies , Pipes, other smoke/ing or inhal/ing/ation equipment or supplies, Drug test/ing or check/ing equipment or supplies, Other","§ 12-4-10 UNLAWFUL ADVERT,§ 12-4-10 UNLAWFUL ADVERT",-,-,"Delivery, possession with intent to deliver/distribute, distribution, transfer, furnish, exchange (NEW), Advertising, display, Manufacturing, manufacture with intent to deliver or sell","§ 12-4-10 UNLAWFUL ADVERT,§ 12-4-10 UNLAWFUL ADVERT",-,-,"Unspecified Fine (NEW), Incarceration (NEW)","§ 1-1-99,§ 12-1-99 PENALTY.",-,-,"Paraphernalia for consumption of cannabis, generally or medical use (NEW)",§ 12-4-10 UNLAWFUL ADVERT,-,-,-,-,-,-,-,-,-,-,Possession,-,-,-,-,-,-,-,-,-,-,-,-,-,-,-,-,-,-,-,-,-,-,-,-,-,-,-,-,-,-,-,-,-,-,-,-,-,-,-,-,-,-,-
"Alexandria, Virginia, United States",city,https://app.monqcle.com/org/cphlr/project/drug-paraphernalia-laws-1689792283/record/62917,DPL_2023_Consolidated,2022-12-31,2023-01-01,1,0,-,-,-,-,-,-,-,-,-,-,-,-,-,-,-,-,-,-,-,-,-,-,-,-,-,-,-,-,-,-,-,-,-,-,-,-,-,-,-,-,-,-,-,-,-,-,-,-,-,-,-,-,-,-,-,-,-,-,-,-,-,-,-,-,-,-,-,-,-,-,-,-,-,-,-,-,-,-,-,-,-,-,-,-,-,-,-,-,-,-,-,-,-,-,-,-,-,-,-,-,-,-,-,-,-,-,-
"Alexandria, Virginia, United States",city,https://app.monqcle.com/org/cphlr/project/drug-paraphernalia-laws-1689792283/record/75526,DPL_2025_Consolidated,2022-12-31,2024-12-31,1,0,-,-,-,-,-,-,-,-,-,-,-,-,-,-,-,-,-,-,-,-,-,-,-,-,-,-,-,-,-,-,-,-,-,-,-,-,-,-,-,-,-,-,-,-,-,-,-,-,-,-,-,-,-,-,-,-,-,-,-,-,-,-,-,-,-,-,-,-,-,-,-,-,-,-,-,-,-,-,-,-,-,-,-,-,-,-,-,-,-,-,-,-,-,-,-,-,-,-,-,-,-,-,-,-,-,-,-
"Alhambra, Los Angeles County, California, United States",city,https://app.monqcle.com/org/cphlr/project/drug-paraphernalia-laws-1689792283/record/63355,DPL_2023_Consolidated,2022-12-31,2023-01-01,1,0,-,-,-,-,-,-,-,-,-,-,-,-,-,-,-,-,-,-,-,-,-,-,-,-,-,-,-,-,-,-,-,-,-,-,-,-,-,-,-,-,-,-,-,-,-,-,-,-,-,-,-,-,-,-,-,-,-,-,-,-,-,-,-,-,-,-,-,-,-,-,-,-,-,-,-,-,-,-,-,-,-,-,-,-,-,-,-,-,-,-,-,-,-,-,-,-,-,-,-,-,-,-,-,-,-,-,-
"Alhambra, Los Angeles County, California, United States",city,https://app.monqcle.com/org/cphlr/project/drug-paraphernalia-laws-1689792283/record/76849,DPL_2025_Consolidated,2022-12-31,2024-12-31,1,0,-,-,-,-,-,-,-,-,-,-,-,-,-,-,-,-,-,-,-,-,-,-,-,-,-,-,-,-,-,-,-,-,-,-,-,-,-,-,-,-,-,-,-,-,-,-,-,-,-,-,-,-,-,-,-,-,-,-,-,-,-,-,-,-,-,-,-,-,-,-,-,-,-,-,-,-,-,-,-,-,-,-,-,-,-,-,-,-,-,-,-,-,-,-,-,-,-,-,-,-,-,-,-,-,-,-,-
"Allen, Collin County, Texas, United States",city,https://app.monqcle.com/org/cphlr/project/drug-paraphernalia-laws-1689792283/record/63836,DPL_2023_Consolidated,2022-12-31,2023-01-01,11,1,-,-,-,Municode,-,-,-,https://library.municode.com/tx/allen/codes/code_of_ordinances?nodeId=COOR_CH10OFIS_ARTIVILSMPR_S10-43USPOINDE,-,-,-,07/13/2010,-,-,-,-,-,-,-,08/11/2023,-,-,-,"Known, current through date published in ordinance",-,-,-,Neither (ARCHIVE),-,-,-,-,-,-,-,-,-,-,-,"Syringes, hypodermic needles, other inject/ion/ing equipment/instrument/supplies , Pipes, other smoke/ing or inhal/ing/ation equipment or supplies, Other","ARTICLE IV. - ILLEGAL SMO,ARTICLE IV. - ILLEGAL SMO",-,-,"Possession, possession with intent to use, keep, Use",ARTICLE IV. - ILLEGAL SMO,-,-,Civil (ARCHIVE),Sec. 1-4. -,-,-,Other paraphernalia for approved medical use,ARTICLE IV. - ILLEGAL SMO,-,-,-,-,-,-,-,-,-,-,-,-,-,-,-,-,-,-,-,-,-,-,-,-,-,-,-,-,-,-,-,-,-,-,-,-,-,-,-,-,-,-,-,-,-,-,-,-,-,-,-,-,-,-
"Allen, Collin County, Texas, United States",city,https://app.monqcle.com/org/cphlr/project/drug-paraphernalia-laws-1689792283/record/76626,DPL_2025_Consolidated,2022-12-31,2024-12-31,12,1,-,-,-,Municode,-,-,-,https://library.municode.com/tx/allen/codes/code_of_ordinances?nodeId=COOR_CH10OFIS_ARTIVILSMPR_S10-43USPOINDE,-,-,-,07/13/2010,-,-,-,-,-,-,-,03/18/2025,-,-,-,"Known, current through date published in ordinance",-,-,-,Neither (ARCHIVE),-,-,-,0,-,-,-,-,-,-,-,"Syringes, hypodermic needles, other inject/ion/ing equipment/instrument/supplies , Pipes, other smoke/ing or inhal/ing/ation equipment or supplies, Other","ARTICLE IV. - ILLEGAL SMO,ARTICLE IV. - ILLEGAL SMO","Only prohibited for possession/use with ""illegal smoking product"" defined as
""Illegal smoking product shall mean any substance, whether described as tobacco, herbs, incense, spice or any blend thereof, regardless of whether the substance is marketed for the purpose of being smoked, which includes any one (1) or more of the following chemicals:

(a)

Salviadivinorum or salvinorum A; all parts of the plant presently classified botanically as salvia divinorum, whether growing or not, the seeds thereof, any extract from any part of such plant, and every compound, manufacture, salts derivative, mixture or preparation of such plant, its seeds or extracts;

(b)

2-[(1R, 3S)-3-hydroxycyclohexyl}-5-(2-methylocatan-2-yl) phenol (also known as CP47, 497) and homologues;

(c)

(6aS, 10aS)-9-(hydroxmethyl)-6, 6-dimethyl-3-(2-methyloctan-2-yl)-6a, 7, 10, 10a-tetrahydrobenzo [c] chormen-1-ol) (also known as HU-211 or Dexanabinol);

(d)

1-Pentyl-3-(1-naphthoyl) indole (also known as JWH-018); or

(e)

Butyl-3-(1-naphthoyl) indole (also known as JWH-073).""",-,"Possession, possession with intent to use, keep, Use",ARTICLE IV. - ILLEGAL SMO,"Only prohibited for possession/use with ""illegal smoking product"" defined as
""Illegal smoking product shall mean any substance, whether described as tobacco, herbs, incense, spice or any blend thereof, regardless of whether the substance is marketed for the purpose of being smoked, which includes any one (1) or more of the following chemicals:

(a)

Salviadivinorum or salvinorum A; all parts of the plant presently classified botanically as salvia divinorum, whether growing or not, the seeds thereof, any extract from any part of such plant, and every compound, manufacture, salts derivative, mixture or preparation of such plant, its seeds or extracts;

(b)

2-[(1R, 3S)-3-hydroxycyclohexyl}-5-(2-methylocatan-2-yl) phenol (also known as CP47, 497) and homologues;

(c)

(6aS, 10aS)-9-(hydroxmethyl)-6, 6-dimethyl-3-(2-methyloctan-2-yl)-6a, 7, 10, 10a-tetrahydrobenzo [c] chormen-1-ol) (also known as HU-211 or Dexanabinol);

(d)

1-Pentyl-3-(1-naphthoyl) indole (also known as JWH-018); or

(e)

Butyl-3-(1-naphthoyl) indole (also known as JWH-073).""",-,Unspecified Fine (NEW),Sec. 1-4. -,-,-,"Syringes for approved medical use (i.e. diabetes) , Other paraphernalia for approved medical use",ARTICLE IV. - ILLEGAL SMO,-,-,-,-,-,-,-,-,-,-,-,-,-,-,-,-,-,-,-,-,-,-,-,-,-,-,-,-,-,-,-,-,-,-,-,-,-,-,-,-,-,-,-,-,-,-,-,-,-,-,-,-,-,-
"Allentown, Lehigh County, Pennsylvania, United States",city,https://app.monqcle.com/org/cphlr/project/drug-paraphernalia-laws-1689792283/record/76173,DPL_2025_Consolidated,2022-12-31,2024-12-31,1,0,-,-,-,-,-,-,-,-,-,-,-,-,-,-,-,-,-,-,-,-,-,-,-,-,-,-,-,-,-,-,-,-,-,-,-,-,-,-,-,-,-,-,-,-,-,-,-,-,-,-,-,-,-,-,-,-,-,-,-,-,-,-,-,-,-,-,-,-,-,-,-,-,-,-,-,-,-,-,-,-,-,-,-,-,-,-,-,-,-,-,-,-,-,-,-,-,-,-,-,-,-,-,-,-,-,-,-
"Allentown, Lehigh County, Pennsylvania, United States",city,https://app.monqcle.com/org/cphlr/project/drug-paraphernalia-laws-1689792283/record/64088,DPL_2023_Consolidated,2022-12-31,2023-01-01,1,0,-,-,-,-,-,-,-,-,-,-,-,-,-,-,-,-,-,-,-,-,-,-,-,-,-,-,-,-,-,-,-,-,-,-,-,-,-,-,-,-,-,-,-,-,-,-,-,-,-,-,-,-,-,-,-,-,-,-,-,-,-,-,-,-,-,-,-,-,-,-,-,-,-,-,-,-,-,-,-,-,-,-,-,-,-,-,-,-,-,-,-,-,-,-,-,-,-,-,-,-,-,-,-,-,-,-,-
"Amarillo, Potter County, Texas, United States",city,https://app.monqcle.com/org/cphlr/project/drug-paraphernalia-laws-1689792283/record/75346,DPL_2025_Consolidated,2022-12-31,2024-12-31,1,0,-,-,-,-,-,-,-,-,-,-,-,-,-,-,-,-,-,-,-,-,-,-,-,-,-,-,-,-,-,-,-,-,-,-,-,-,-,-,-,-,-,-,-,-,-,-,-,-,-,-,-,-,-,-,-,-,-,-,-,-,-,-,-,-,-,-,-,-,-,-,-,-,-,-,-,-,-,-,-,-,-,-,-,-,-,-,-,-,-,-,-,-,-,-,-,-,-,-,-,-,-,-,-,-,-,-,-
"Amarillo, Potter County, Texas, United States",city,https://app.monqcle.com/org/cphlr/project/drug-paraphernalia-laws-1689792283/record/63065,DPL_2023_Consolidated,2022-12-31,2023-01-01,1,0,-,-,-,-,-,-,-,-,-,-,-,-,-,-,-,-,-,-,-,-,-,-,-,-,-,-,-,-,-,-,-,-,-,-,-,-,-,-,-,-,-,-,-,-,-,-,-,-,-,-,-,-,-,-,-,-,-,-,-,-,-,-,-,-,-,-,-,-,-,-,-,-,-,-,-,-,-,-,-,-,-,-,-,-,-,-,-,-,-,-,-,-,-,-,-,-,-,-,-,-,-,-,-,-,-,-,-
"Anaheim, Orange County, California, United States",city,https://app.monqcle.com/org/cphlr/project/drug-paraphernalia-laws-1689792283/record/74850,DPL_2025_Consolidated,2022-12-31,2024-12-31,1,0,-,-,-,-,-,-,-,-,-,-,-,-,-,-,-,-,-,-,-,-,-,-,-,-,-,-,-,-,-,-,-,-,-,-,-,-,-,-,-,-,-,-,-,-,-,-,-,-,-,-,-,-,-,-,-,-,-,-,-,-,-,-,-,-,-,-,-,-,-,-,-,-,-,-,-,-,-,-,-,-,-,-,-,-,-,-,-,-,-,-,-,-,-,-,-,-,-,-,-,-,-,-,-,-,-,-,-
"Anaheim, Orange County, California, United States",city,https://app.monqcle.com/org/cphlr/project/drug-paraphernalia-laws-1689792283/record/64158,DPL_2023_Consolidated,2022-12-31,2023-01-01,1,0,-,-,-,-,-,-,-,-,-,-,-,-,-,-,-,-,-,-,-,-,-,-,-,-,-,-,-,-,-,-,-,-,-,-,-,-,-,-,-,-,-,-,-,-,-,-,-,-,-,-,-,-,-,-,-,-,-,-,-,-,-,-,-,-,-,-,-,-,-,-,-,-,-,-,-,-,-,-,-,-,-,-,-,-,-,-,-,-,-,-,-,-,-,-,-,-,-,-,-,-,-,-,-,-,-,-,-
"Anchorage, Alaska, United States",city,https://app.monqcle.com/org/cphlr/project/drug-paraphernalia-laws-1689792283/record/74926,DPL_2025_Consolidated,2022-12-31,2024-12-31,1,0,-,-,-,-,-,-,-,-,-,-,-,-,-,-,-,-,-,-,-,-,-,-,-,-,-,-,-,-,-,-,-,-,-,-,-,-,-,-,-,-,-,-,-,-,-,-,-,-,-,-,-,-,-,-,-,-,-,-,-,-,-,-,-,-,-,-,-,-,-,-,-,-,-,-,-,-,-,-,-,-,-,-,-,-,-,-,-,-,-,-,-,-,-,-,-,-,-,-,-,-,-,-,-,-,-,-,-
"Anchorage, Alaska, United States",city,https://app.monqcle.com/org/cphlr/project/drug-paraphernalia-laws-1689792283/record/63422,DPL_2023_Consolidated,2022-12-31,2023-01-01,1,0,-,-,-,-,-,-,-,-,-,-,-,-,-,-,-,-,-,-,-,-,-,-,-,-,-,-,-,-,-,-,-,-,-,-,-,-,-,-,-,-,-,-,-,-,-,-,-,-,-,-,-,-,-,-,-,-,-,-,-,-,-,-,-,-,-,-,-,-,-,-,-,-,-,-,-,-,-,-,-,-,-,-,-,-,-,-,-,-,-,-,-,-,-,-,-,-,-,-,-,-,-,-,-,-,-,-,-
"Ann Arbor, Washtenaw County, Michigan, United States",city,https://app.monqcle.com/org/cphlr/project/drug-paraphernalia-laws-1689792283/record/76261,DPL_2025_Consolidated,2022-12-31,2024-12-31,1,0,-,-,-,-,-,-,-,-,-,-,-,-,-,-,-,-,-,-,-,-,-,-,-,-,-,-,-,-,-,-,-,-,-,-,-,-,-,-,-,-,-,-,-,-,-,-,-,-,-,-,-,-,-,-,-,-,-,-,-,-,-,-,-,-,-,-,-,-,-,-,-,-,-,-,-,-,-,-,-,-,-,-,-,-,-,-,-,-,-,-,-,-,-,-,-,-,-,-,-,-,-,-,-,-,-,-,-
"Ann Arbor, Washtenaw County, Michigan, United States",city,https://app.monqcle.com/org/cphlr/project/drug-paraphernalia-laws-1689792283/record/63200,DPL_2023_Consolidated,2022-12-31,2023-01-01,1,0,-,-,-,-,-,-,-,-,-,-,-,-,-,-,-,-,-,-,-,-,-,-,-,-,-,-,-,-,-,-,-,-,-,-,-,-,-,-,-,-,-,-,-,-,-,-,-,-,-,-,-,-,-,-,-,-,-,-,-,-,-,-,-,-,-,-,-,-,-,-,-,-,-,-,-,-,-,-,-,-,-,-,-,-,-,-,-,-,-,-,-,-,-,-,-,-,-,-,-,-,-,-,-,-,-,-,-
"Antioch, Contra Costa County, California, United States",city,https://app.monqcle.com/org/cphlr/project/drug-paraphernalia-laws-1689792283/record/76105,DPL_2025_Consolidated,2022-12-31,2024-12-31,1,0,-,-,-,-,-,-,-,-,-,-,-,-,-,-,-,-,-,-,-,-,-,-,-,-,-,-,-,-,-,-,-,-,-,-,-,-,-,-,-,-,-,-,-,-,-,-,-,-,-,-,-,-,-,-,-,-,-,-,-,-,-,-,-,-,-,-,-,-,-,-,-,-,-,-,-,-,-,-,-,-,-,-,-,-,-,-,-,-,-,-,-,-,-,-,-,-,-,-,-,-,-,-,-,-,-,-,-
"Antioch, Contra Costa County, California, United States",city,https://app.monqcle.com/org/cphlr/project/drug-paraphernalia-laws-1689792283/record/62654,DPL_2023_Consolidated,2022-12-31,2023-01-01,1,0,-,-,-,-,-,-,-,-,-,-,-,-,-,-,-,-,-,-,-,-,-,-,-,-,-,-,-,-,-,-,-,-,-,-,-,-,-,-,-,-,-,-,-,-,-,-,-,-,-,-,-,-,-,-,-,-,-,-,-,-,-,-,-,-,-,-,-,-,-,-,-,-,-,-,-,-,-,-,-,-,-,-,-,-,-,-,-,-,-,-,-,-,-,-,-,-,-,-,-,-,-,-,-,-,-,-,-
"Arlington County, Virginia, United States",county,https://app.monqcle.com/org/cphlr/project/drug-paraphernalia-laws-1689792283/record/75077,DPL_2025_Consolidated,2022-12-31,2024-12-31,1,0,-,-,-,-,-,-,-,-,-,-,-,-,-,-,-,-,-,-,-,-,-,-,-,-,-,-,-,-,-,-,-,-,-,-,-,-,-,-,-,-,-,-,-,-,-,-,-,-,-,-,-,-,-,-,-,-,-,-,-,-,-,-,-,-,-,-,-,-,-,-,-,-,-,-,-,-,-,-,-,-,-,-,-,-,-,-,-,-,-,-,-,-,-,-,-,-,-,-,-,-,-,-,-,-,-,-,-
"Arlington County, Virginia, United States",county,https://app.monqcle.com/org/cphlr/project/drug-paraphernalia-laws-1689792283/record/63820,DPL_2023_Consolidated,2022-12-31,2023-01-01,1,0,-,-,-,-,-,-,-,-,-,-,-,-,-,-,-,-,-,-,-,-,-,-,-,-,-,-,-,-,-,-,-,-,-,-,-,-,-,-,-,-,-,-,-,-,-,-,-,-,-,-,-,-,-,-,-,-,-,-,-,-,-,-,-,-,-,-,-,-,-,-,-,-,-,-,-,-,-,-,-,-,-,-,-,-,-,-,-,-,-,-,-,-,-,-,-,-,-,-,-,-,-,-,-,-,-,-,-
"Arlington Heights, Cook County, Illinois, United States",city,https://app.monqcle.com/org/cphlr/project/drug-paraphernalia-laws-1689792283/record/74673,DPL_2025_Consolidated,2024-01-01,2024-12-31,15,1,-,-,-,Municode,-,-,-,https://library.municode.com/il/arlington_heights/codes/municipal_code?nodeId=CH8PUSAMOWE_ARTIXDRPA,-,-,-,-,-,-,-,01/01/2024,-,-,-,09/30/2025,-,-,-,"Known, current through date published in ordinance",-,-,-,State (ARCHIVE) ,-,-,-,1,"Article IX Drug Paraphern,Article IX Drug Paraphern",-,-,720 ILCS 600/2; 410 ILCS 705/1 et seq.; 410 ILCS 130/1 et seq,-,-,-,"Syringes, hypodermic needles, other inject/ion/ing equipment/instrument/supplies , Pipes, other smoke/ing or inhal/ing/ation equipment or supplies, Drug test/ing or check/ing equipment or supplies, Other",720 ILCS 600/2,-,-,"Possession, possession with intent to use, keep, Use, Advertising, display, Manufacturing, manufacture with intent to deliver or sell",Article IX Drug Para...,-,-,"Unspecified Fine (NEW), Forfeiture/Seizure",Article IX Drug Para...,-,-,"Paraphernalia for consumption of cannabis, generally or medical use (NEW), Drug checking/testing equipment for fentanyl or fentanyl analogues ","720 ILCS 600/2,720 ILCS 600/2",-,-,-,-,-,-,-,-,-,-,"Possession, Use",-,-,-,-,-,-,-,"Possession, Use, Distribution, Other",-,"advertising, manufacturing",-,-,-,-,-,-,-,-,-,-,-,-,-,-,-,-,-,-,-,-,-,-,-,-,-,-,-,-,-,-,-,-,-
"Arlington Heights, Cook County, Illinois, United States",city,https://app.monqcle.com/org/cphlr/project/drug-paraphernalia-laws-1689792283/record/74414,DPL_2025_PS,2024-01-01,2025-06-30,15,1,-,-,-,Municode,-,-,-,https://library.municode.com/il/arlington_heights/codes/municipal_code?nodeId=CH8PUSAMOWE_ARTIXDRPA,-,-,-,07/27/2021,-,-,-,-,-,-,-,09/30/2025,-,-,-,"Known, current through date published in ordinance",-,-,-,State (ARCHIVE) ,-,-,-,1,"Article IX Drug Paraphern,Article IX Drug Paraphern",-,-,720 ILCS 600/2; 410 ILCS 705/1 et seq.; 410 ILCS 130/1 et seq,-,-,-,"Syringes, hypodermic needles, other inject/ion/ing equipment/instrument/supplies , Pipes, other smoke/ing or inhal/ing/ation equipment or supplies, Drug test/ing or check/ing equipment or supplies, Other",720 ILCS 600/2,-,-,"Delivery, possession with intent to deliver/distribute, distribution, transfer, furnish, exchange (NEW), Use, Advertising, display, Manufacturing, manufacture with intent to deliver or sell",Article IX Drug Para...,-,-,"Unspecified Fine (NEW), Forfeiture/Seizure",Article IX Drug Para...,-,-,"Paraphernalia for consumption of cannabis, generally or medical use (NEW), Drug checking/testing equipment for fentanyl or fentanyl analogues ","720 ILCS 600/2,Article IX Drug Paraphern",-,-,-,-,-,-,-,-,-,-,"Possession, Distribution, Other",-,-,-,-,-,-,-,"Possession, Distribution, Other",-,-,-,-,-,-,-,-,-,-,-,-,-,-,-,-,-,-,-,-,-,-,-,-,-,-,-,-,-,-,-,-,-,-,-
"Arlington Heights, Cook County, Illinois, United States",city,https://app.monqcle.com/org/cphlr/project/drug-paraphernalia-laws-1689792283/record/74477,DPL_2025_Consolidated,2022-12-31,2023-12-31,14,1,-,-,-,Municode,-,-,-,https://library.municode.com/il/arlington_heights/codes/municipal_code?nodeId=CH8PUSAMOWE_ARTIXDRPA,-,-,-,07/27/2021,-,-,-,-,-,-,-,09/30/2025,-,-,-,"Known, current through date published in ordinance",-,-,-,State (ARCHIVE) ,-,-,-,1,"Article IX Drug Paraphern,Article IX Drug Paraphern",-,-,720 ILCS 600/2; 410 ILCS 705/1 et seq.; 410 ILCS 130/1 et seq,-,-,-,"Syringes, hypodermic needles, other inject/ion/ing equipment/instrument/supplies , Pipes, other smoke/ing or inhal/ing/ation equipment or supplies, Drug test/ing or check/ing equipment or supplies, Other",720 ILCS 600/2,-,-,"Delivery, possession with intent to deliver/distribute, distribution, transfer, furnish, exchange (NEW), Possession, possession with intent to use, keep, Use, Advertising, display, Manufacturing, manufacture with intent to deliver or sell",Article IX Drug Para...,-,-,"Unspecified Fine (NEW), Forfeiture/Seizure",Article IX Drug Para...,-,-,"Paraphernalia for consumption of cannabis, generally or medical use (NEW)",720 ILCS 600/2,-,-,-,-,-,-,-,-,-,-,"Possession, Use",-,-,-,-,-,-,-,-,-,-,-,-,-,-,-,-,-,-,-,-,-,-,-,-,-,-,-,-,-,-,-,-,-,-,-,-,-,-,-,-,-,-,-
"Arlington Heights, Cook County, Illinois, United States",city,https://app.monqcle.com/org/cphlr/project/drug-paraphernalia-laws-1689792283/record/63824,DPL_2023_Consolidated,2022-12-31,2023-01-01,11,1,-,-,-,self-published,-,-,-,https://ldms.vah.com/WebLink/DocView.aspx?id=585229&dbid=0&repo=Village-of-Arlington-Heights,-,-,-,07/27/2021,-,-,-,-,-,-,-,11/14/2023,-,-,-,"Known, current through date published in ordinance",-,-,-,State (ARCHIVE) ,Article IX Drug Para...,-,-,-,-,-,-,-,-,-,-,"Syringes, hypodermic needles, other inject/ion/ing equipment/instrument/supplies , Pipes, other smoke/ing or inhal/ing/ation equipment or supplies, Drug test/ing or check/ing equipment or supplies, Other",720 ILCS 600/2,-,-,"Non-sale distribution/delivery (ARCHIVE), Possession, possession with intent to use, keep, Use, Advertising, display, Manufacturing, manufacture with intent to deliver or sell",Article IX Drug Para...,-,-,"Civil (ARCHIVE), Forfeiture/Seizure",Article IX Drug Para...,-,-,"Paraphernalia for consumption of cannabis, generally (ARCHIVE)",Article IX Drug Para...,-,-,-,-,-,-,-,-,-,-,-,-,-,-,-,-,-,-,-,-,-,-,-,-,-,-,-,-,-,-,-,-,-,-,-,-,-,-,-,-,-,-,-,-,-,-,-,-,-,-,-,-,-,-
"Arlington, Middlesex County, Massachusetts, United States",city,https://app.monqcle.com/org/cphlr/project/drug-paraphernalia-laws-1689792283/record/62871,DPL_2023_Consolidated,2022-12-31,2023-01-01,1,0,-,-,-,-,-,-,-,-,-,-,-,-,-,-,-,-,-,-,-,-,-,-,-,-,-,-,-,-,-,-,-,-,-,-,-,-,-,-,-,-,-,-,-,-,-,-,-,-,-,-,-,-,-,-,-,-,-,-,-,-,-,-,-,-,-,-,-,-,-,-,-,-,-,-,-,-,-,-,-,-,-,-,-,-,-,-,-,-,-,-,-,-,-,-,-,-,-,-,-,-,-,-,-,-,-,-,-
"Arlington, Tarrant County, Texas, United States",city,https://app.monqcle.com/org/cphlr/project/drug-paraphernalia-laws-1689792283/record/74811,DPL_2025_Consolidated,2022-12-31,2024-12-31,1,0,-,-,-,-,-,-,-,-,-,-,-,-,-,-,-,-,-,-,-,-,-,-,-,-,-,-,-,-,-,-,-,-,-,-,-,-,-,-,-,-,-,-,-,-,-,-,-,-,-,-,-,-,-,-,-,-,-,-,-,-,-,-,-,-,-,-,-,-,-,-,-,-,-,-,-,-,-,-,-,-,-,-,-,-,-,-,-,-,-,-,-,-,-,-,-,-,-,-,-,-,-,-,-,-,-,-,-
"Arlington, Tarrant County, Texas, United States",city,https://app.monqcle.com/org/cphlr/project/drug-paraphernalia-laws-1689792283/record/74749,DPL_2025_JD,2022-12-31,2024-12-31,1,0,-,-,-,-,-,-,-,-,-,-,-,-,-,-,-,-,-,-,-,-,-,-,-,-,-,-,-,-,-,-,-,-,-,-,-,-,-,-,-,-,-,-,-,-,-,-,-,-,-,-,-,-,-,-,-,-,-,-,-,-,-,-,-,-,-,-,-,-,-,-,-,-,-,-,-,-,-,-,-,-,-,-,-,-,-,-,-,-,-,-,-,-,-,-,-,-,-,-,-,-,-,-,-,-,-,-,-
"Arvada, Jefferson County, Colorado, United States",city,https://app.monqcle.com/org/cphlr/project/drug-paraphernalia-laws-1689792283/record/63732,DPL_2023_Consolidated,2022-12-31,2023-01-01,11,1,-,-,-,Municode,-,-,-,https://library.municode.com/co/arvada/codes/code_of_ordinances?nodeId=PTIICOOR_CH62OF_ARTVIIIMAOF_S62-214OFREDRPAMAAC,-,-,-,07/01/2013,-,-,-,-,-,-,-,10/26/2023,-,-,-,"Known, current through date published in ordinance",-,-,-,State (ARCHIVE) ,Sec. 62-214. -,-,-,-,-,-,-,-,-,-,-,"Syringes, hypodermic needles, other inject/ion/ing equipment/instrument/supplies , Pipes, other smoke/ing or inhal/ing/ation equipment or supplies, Other",Colorado Revised Statutes Title 18. Criminal Code § 18-18-426,-,-,"Sales (ARCHIVE), Non-sale distribution/delivery (ARCHIVE), Possession, possession with intent to use, keep, Advertising, display, Manufacturing, manufacture with intent to deliver or sell",Sec. 62-214. - Offenses r,-,-,Criminal (ARCHIVE) ,Sec. 62-214. - Offenses r,-,-,"Paraphernalia for consumption of cannabis, generally (ARCHIVE), Drug checking/testing equipment, generally",Colorado Revised Statutes Title 18. Criminal Code § 18-18-426,-,-,-,-,-,-,-,-,-,-,-,-,-,-,-,-,-,-,-,-,-,-,-,-,-,-,-,-,-,-,-,-,-,-,-,-,-,-,-,-,-,-,-,-,-,-,-,-,-,-,-,-,-,-
"Arvada, Jefferson County, Colorado, United States",city,https://app.monqcle.com/org/cphlr/project/drug-paraphernalia-laws-1689792283/record/76268,DPL_2025_Consolidated,2022-12-31,2024-12-31,15,1,-,-,-,Municode,-,-,-,https://library.municode.com/co/arvada/codes/code_of_ordinances?nodeId=PTIICOOR_CH62OF_ARTVIIIMAOF_S62-214OFREDRPAMAAC,-,-,-,07/01/2013,-,-,-,-,-,-,-,10/06/2025,-,-,-,"Known, current through date published in ordinance",-,-,-,State (ARCHIVE) ,-,-,-,1,Sec. 62-214. - Offenses r,-,-,C.R.S. § 18-18-426,-,-,-,"Syringes, hypodermic needles, other inject/ion/ing equipment/instrument/supplies , Pipes, other smoke/ing or inhal/ing/ation equipment or supplies, Other",Colorado Revised Statutes Title 18. Criminal Code § 18-18-426,-,-,"Sales, possession with intent to sell, offer for sale (NEW), Delivery, possession with intent to deliver/distribute, distribution, transfer, furnish, exchange (NEW), Possession, possession with intent to use, keep, Advertising, display, Manufacturing, manufacture with intent to deliver or sell",Sec. 62-214. - Offenses r,-,-,Unspecified Fine (NEW),Sec. 62-214. - Offenses r,-,-,"Paraphernalia for consumption of cannabis, generally or medical use (NEW), Drug checking/testing equipment, generally",Colorado Revised Statutes Title 18. Criminal Code § 18-18-426,-,-,-,-,-,-,-,-,-,-,"Possession, Distribution, Sales, Other",-,"manufacturing, advertising",-,"Possession, Distribution, Sales, Other",-,"manufacturing, advertising",-,-,-,-,-,-,-,-,-,-,-,-,-,-,-,-,-,-,-,-,-,-,-,-,-,-,-,-,-,-,-,-,-,-,-,-,-
"Asheville, Buncombe County, North Carolina, United States",city,https://app.monqcle.com/org/cphlr/project/drug-paraphernalia-laws-1689792283/record/76698,DPL_2025_Consolidated,2022-12-31,2024-12-31,1,0,-,-,-,-,-,-,-,-,-,-,-,-,-,-,-,-,-,-,-,-,-,-,-,-,-,-,-,-,-,-,-,-,-,-,-,-,-,-,-,-,-,-,-,-,-,-,-,-,-,-,-,-,-,-,-,-,-,-,-,-,-,-,-,-,-,-,-,-,-,-,-,-,-,-,-,-,-,-,-,-,-,-,-,-,-,-,-,-,-,-,-,-,-,-,-,-,-,-,-,-,-,-,-,-,-,-,-
"Asheville, Buncombe County, North Carolina, United States",city,https://app.monqcle.com/org/cphlr/project/drug-paraphernalia-laws-1689792283/record/62816,DPL_2023_Consolidated,2022-12-31,2023-01-01,1,0,-,-,-,-,-,-,-,-,-,-,-,-,-,-,-,-,-,-,-,-,-,-,-,-,-,-,-,-,-,-,-,-,-,-,-,-,-,-,-,-,-,-,-,-,-,-,-,-,-,-,-,-,-,-,-,-,-,-,-,-,-,-,-,-,-,-,-,-,-,-,-,-,-,-,-,-,-,-,-,-,-,-,-,-,-,-,-,-,-,-,-,-,-,-,-,-,-,-,-,-,-,-,-,-,-,-,-
"Athens, Clarke County, Georgia, United States",city,https://app.monqcle.com/org/cphlr/project/drug-paraphernalia-laws-1689792283/record/64165,DPL_2023_Consolidated,2022-12-31,2023-01-01,1,0,-,-,-,-,-,-,-,-,-,-,-,-,-,-,-,-,-,-,-,-,-,-,-,-,-,-,-,-,-,-,-,-,-,-,-,-,-,-,-,-,-,-,-,-,-,-,-,-,-,-,-,-,-,-,-,-,-,-,-,-,-,-,-,-,-,-,-,-,-,-,-,-,-,-,-,-,-,-,-,-,-,-,-,-,-,-,-,-,-,-,-,-,-,-,-,-,-,-,-,-,-,-,-,-,-,-,-
"Athens, Clarke County, Georgia, United States",city,https://app.monqcle.com/org/cphlr/project/drug-paraphernalia-laws-1689792283/record/75894,DPL_2025_Consolidated,2022-12-31,2024-12-31,1,0,-,-,-,-,-,-,-,-,-,-,-,-,-,-,-,-,-,-,-,-,-,-,-,-,-,-,-,-,-,-,-,-,-,-,-,-,-,-,-,-,-,-,-,-,-,-,-,-,-,-,-,-,-,-,-,-,-,-,-,-,-,-,-,-,-,-,-,-,-,-,-,-,-,-,-,-,-,-,-,-,-,-,-,-,-,-,-,-,-,-,-,-,-,-,-,-,-,-,-,-,-,-,-,-,-,-,-
"Atlanta, Fulton County, Georgia, United States",city,https://app.monqcle.com/org/cphlr/project/drug-paraphernalia-laws-1689792283/record/63638,DPL_2023_Consolidated,2022-12-31,2023-01-01,1,0,-,-,-,-,-,-,-,-,-,-,-,-,-,-,-,-,-,-,-,-,-,-,-,-,-,-,-,-,-,-,-,-,-,-,-,-,-,-,-,-,-,-,-,-,-,-,-,-,-,-,-,-,-,-,-,-,-,-,-,-,-,-,-,-,-,-,-,-,-,-,-,-,-,-,-,-,-,-,-,-,-,-,-,-,-,-,-,-,-,-,-,-,-,-,-,-,-,-,-,-,-,-,-,-,-,-,-
"Atlanta, Fulton County, Georgia, United States",city,https://app.monqcle.com/org/cphlr/project/drug-paraphernalia-laws-1689792283/record/74807,DPL_2025_Consolidated,2022-12-31,2024-12-31,1,0,-,-,-,-,-,-,-,-,-,-,-,-,-,-,-,-,-,-,-,-,-,-,-,-,-,-,-,-,-,-,-,-,-,-,-,-,-,-,-,-,-,-,-,-,-,-,-,-,-,-,-,-,-,-,-,-,-,-,-,-,-,-,-,-,-,-,-,-,-,-,-,-,-,-,-,-,-,-,-,-,-,-,-,-,-,-,-,-,-,-,-,-,-,-,-,-,-,-,-,-,-,-,-,-,-,-,-
"Auburn, King County, Washington, United States",city,https://app.monqcle.com/org/cphlr/project/drug-paraphernalia-laws-1689792283/record/63491,DPL_2023_Consolidated,2022-12-31,2023-01-01,1,0,-,-,-,-,-,-,-,-,-,-,-,-,-,-,-,-,-,-,-,-,-,-,-,-,-,-,-,-,-,-,-,-,-,-,-,-,-,-,-,-,-,-,-,-,-,-,-,-,-,-,-,-,-,-,-,-,-,-,-,-,-,-,-,-,-,-,-,-,-,-,-,-,-,-,-,-,-,-,-,-,-,-,-,-,-,-,-,-,-,-,-,-,-,-,-,-,-,-,-,-,-,-,-,-,-,-,-
"Auburn, King County, Washington, United States",city,https://app.monqcle.com/org/cphlr/project/drug-paraphernalia-laws-1689792283/record/77414,DPL_2025_Consolidated,2022-12-31,2024-12-31,1,0,-,-,-,-,-,-,-,-,-,-,-,-,-,-,-,-,-,-,-,-,-,-,-,-,-,-,-,-,-,-,-,-,-,-,-,-,-,-,-,-,-,-,-,-,-,-,-,-,-,-,-,-,-,-,-,-,-,-,-,-,-,-,-,-,-,-,-,-,-,-,-,-,-,-,-,-,-,-,-,-,-,-,-,-,-,-,-,-,-,-,-,-,-,-,-,-,-,-,-,-,-,-,-,-,-,-,-
"Augusta, Richmond County, Georgia, United States",city,https://app.monqcle.com/org/cphlr/project/drug-paraphernalia-laws-1689792283/record/75420,DPL_2025_Consolidated,2022-12-31,2024-12-31,1,0,-,-,-,-,-,-,-,-,-,-,-,-,-,-,-,-,-,-,-,-,-,-,-,-,-,-,-,-,-,-,-,-,-,-,-,-,-,-,-,-,-,-,-,-,-,-,-,-,-,-,-,-,-,-,-,-,-,-,-,-,-,-,-,-,-,-,-,-,-,-,-,-,-,-,-,-,-,-,-,-,-,-,-,-,-,-,-,-,-,-,-,-,-,-,-,-,-,-,-,-,-,-,-,-,-,-,-
"Augusta, Richmond County, Georgia, United States",city,https://app.monqcle.com/org/cphlr/project/drug-paraphernalia-laws-1689792283/record/63069,DPL_2023_Consolidated,2022-12-31,2023-01-01,1,0,-,-,-,-,-,-,-,-,-,-,-,-,-,-,-,-,-,-,-,-,-,-,-,-,-,-,-,-,-,-,-,-,-,-,-,-,-,-,-,-,-,-,-,-,-,-,-,-,-,-,-,-,-,-,-,-,-,-,-,-,-,-,-,-,-,-,-,-,-,-,-,-,-,-,-,-,-,-,-,-,-,-,-,-,-,-,-,-,-,-,-,-,-,-,-,-,-,-,-,-,-,-,-,-,-,-,-
"Aurora, Adams County, Colorado, United States",city,https://app.monqcle.com/org/cphlr/project/drug-paraphernalia-laws-1689792283/record/74960,DPL_2025_Consolidated,2022-12-31,2024-12-31,14,1,-,-,-,Code Publishing Company,-,-,-,https://aurora.municipal.codes/Code/94-221,-,-,-,01/25/2016,-,-,-,-,-,-,-,08/25/2025,-,-,-,"Known, current through date published in ordinance",-,-,-,State (ARCHIVE) ,-,-,-,0,-,-,-,-,-,-,-,"Syringes, hypodermic needles, other inject/ion/ing equipment/instrument/supplies , Pipes, other smoke/ing or inhal/ing/ation equipment or supplies, Drug test/ing or check/ing equipment or supplies, Other","Sec. 94-220. Drug paraphe,Sec. 94-220",-,-,"Sales, possession with intent to sell, offer for sale (NEW), Delivery, possession with intent to deliver/distribute, distribution, transfer, furnish, exchange (NEW), Possession, possession with intent to use, keep, Advertising, display, Manufacturing, manufacture with intent to deliver or sell","Sec. 94-221. Drug paraphe,Sec. 94-221. Drug paraphe",-,-,Unspecified Fine (NEW),Sec. 94-221. Drug paraphe,-,-,"Paraphernalia for consumption of cannabis, generally or medical use (NEW), Syringes from syringe services, harm reduction programs, or supervised use sites (NEW)","Sec. 94-221. Drug paraphe,Sec. 94-221. Drug paraphe",-,-,-,-,-,-,Possession,-,-,-,"Possession, Distribution, Sales, Other",-,"Manufacture, Display",-,-,-,-,-,-,-,-,-,-,-,-,-,-,-,-,-,-,-,-,-,-,-,-,-,-,-,-,-,-,-,-,-,-,-,-,-,-,-,-,-
"Aurora, Adams County, Colorado, United States",city,https://app.monqcle.com/org/cphlr/project/drug-paraphernalia-laws-1689792283/record/63833,DPL_2023_Consolidated,2022-12-31,2023-01-01,11,1,-,-,-,Self-published,-,-,-,https://aurora.municipal.codes/Code/94-221,-,-,-,01/25/2016,-,-,-,-,-,-,-,08/28/2023,-,-,-,"Known, current through date published in ordinance",-,-,-,State (ARCHIVE) ,Sec. 94-220,-,-,-,-,-,-,-,-,-,-,"Syringes, hypodermic needles, other inject/ion/ing equipment/instrument/supplies , Pipes, other smoke/ing or inhal/ing/ation equipment or supplies, Drug test/ing or check/ing equipment or supplies, Other","Sec. 94-220,Sec. 94-220. Drug paraphe",-,-,"Sales (ARCHIVE), Non-sale distribution/delivery (ARCHIVE), Possession, possession with intent to use, keep, Advertising, display, Manufacturing, manufacture with intent to deliver or sell","Sec. 94-221. Drug paraphe,Sec. 94-221. Drug paraphe",-,-,Criminal (ARCHIVE) ,Sec. 94-221. Drug paraphe,-,-,"Paraphernalia for consumption of cannabis, generally (ARCHIVE), Syringe services or harm reduction programs specifically, supervised use sites (ARCHIVE)","Sec. 94-221. Drug paraphe,Sec. 94-221. Drug paraphe",-,-,-,-,-,-,-,-,-,-,-,-,-,-,-,-,-,-,-,-,-,-,-,-,-,-,-,-,-,-,-,-,-,-,-,-,-,-,-,-,-,-,-,-,-,-,-,-,-,-,-,-,-,-
"Aurora, Kane County, Illinois, United States",city,https://app.monqcle.com/org/cphlr/project/drug-paraphernalia-laws-1689792283/record/63874,DPL_2023_Consolidated,2022-12-31,2023-01-01,11,1,-,-,-,Municode,-,-,-,https://aurora-il.municipalcodeonline.com/book?type=ordinances#name=ARTICLE_29-IX_DRUG_PARAPHERNALIA_VIOLATIONS_AND_REGULATION_OF_USE_OF_CANNABIS,-,-,-,12/10/2019,-,-,-,-,-,-,-,12/05/2023,-,-,-,"Known, current through date published in ordinance",-,-,-,State (ARCHIVE) ,ARTICLE 29-IX DRUG PARAPH,-,-,-,-,-,-,-,-,-,-,"Syringes, hypodermic needles, other inject/ion/ing equipment/instrument/supplies , Pipes, other smoke/ing or inhal/ing/ation equipment or supplies, Drug test/ing or check/ing equipment or supplies, Other",ARTICLE 29-IX DRUG P...,-,-,"Sales (ARCHIVE), Non-sale distribution/delivery (ARCHIVE), Possession, possession with intent to use, keep, Use, Advertising, display, Manufacturing, manufacture with intent to deliver or sell, Other","ARTICLE 29-IX DRUG P...,ARTICLE 29-IX DRUG P...",-,-,Civil (ARCHIVE),ARTICLE 29-IX DRUG P...,-,-,None,-,-,-,-,-,-,-,-,-,-,-,-,-,-,-,-,-,-,-,-,-,-,-,-,-,-,-,-,-,-,-,-,-,-,-,-,-,-,-,-,-,-,-,-,-,-,-,-,-,-,-,-,-,-,-
"Aurora, Kane County, Illinois, United States",city,https://app.monqcle.com/org/cphlr/project/drug-paraphernalia-laws-1689792283/record/75482,DPL_2025_Consolidated,2022-12-31,2024-12-31,12,1,-,-,-,Municode,-,-,-,https://aurora-il.municipalcodeonline.com/book?type=ordinances#name=ARTICLE_29-IX_DRUG_PARAPHERNALIA_VIOLATIONS_AND_REGULATION_OF_USE_OF_CANNABIS,-,-,-,12/10/2019,-,-,-,-,-,-,-,08/26/2025,-,-,-,"Known, current through date published in ordinance",-,-,-,State (ARCHIVE) ,-,-,-,0,-,-,-,-,-,-,-,"Syringes, hypodermic needles, other inject/ion/ing equipment/instrument/supplies , Pipes, other smoke/ing or inhal/ing/ation equipment or supplies, Drug test/ing or check/ing equipment or supplies, Other",ARTICLE 29-IX DRUG P...,-,-,"Sales, possession with intent to sell, offer for sale (NEW), Delivery, possession with intent to deliver/distribute, distribution, transfer, furnish, exchange (NEW), Possession, possession with intent to use, keep, Use, Advertising, display, Manufacturing, manufacture with intent to deliver or sell","ARTICLE 29-IX DRUG P...,ARTICLE 29-IX DRUG P...",-,-,Civil Fine (NEW),ARTICLE 29-IX DRUG P...,-,-,None,-,-,-,-,-,-,-,-,-,-,-,-,-,-,-,-,-,-,-,-,-,-,-,-,-,-,-,-,-,-,-,-,-,-,-,-,-,-,-,-,-,-,-,-,-,-,-,-,-,-,-,-,-,-,-
"Austin, Travis County, Texas, United States",city,https://app.monqcle.com/org/cphlr/project/drug-paraphernalia-laws-1689792283/record/62924,DPL_2023_Consolidated,2022-12-31,2023-01-01,1,0,-,-,-,-,-,-,-,-,-,-,-,-,-,-,-,-,-,-,-,-,-,-,-,-,-,-,-,-,-,-,-,-,-,-,-,-,-,-,-,-,-,-,-,-,-,-,-,-,-,-,-,-,-,-,-,-,-,-,-,-,-,-,-,-,-,-,-,-,-,-,-,-,-,-,-,-,-,-,-,-,-,-,-,-,-,-,-,-,-,-,-,-,-,-,-,-,-,-,-,-,-,-,-,-,-,-,-
"Austin, Travis County, Texas, United States",city,https://app.monqcle.com/org/cphlr/project/drug-paraphernalia-laws-1689792283/record/74624,DPL_2025_Consolidated,2022-12-31,2024-12-31,1,0,-,-,-,-,-,-,-,-,-,-,-,-,-,-,-,-,-,-,-,-,-,-,-,-,-,-,-,-,-,-,-,-,-,-,-,-,-,-,-,-,-,-,-,-,-,-,-,-,-,-,-,-,-,-,-,-,-,-,-,-,-,-,-,-,-,-,-,-,-,-,-,-,-,-,-,-,-,-,-,-,-,-,-,-,-,-,-,-,-,-,-,-,-,-,-,-,-,-,-,-,-,-,-,-,-,-,-
"Avondale, Maricopa County, Arizona, United States",city,https://app.monqcle.com/org/cphlr/project/drug-paraphernalia-laws-1689792283/record/77233,DPL_2025_Consolidated,2022-12-31,2024-12-31,1,0,-,-,-,-,-,-,-,-,-,-,-,-,-,-,-,-,-,-,-,-,-,-,-,-,-,-,-,-,-,-,-,-,-,-,-,-,-,-,-,-,-,-,-,-,-,-,-,-,-,-,-,-,-,-,-,-,-,-,-,-,-,-,-,-,-,-,-,-,-,-,-,-,-,-,-,-,-,-,-,-,-,-,-,-,-,-,-,-,-,-,-,-,-,-,-,-,-,-,-,-,-,-,-,-,-,-,-
"Avondale, Maricopa County, Arizona, United States",city,https://app.monqcle.com/org/cphlr/project/drug-paraphernalia-laws-1689792283/record/63897,DPL_2023_Consolidated,2022-12-31,2023-01-01,1,0,-,-,-,-,-,-,-,-,-,-,-,-,-,-,-,-,-,-,-,-,-,-,-,-,-,-,-,-,-,-,-,-,-,-,-,-,-,-,-,-,-,-,-,-,-,-,-,-,-,-,-,-,-,-,-,-,-,-,-,-,-,-,-,-,-,-,-,-,-,-,-,-,-,-,-,-,-,-,-,-,-,-,-,-,-,-,-,-,-,-,-,-,-,-,-,-,-,-,-,-,-,-,-,-,-,-,-
"Bakersfield, Kern County, California, United States",city,https://app.monqcle.com/org/cphlr/project/drug-paraphernalia-laws-1689792283/record/74841,DPL_2025_Consolidated,2022-12-31,2024-12-31,1,0,-,-,-,-,-,-,-,-,-,-,-,-,-,-,-,-,-,-,-,-,-,-,-,-,-,-,-,-,-,-,-,-,-,-,-,-,-,-,-,-,-,-,-,-,-,-,-,-,-,-,-,-,-,-,-,-,-,-,-,-,-,-,-,-,-,-,-,-,-,-,-,-,-,-,-,-,-,-,-,-,-,-,-,-,-,-,-,-,-,-,-,-,-,-,-,-,-,-,-,-,-,-,-,-,-,-,-
"Bakersfield, Kern County, California, United States",city,https://app.monqcle.com/org/cphlr/project/drug-paraphernalia-laws-1689792283/record/63993,DPL_2023_Consolidated ,2022-12-31,2023-01-01,1,0,-,-,-,-,-,-,-,-,-,-,-,-,-,-,-,-,-,-,-,-,-,-,-,-,-,-,-,-,-,-,-,-,-,-,-,-,-,-,-,-,-,-,-,-,-,-,-,-,-,-,-,-,-,-,-,-,-,-,-,-,-,-,-,-,-,-,-,-,-,-,-,-,-,-,-,-,-,-,-,-,-,-,-,-,-,-,-,-,-,-,-,-,-,-,-,-,-,-,-,-,-,-,-,-,-,-,-
"Baldwin Park, Los Angeles County, California, 91706, United States",postcode,https://app.monqcle.com/org/cphlr/project/drug-paraphernalia-laws-1689792283/record/77154,DPL_2025_Consolidated,2022-12-31,2024-12-31,1,0,-,-,-,-,-,-,-,-,-,-,-,-,-,-,-,-,-,-,-,-,-,-,-,-,-,-,-,-,-,-,-,-,-,-,-,-,-,-,-,-,-,-,-,-,-,-,-,-,-,-,-,-,-,-,-,-,-,-,-,-,-,-,-,-,-,-,-,-,-,-,-,-,-,-,-,-,-,-,-,-,-,-,-,-,-,-,-,-,-,-,-,-,-,-,-,-,-,-,-,-,-,-,-,-,-,-,-
"Baldwin Park, Los Angeles County, California, 91706, United States",postcode,https://app.monqcle.com/org/cphlr/project/drug-paraphernalia-laws-1689792283/record/63251,DPL_2023_Consolidated,2022-12-31,2023-01-01,1,0,-,-,-,-,-,-,-,-,-,-,-,-,-,-,-,-,-,-,-,-,-,-,-,-,-,-,-,-,-,-,-,-,-,-,-,-,-,-,-,-,-,-,-,-,-,-,-,-,-,-,-,-,-,-,-,-,-,-,-,-,-,-,-,-,-,-,-,-,-,-,-,-,-,-,-,-,-,-,-,-,-,-,-,-,-,-,-,-,-,-,-,-,-,-,-,-,-,-,-,-,-,-,-,-,-,-,-
"Baltimore, Maryland, United States",city,https://app.monqcle.com/org/cphlr/project/drug-paraphernalia-laws-1689792283/record/64123,DPL_2023_Consolidated,2022-12-31,2023-01-01,1,0,-,-,-,-,-,-,-,-,-,-,-,-,-,-,-,-,-,-,-,-,-,-,-,-,-,-,-,-,-,-,-,-,-,-,-,-,-,-,-,-,-,-,-,-,-,-,-,-,-,-,-,-,-,-,-,-,-,-,-,-,-,-,-,-,-,-,-,-,-,-,-,-,-,-,-,-,-,-,-,-,-,-,-,-,-,-,-,-,-,-,-,-,-,-,-,-,-,-,-,-,-,-,-,-,-,-,-
"Baltimore, Maryland, United States",city,https://app.monqcle.com/org/cphlr/project/drug-paraphernalia-laws-1689792283/record/74889,DPL_2025_JD,2022-12-31,2024-12-31,11,1,-,-,-,Self-published,-,-,-,https://codes.baltimorecity.gov/us/md/cities/baltimore/code/19/17-1#(b),-,-,-,07/15/2003,-,month and day imputed,-,-,-,-,-,09/15/2025,-,-,-,"Known, current through date published in ordinance",-,-,-,-,-,-,-,0,-,-,-,-,-,-,-,"Pipes, other smoke/ing or inhal/ing/ation equipment or supplies, Other",Subtitle 17 Drugs - Parap,-,-,"Sales, possession with intent to sell, offer for sale (NEW), Delivery, possession with intent to deliver/distribute, distribution, transfer, furnish, exchange (NEW), Possession, possession with intent to use, keep, Use, Advertising, display","Subtitle 17 Drugs - Parap,Subtitle 17 Drugs - Parap,Subtitle 17 Drugs - Parap",-,-,"Misdemeanor (NEW), Unspecified Fine (NEW), Incarceration (NEW)",Subtitle 17 Drugs - Parap,-,-,None,-,-,-,-,-,-,-,-,-,-,-,-,-,-,-,-,-,-,-,-,-,-,-,-,-,-,-,-,-,-,-,-,-,-,-,-,-,-,-,-,-,-,-,-,-,-,-,-,-,-,-,-,-,-,-
"Baltimore, Maryland, United States",city,https://app.monqcle.com/org/cphlr/project/drug-paraphernalia-laws-1689792283/record/78358,DPL_2025_Consolidated,2022-12-31,2024-12-31,11,1,-,-,-,self-published,-,-,-,https://codes.baltimorecity.gov/us/md/cities/baltimore/code/19/17,-,-,-,07/15/2003,-,month and date imputed; unknown date at bottom of ordinance ,-,-,-,-,-,09/15/2025,-,-,-,"Known, current through date published in ordinance",-,-,-,-,-,-,-,0,-,-,-,-,-,-,-,"Pipes, other smoke/ing or inhal/ing/ation equipment or supplies, Other",Subtitle 17 Drugs - Parap,-,-,"Sales, possession with intent to sell, offer for sale (NEW), Delivery, possession with intent to deliver/distribute, distribution, transfer, furnish, exchange (NEW), Possession, possession with intent to use, keep, Use, Advertising, display","Subtitle 17 Drugs - Parap,Subtitle 17 Drugs - Parap,Subtitle 17 Drugs - Parap",-,-,"Misdemeanor (NEW), Unspecified Fine (NEW), Incarceration (NEW)",Subtitle 17 Drugs - Parap,-,-,None,-,-,-,-,-,-,-,-,-,-,-,-,-,-,-,-,-,-,-,-,-,-,-,-,-,-,-,-,-,-,-,-,-,-,-,-,-,-,-,-,-,-,-,-,-,-,-,-,-,-,-,-,-,-,-
"Baton Rouge, East Baton Rouge Parish, Louisiana, United States",city,https://app.monqcle.com/org/cphlr/project/drug-paraphernalia-laws-1689792283/record/74479,DPL_2025_Consolidated,2022-12-31,2024-12-31,15,1,-,-,-,Municode,-,-,-,"https://library.municode.com/la/baton_rouge,_east_baton_rouge_parish/codes/code_of_ordinances?nodeId=TIT13CRLA_S13_1019DRPAPR",-,-,-,07/28/2021,-,-,-,-,-,-,-,09/30/2025,-,-,-,"Known, current through date published in ordinance",-,-,-,State (ARCHIVE) ,-,-,-,0,-,-,-,-,-,-,-,"Syringes, hypodermic needles, other inject/ion/ing equipment/instrument/supplies , Pipes, other smoke/ing or inhal/ing/ation equipment or supplies, Drug test/ing or check/ing equipment or supplies, Other",Sec. 13:1019. -,-,-,"Sales, possession with intent to sell, offer for sale (NEW), Delivery, possession with intent to deliver/distribute, distribution, transfer, furnish, exchange (NEW), Give away, give, gift, free distribution (NEW), Possession, possession with intent to use, keep, Use, Advertising, display",Sec. 13:1019. - Drug para,-,-,"Unspecified Fine (NEW), Incarceration (NEW), Forfeiture/Seizure",Sec. 13:1019. - Drug para,-,-,"Syringes for approved medical use (i.e. diabetes) , Other paraphernalia for approved medical use, Paraphernalia for consumption of cannabis, generally or medical use (NEW), Syringe services or harm reduction programs specifically, supervised use sites (ARCHIVE), Drug checking/testing equipment for fentanyl or fentanyl analogues , Professionals acting in their course of business [e.g. pharmacists, physicians, manufacturers], Public officials in the course of their duties, generally","Sec. 13:1019. - Drug para,Sec. 13:1017. - Possessio",-,-,-,-,-,-,Possession,-,-,-,Use,-,-,-,-,-,-,-,"Possession, Sales",-,-,-,-,-,-,-,-,-,-,-,-,-,-,-,-,-,-,-,-,-,-,-,-,-,-,-,-,-,-,-,-,-,-,-
"Baton Rouge, East Baton Rouge Parish, Louisiana, United States",city,https://app.monqcle.com/org/cphlr/project/drug-paraphernalia-laws-1689792283/record/63731,DPL_2023_Consolidated,2022-12-31,2023-01-01,11,1,-,-,-,Municode,-,-,-,"https://library.municode.com/la/baton_rouge,_east_baton_rouge_parish/codes/code_of_ordinances?nodeId=TIT13CRLA_S13_1019DRPAPR",-,-,-,07/28/2021,-,-,-,-,-,-,-,09/29/2023,-,-,-,"Known, current through date published in ordinance",-,-,-,State (ARCHIVE) ,Sec. 13:1019. -,-,-,-,-,-,-,-,-,-,-,"Syringes, hypodermic needles, other inject/ion/ing equipment/instrument/supplies , Pipes, other smoke/ing or inhal/ing/ation equipment or supplies, Drug test/ing or check/ing equipment or supplies, Other",Sec. 13:1019. -,-,-,"Sales (ARCHIVE), Non-sale distribution/delivery (ARCHIVE), Possession, possession with intent to use, keep, Use",Sec. 13:1019. - Drug para,-,-,"Criminal (ARCHIVE) , Forfeiture/Seizure",Sec. 13:1019. - Drug para,-,-,"Syringes for approved medical use (i.e. diabetes) , Other paraphernalia for approved medical use, Syringe services or harm reduction programs specifically, supervised use sites (ARCHIVE), Drug checking/testing equipment for fentanyl or fentanyl analogues , Professionals acting in their course of business [e.g. pharmacists, physicians, manufacturers], Public officials in the course of their duties, generally","Sec. 13:1019. - Drug para,Sec. 13:1017. -",-,-,-,-,-,-,-,-,-,-,-,-,-,-,-,-,-,-,-,-,-,-,-,-,-,-,-,-,-,-,-,-,-,-,-,-,-,-,-,-,-,-,-,-,-,-,-,-,-,-,-,-,-,-
"Baytown, Harris County, Texas, United States",city,https://app.monqcle.com/org/cphlr/project/drug-paraphernalia-laws-1689792283/record/77539,DPL_2025_Consolidated,2022-12-31,2024-12-31,12,1,-,-,-,Municode,-,-,-,https://library.municode.com/tx/baytown/codes/code_of_ordinances?nodeId=PTIICOOR_CH66OF_ARTIIICOSUILSYDR_S66-61PRPRDE,-,-,-,11/17/2014,-,-,-,-,-,-,-,09/25/2025,-,-,-,"Known, current through date published in ordinance",-,-,-,Both (ARCHIVE) ,-,-,-,0,-,-,-,-,-,-,-,"Syringes, hypodermic needles, other inject/ion/ing equipment/instrument/supplies , Pipes, other smoke/ing or inhal/ing/ation equipment or supplies, Other","ARTICLE III. - CONTROLLED,ARTICLE III. - CONTROLLED","Only prohibited for possesion/use with ""Illicit synthetic drug"" defined in text",-,"Possession, possession with intent to use, keep, Use",ARTICLE III. - CONTROLLED,"Only prohibited for possesion/use with ""Illicit synthetic drug"" defined in text",-,"Misdemeanor (NEW), Unspecified Fine (NEW), Forfeiture/Seizure","ARTICLE III. - CONTR...,ARTICLE III. - CONTR...",-,-,"Professionals acting in their course of business [e.g. pharmacists, physicians, manufacturers], Public officials in the course of their duties, generally",ARTICLE III. - CONTROLLED,-,-,-,-,-,-,-,-,-,-,-,-,-,-,-,-,-,-,-,-,-,-,-,-,-,-,-,-,-,-,-,-,-,-,-,-,-,-,-,-,-,-,-,-,-,-,-,-,-,-,-,-,-,-
"Baytown, Harris County, Texas, United States",city,https://app.monqcle.com/org/cphlr/project/drug-paraphernalia-laws-1689792283/record/63144,DPL_2023_Consolidated,2022-12-31,2023-01-01,11,1,-,-,-,Municode,-,-,-,https://library.municode.com/tx/baytown/codes/code_of_ordinances?nodeId=PTIICOOR_CH66OF_ARTIIICOSUILSYDR_S66-61PRPRDE,-,-,-,11/17/2014,-,-,-,-,-,-,-,12/18/2023,-,-,-,"Known, current through date published in ordinance",-,-,-,Both (ARCHIVE) ,"ARTICLE III. - CONTROLLED,ARTICLE III. - CONTROLLED",-,-,-,-,-,-,-,-,-,-,"Syringes, hypodermic needles, other inject/ion/ing equipment/instrument/supplies , Pipes, other smoke/ing or inhal/ing/ation equipment or supplies, Other","ARTICLE III. - CONTROLLED,ARTICLE III. - CONTROLLED",-,-,"Possession, possession with intent to use, keep, Use",ARTICLE III. - CONTROLLED,-,-,"Civil (ARCHIVE), Criminal (ARCHIVE) , Forfeiture/Seizure","ARTICLE III. - CONTR...,ARTICLE III. - CONTR...",-,-,"Xylazine checking/testing equipment specifically, in the context syringe services, harm reduction programs, or supervised use sites (NEW), Professionals acting in their course of business [e.g. pharmacists, physicians, manufacturers], Public officials in the course of their duties, generally",ARTICLE III. - CONTROLLED,-,-,-,-,-,-,-,-,-,-,-,-,-,-,-,-,-,-,-,-,-,-,-,-,-,-,-,-,-,-,-,-,-,-,-,-,-,-,-,-,-,-,-,-,-,-,-,-,-,-,-,-,-,-
"Beaumont, Jefferson County, Texas, United States",city,https://app.monqcle.com/org/cphlr/project/drug-paraphernalia-laws-1689792283/record/63679,DPL_2023_Consolidated ,2022-12-31,2023-01-01,1,0,-,-,-,-,-,-,-,-,-,-,-,-,-,-,-,-,-,-,-,-,-,-,-,-,-,-,-,-,-,-,-,-,-,-,-,-,-,-,-,-,-,-,-,-,-,-,-,-,-,-,-,-,-,-,-,-,-,-,-,-,-,-,-,-,-,-,-,-,-,-,-,-,-,-,-,-,-,-,-,-,-,-,-,-,-,-,-,-,-,-,-,-,-,-,-,-,-,-,-,-,-,-,-,-,-,-,-
"Beaumont, Jefferson County, Texas, United States",city,https://app.monqcle.com/org/cphlr/project/drug-paraphernalia-laws-1689792283/record/76200,DPL_2025_Consolidated,2022-12-31,2024-12-31,1,0,-,-,-,-,-,-,-,-,-,-,-,-,-,-,-,-,-,-,-,-,-,-,-,-,-,-,-,-,-,-,-,-,-,-,-,-,-,-,-,-,-,-,-,-,-,-,-,-,-,-,-,-,-,-,-,-,-,-,-,-,-,-,-,-,-,-,-,-,-,-,-,-,-,-,-,-,-,-,-,-,-,-,-,-,-,-,-,-,-,-,-,-,-,-,-,-,-,-,-,-,-,-,-,-,-,-,-
"Beaverton, Washington County, Oregon, United States",city,https://app.monqcle.com/org/cphlr/project/drug-paraphernalia-laws-1689792283/record/76478,DPL_2025_Consolidated,2022-12-31,2024-12-31,1,0,-,-,-,-,-,-,-,-,-,-,-,-,-,-,-,-,-,-,-,-,-,-,-,-,-,-,-,-,-,-,-,-,-,-,-,-,-,-,-,-,-,-,-,-,-,-,-,-,-,-,-,-,-,-,-,-,-,-,-,-,-,-,-,-,-,-,-,-,-,-,-,-,-,-,-,-,-,-,-,-,-,-,-,-,-,-,-,-,-,-,-,-,-,-,-,-,-,-,-,-,-,-,-,-,-,-,-
"Beaverton, Washington County, Oregon, United States",city,https://app.monqcle.com/org/cphlr/project/drug-paraphernalia-laws-1689792283/record/63861,DPL_2023_Consolidated,2022-12-31,2023-01-01,1,0,-,-,-,-,-,-,-,-,-,-,-,-,-,-,-,-,-,-,-,-,-,-,-,-,-,-,-,-,-,-,-,-,-,-,-,-,-,-,-,-,-,-,-,-,-,-,-,-,-,-,-,-,-,-,-,-,-,-,-,-,-,-,-,-,-,-,-,-,-,-,-,-,-,-,-,-,-,-,-,-,-,-,-,-,-,-,-,-,-,-,-,-,-,-,-,-,-,-,-,-,-,-,-,-,-,-,-
"Bellevue, King County, Washington, United States",city,https://app.monqcle.com/org/cphlr/project/drug-paraphernalia-laws-1689792283/record/75907,DPL_2025_Consolidated,2023-05-16,2024-12-31,18,1,-,-,-,Code Publishing Company ,-,-,-,https://bellevue.municipal.codes/BCC/10.03.110,-,-,-,05/16/2023,-,-,-,-,-,-,-,09/06/2025,-,law repealed on this date,-,"Known, current through date published in ordinance",-,-,-,State (ARCHIVE) ,-,-,-,1,"10.03.120 RCW Title 69, e,10.03.120 RCW Title 69, e",-,-,RCW 69.50.102; RCW 69.50.412; RCW 69.50.4121,-,-,-,"Syringes, hypodermic needles, other inject/ion/ing equipment/instrument/supplies , Pipes, other smoke/ing or inhal/ing/ation equipment or supplies, Drug test/ing or check/ing equipment or supplies, Other",Drug paraphernalia—D...,-,-,"Sales, possession with intent to sell, offer for sale (NEW), Delivery, possession with intent to deliver/distribute, distribution, transfer, furnish, exchange (NEW), Use, Advertising, display, Manufacturing, manufacture with intent to deliver or sell","RCW 69.50.4121,RCW 69.50.412,RCW 69.50.412 Prohibited ",-,-,"Infraction (NEW), Misdemeanor (NEW)","RCW 69.50.4121 Drug parap,RCW 69.50.412",-,-,"Syringes for approved medical use (i.e. diabetes) , Paraphernalia for consumption of cannabis, generally or medical use (NEW), Syringes from syringe services, harm reduction programs, or supervised use sites (NEW), Drug checking/testing equipment, generally, Drug checking equipment, in the context of syringe services, harm reduction programs, or supervised use sites (NEW), Pipes/smoking equipment, in the context syringe services, harm reduction programs, or supervised use sites (NEW)","RCW 69.50.412 Prohibited ,RCW 69.50.412 Prohibited ,RCW 69.50.4121 Drug parap",It is lawful for any person over the age of eighteen to possess sterile hypodermic syringes and needles for the purpose of reducing blood-borne diseases.,-,-,-,-,-,"Use, Distribution",-,-,-,"Use, Distribution, Sales, Other",-,"manufacture, advertise",-,"Use, Distribution, Sales, Other",-,"manufacture, advertise",-,-,-,-,-,-,-,-,-,"Use, Distribution",-,-,-,-,-,-,-,-,-,-,-,-,-,-,-,"Use, Distribution",-,-,-,-,-,-,-,-,-,-,-
"Bellevue, King County, Washington, United States",city,https://app.monqcle.com/org/cphlr/project/drug-paraphernalia-laws-1689792283/record/63371,DPL_2023_Consolidated,2022-12-31,2023-01-01,11,1,-,-,-,self-published,-,-,-,https://bellevue.municipal.codes/BCC/10.03.110,-,-,-,07/15/2005,-,unknown date at bottom of ordinance; month and date imputed,-,-,-,-,-,01/22/2024,-,-,-,"Known, current through date published in ordinance",-,-,-,State (ARCHIVE) ,"10.03.120 RCW Title 69, e,10.03.120 RCW Title 69, e",-,-,-,-,-,-,-,-,-,-,"Syringes, hypodermic needles, other inject/ion/ing equipment/instrument/supplies , Pipes, other smoke/ing or inhal/ing/ation equipment or supplies, Drug test/ing or check/ing equipment or supplies, Other",Drug paraphernalia—D...,-,-,"Sales (ARCHIVE), Non-sale distribution/delivery (ARCHIVE), Use, Advertising, display, Manufacturing, manufacture with intent to deliver or sell","RCW 69.50.412,RCW 69.50.412 Prohibited ,RCW 69.50.4121",-,-,"Civil (ARCHIVE), Criminal (ARCHIVE) ","RCW 69.50.412,RCW 69.50.4121 Drug parap",-,-,"Syringes for approved medical use (i.e. diabetes) , Syringe services or harm reduction programs specifically, supervised use sites (ARCHIVE), Professionals acting in their course of business [e.g. pharmacists, physicians, manufacturers]","RCW 69.50.412 Prohibited ,RCW 69.50.4121",It is lawful for any person over the age of eighteen to possess sterile hypodermic syringes and needles for the purpose of reducing blood-borne diseases.,-,-,-,-,-,-,-,-,-,-,-,-,-,-,-,-,-,-,-,-,-,-,-,-,-,-,-,-,-,-,-,-,-,-,-,-,-,-,-,-,-,-,-,-,-,-,-,-,-,-,-,-,-
"Bellevue, King County, Washington, United States",city,https://app.monqcle.com/org/cphlr/project/drug-paraphernalia-laws-1689792283/record/75906,DPL_2025_Consolidated,2022-12-31,2023-05-15,15,1,-,-,-,Code Publishing Company ,-,-,-,https://bellevue.municipal.codes/BCC/10.03.110,-,-,-,09/19/2005,-,-,-,-,-,-,-,05/16/2023,-,-,-,"Known, current through date published in ordinance",-,-,-,State (ARCHIVE) ,-,-,-,1,"10.03.120 RCW Title 69, e,10.03.120 RCW Title 69, e",-,-,RCW 69.50.102; RCW 69.50.412; RCW 69.50.4121,-,-,-,"Syringes, hypodermic needles, other inject/ion/ing equipment/instrument/supplies , Pipes, other smoke/ing or inhal/ing/ation equipment or supplies, Drug test/ing or check/ing equipment or supplies, Other",Drug paraphernalia—D...,-,-,"Sales, possession with intent to sell, offer for sale (NEW), Delivery, possession with intent to deliver/distribute, distribution, transfer, furnish, exchange (NEW), Give away, give, gift, free distribution (NEW), Use, Advertising, display, Manufacturing, manufacture with intent to deliver or sell","RCW 69.50.412,RCW 69.50.412 Prohibited ,RCW 69.50.4121 Drug parap",-,-,"Infraction (NEW), Misdemeanor (NEW)","RCW 69.50.412,RCW 69.50.4121 Drug parap",-,-,"Syringes for approved medical use (i.e. diabetes) , Paraphernalia for consumption of cannabis, generally or medical use (NEW), Syringes from syringe services, harm reduction programs, or supervised use sites (NEW)","RCW 69.50.4121,RCW 69.50.412 Prohibited ,RCW 69.50.412 Prohibited ",It is lawful for any person over the age of eighteen to possess sterile hypodermic syringes and needles for the purpose of reducing blood-borne diseases.,-,-,-,-,-,Distribution,-,-,-,"Use, Distribution, Sales, Other",-,"manufacture, advertise, gives ",-,-,-,-,-,-,-,-,-,-,-,-,-,-,-,-,-,-,-,-,-,-,-,-,-,-,-,-,-,-,-,-,-,-,-,-,-,-,-,-,-
"Bellflower, Los Angeles County, California, 90706, United States",city,https://app.monqcle.com/org/cphlr/project/drug-paraphernalia-laws-1689792283/record/77132,DPL_2025_Consolidated,2022-12-31,2024-12-31,1,0,-,-,-,-,-,-,-,-,-,-,-,-,-,-,-,-,-,-,-,-,-,-,-,-,-,-,-,-,-,-,-,-,-,-,-,-,-,-,-,-,-,-,-,-,-,-,-,-,-,-,-,-,-,-,-,-,-,-,-,-,-,-,-,-,-,-,-,-,-,-,-,-,-,-,-,-,-,-,-,-,-,-,-,-,-,-,-,-,-,-,-,-,-,-,-,-,-,-,-,-,-,-,-,-,-,-,-
"Bellflower, Los Angeles County, California, 90706, United States",city,https://app.monqcle.com/org/cphlr/project/drug-paraphernalia-laws-1689792283/record/63977,DPL_2023_Consolidated,2022-12-31,2023-01-01,1,0,-,-,-,-,-,-,-,-,-,-,-,-,-,-,-,-,-,-,-,-,-,-,-,-,-,-,-,-,-,-,-,-,-,-,-,-,-,-,-,-,-,-,-,-,-,-,-,-,-,-,-,-,-,-,-,-,-,-,-,-,-,-,-,-,-,-,-,-,-,-,-,-,-,-,-,-,-,-,-,-,-,-,-,-,-,-,-,-,-,-,-,-,-,-,-,-,-,-,-,-,-,-,-,-,-,-,-
"Bellingham, Whatcom County, Washington, United States",city,https://app.monqcle.com/org/cphlr/project/drug-paraphernalia-laws-1689792283/record/76741,DPL_2025_JD,2023-05-16,2024-12-31,17,1,-,-,-,self-published ,-,-,-,https://bellingham.municipal.codes/BMC/10.08.005,-,-,-,05/16/2023,-,-,-,-,-,-,-,07/21/2025,-,-,-,"Known, current through date published in ordinance",-,-,-,State (ARCHIVE) ,-,-,-,1,10.08.005 Adoption by ref,-,-,"69.50.412 Prohibited acts – E – Penalties, 69.50.4121 Drug paraphernalia – Selling or giving – Penalty.",-,-,-,"Syringes, hypodermic needles, other inject/ion/ing equipment/instrument/supplies , Pipes, other smoke/ing or inhal/ing/ation equipment or supplies, Other",RCW 69.50.4121 Drug parap,-,-,"Sales, possession with intent to sell, offer for sale (NEW), Delivery, possession with intent to deliver/distribute, distribution, transfer, furnish, exchange (NEW), Use, Advertising, display, Manufacturing, manufacture with intent to deliver or sell","RCW 69.50.4121 Drug parap,RCW 69.50.412",-,-,"Infraction (NEW), Misdemeanor (NEW)","RCW 69.50.4121 Drug parap,RCW 69.50.412",-,-,"Paraphernalia for consumption of cannabis, generally or medical use (NEW), Syringes from syringe services, harm reduction programs, or supervised use sites (NEW), Drug checking equipment, in the context of syringe services, harm reduction programs, or supervised use sites (NEW), Pipes/smoking equipment, in the context syringe services, harm reduction programs, or supervised use sites (NEW)","RCW 69.50.412,RCW 69.50.4121 Drug parap,RCW 69.50.4121 Drug parap,RCW 69.50.412",-,-,-,-,-,-,"Use, Distribution",-,-,-,"Use, Distribution, Sales, Other",-,Manufacture,-,-,-,-,-,-,-,-,-,-,-,-,-,"Use, Distribution",-,-,-,-,-,-,-,-,-,-,-,-,-,-,-,"Use, Distribution",-,-,-,-,-,-,-,-,-,-,-
"Bellingham, Whatcom County, Washington, United States",city,https://app.monqcle.com/org/cphlr/project/drug-paraphernalia-laws-1689792283/record/77306,DPL_2025_Consolidated,2023-05-16,2024-12-31,17,1,-,-,-,self-published ,-,-,-,https://bellingham.municipal.codes/BMC/10.08.005,-,-,-,05/16/2023,-,-,-,-,-,-,-,07/21/2025,-,-,-,"Known, current through date published in ordinance",-,-,-,State (ARCHIVE) ,-,-,-,1,10.08.005 Adoption by ref,-,-,"69.50.412 Prohibited acts – E – Penalties, 69.50.4121 Drug paraphernalia – Selling or giving – Penalty.",-,-,-,"Syringes, hypodermic needles, other inject/ion/ing equipment/instrument/supplies , Pipes, other smoke/ing or inhal/ing/ation equipment or supplies, Other","RCW 69.50.4121 Drug parap,RCW 69.50.412",-,-,"Sales, possession with intent to sell, offer for sale (NEW), Delivery, possession with intent to deliver/distribute, distribution, transfer, furnish, exchange (NEW), Use, Advertising, display, Manufacturing, manufacture with intent to deliver or sell","RCW 69.50.412,RCW 69.50.4121 Drug parap",-,-,"Infraction (NEW), Misdemeanor (NEW)","RCW 69.50.412,RCW 69.50.4121 Drug parap",-,-,"Syringes for approved medical use (i.e. diabetes) , Paraphernalia for consumption of cannabis, generally or medical use (NEW), Syringes from syringe services, harm reduction programs, or supervised use sites (NEW), Drug checking equipment, in the context of syringe services, harm reduction programs, or supervised use sites (NEW), Pipes/smoking equipment, in the context syringe services, harm reduction programs, or supervised use sites (NEW)","RCW 69.50.4121 Drug parap,RCW 69.50.4121 Drug parap,RCW 69.50.412,RCW 69.50.412",It is lawful for any person over the age of eighteen to possess sterile hypodermic syringes and needles for the purpose of reducing blood-borne diseases.,-,-,-,-,-,"Use, Distribution",-,-,-,"Use, Distribution, Sales, Other",-,Manufacture,-,-,-,-,-,-,-,-,-,-,-,-,-,"Use, Distribution",-,-,-,-,-,-,-,-,-,-,-,-,-,-,-,"Use, Distribution",-,-,-,-,-,-,-,-,-,-,-
"Bellingham, Whatcom County, Washington, United States",city,https://app.monqcle.com/org/cphlr/project/drug-paraphernalia-laws-1689792283/record/76936,DPL_2025_PS,2023-05-16,2024-12-31,17,1,-,-,-,self-published ,-,-,-,https://bellingham.municipal.codes/BMC/10.08.005,-,-,-,05/16/2023,-,-,-,-,-,-,-,07/21/2025,-,-,-,"Known, current through date published in ordinance",-,-,-,State (ARCHIVE) ,-,-,-,1,10.08.005 Adoption by ref,-,-,"69.50.412

Prohibited acts – E – Penalties.

69.50.4121

Drug paraphernalia – Selling or giving – Penalty.",-,-,-,"Syringes, hypodermic needles, other inject/ion/ing equipment/instrument/supplies , Pipes, other smoke/ing or inhal/ing/ation equipment or supplies, Drug test/ing or check/ing equipment or supplies, Other",RCW 69.50.4121,-,-,"Sales, possession with intent to sell, offer for sale (NEW), Delivery, possession with intent to deliver/distribute, distribution, transfer, furnish, exchange (NEW), Use, Advertising, display, Manufacturing, manufacture with intent to deliver or sell","RCW 69.50.4121,RCW 69.50.412",-,-,"Infraction (NEW), Misdemeanor (NEW)","RCW 69.50.412,RCW 69.50.4121",-,-,"Paraphernalia for consumption of cannabis, generally or medical use (NEW), Syringes from syringe services, harm reduction programs, or supervised use sites (NEW), Drug checking equipment, in the context of syringe services, harm reduction programs, or supervised use sites (NEW), Pipes/smoking equipment, in the context syringe services, harm reduction programs, or supervised use sites (NEW), Other","RCW 69.50.4121,RCW 69.50.412,RCW 69.50.412",It is lawful for any person over the age of eighteen to possess sterile hypodermic syringes and needles for the purpose of reducing blood-borne diseases.,-,-,-,-,-,"Use, Distribution",-,-,-,"Use, Distribution, Sales, Other",-,manufacture,-,-,-,-,-,-,-,-,-,-,-,-,-,"Use, Distribution",-,-,-,-,-,-,-,-,-,-,-,-,-,-,-,"Use, Distribution",-,-,-,-,-,-,-,-,-,-,-
"Bellingham, Whatcom County, Washington, United States",city,https://app.monqcle.com/org/cphlr/project/drug-paraphernalia-laws-1689792283/record/63829,DPL_2023_Consolidated,2022-12-31,2023-01-01,11,1,-,-,-,self-published ,-,-,-,https://bellingham.municipal.codes/BMC/10.08.005,-,-,-,07/15/1997,-,-,-,-,-,-,-,12/11/2023,-,-,-,"Known, current through date published in ordinance",-,-,-,State (ARCHIVE) ,10.08.005,-,-,-,-,-,-,-,-,-,-,"Syringes, hypodermic needles, other inject/ion/ing equipment/instrument/supplies , Pipes, other smoke/ing or inhal/ing/ation equipment or supplies, Drug test/ing or check/ing equipment or supplies, Other",RCW 69.50.4121,-,-,"Sales (ARCHIVE), Non-sale distribution/delivery (ARCHIVE), Use, Advertising, display, Manufacturing, manufacture with intent to deliver or sell","RCW 69.50.4121,RCW 69.50.412",-,-,"Civil (ARCHIVE), Criminal (ARCHIVE) ","RCW 69.50.412,RCW 69.50.4121",-,-,"Syringes for approved medical use (i.e. diabetes) , Syringe services or harm reduction programs specifically, supervised use sites (ARCHIVE), Professionals acting in their course of business [e.g. pharmacists, physicians, manufacturers]",RCW 69.50.4121,-,-,-,-,-,-,-,-,-,-,-,-,-,-,-,-,-,-,-,-,-,-,-,-,-,-,-,-,-,-,-,-,-,-,-,-,-,-,-,-,-,-,-,-,-,-,-,-,-,-,-,-,-,-
"Bellingham, Whatcom County, Washington, United States",city,https://app.monqcle.com/org/cphlr/project/drug-paraphernalia-laws-1689792283/record/77305,DPL_2025_Consolidated,2022-12-31,2023-05-15,15,1,-,-,-,self-published ,-,-,-,https://bellingham.municipal.codes/BMC/10.08.005,-,-,-,07/15/1997,-,-,-,-,-,-,-,05/16/2023,-,-,-,"Known, current through date published in ordinance",-,-,-,State (ARCHIVE) ,-,-,-,1,10.08.005 Adoption by ref,-,-,"69.50.412

Prohibited acts – E – Penalties.

69.50.4121

Drug paraphernalia – Selling or giving – Penalty.",-,-,-,"Syringes, hypodermic needles, other inject/ion/ing equipment/instrument/supplies , Pipes, other smoke/ing or inhal/ing/ation equipment or supplies, Drug test/ing or check/ing equipment or supplies, Other","RCW 69.50.412,RCW 69.50.4121",-,-,"Sales, possession with intent to sell, offer for sale (NEW), Delivery, possession with intent to deliver/distribute, distribution, transfer, furnish, exchange (NEW), Give away, give, gift, free distribution (NEW), Use, Advertising, display, Manufacturing, manufacture with intent to deliver or sell","RCW 69.50.4121,RCW 69.50.412",-,-,"Infraction (NEW), Misdemeanor (NEW)","RCW 69.50.4121,RCW 69.50.412",-,-,"Syringes for approved medical use (i.e. diabetes) , Paraphernalia for consumption of cannabis, generally or medical use (NEW), Syringes from syringe services, harm reduction programs, or supervised use sites (NEW)","RCW 69.50.412,RCW 69.50.412,RCW 69.50.4121",It is lawful for any person over the age of eighteen to possess sterile hypodermic syringes and needles for the purpose of reducing blood-borne diseases.,-,-,-,-,-,Distribution,-,-,-,"Use, Distribution, Sales, Other",-,"manufacture, gives ",-,-,-,-,-,-,-,-,-,-,-,-,-,-,-,-,-,-,-,-,-,-,-,-,-,-,-,-,-,-,-,-,-,-,-,-,-,-,-,-,-
"Bend, Deschutes County, Oregon, United States",city,https://app.monqcle.com/org/cphlr/project/drug-paraphernalia-laws-1689792283/record/63895,DPL_2023_Consolidated,2022-12-31,2023-01-01,1,0,-,-,-,-,-,-,-,-,-,-,-,-,-,-,-,-,-,-,-,-,-,-,-,-,-,-,-,-,-,-,-,-,-,-,-,-,-,-,-,-,-,-,-,-,-,-,-,-,-,-,-,-,-,-,-,-,-,-,-,-,-,-,-,-,-,-,-,-,-,-,-,-,-,-,-,-,-,-,-,-,-,-,-,-,-,-,-,-,-,-,-,-,-,-,-,-,-,-,-,-,-,-,-,-,-,-,-
"Bend, Deschutes County, Oregon, United States",city,https://app.monqcle.com/org/cphlr/project/drug-paraphernalia-laws-1689792283/record/76949,DPL_2025_Consolidated,2022-12-31,2024-12-31,1,0,-,-,-,-,-,-,-,-,-,-,-,-,-,-,-,-,-,-,-,-,-,-,-,-,-,-,-,-,-,-,-,-,-,-,-,-,-,-,-,-,-,-,-,-,-,-,-,-,-,-,-,-,-,-,-,-,-,-,-,-,-,-,-,-,-,-,-,-,-,-,-,-,-,-,-,-,-,-,-,-,-,-,-,-,-,-,-,-,-,-,-,-,-,-,-,-,-,-,-,-,-,-,-,-,-,-,-
"Berkeley, Alameda County, California, United States",city,https://app.monqcle.com/org/cphlr/project/drug-paraphernalia-laws-1689792283/record/63411,DPL_2023_Consolidated,2022-12-31,2023-01-01,1,0,-,-,-,-,-,-,-,-,-,-,-,-,-,-,-,-,-,-,-,-,-,-,-,-,-,-,-,-,-,-,-,-,-,-,-,-,-,-,-,-,-,-,-,-,-,-,-,-,-,-,-,-,-,-,-,-,-,-,-,-,-,-,-,-,-,-,-,-,-,-,-,-,-,-,-,-,-,-,-,-,-,-,-,-,-,-,-,-,-,-,-,-,-,-,-,-,-,-,-,-,-,-,-,-,-,-,-
"Berkeley, Alameda County, California, United States",city,https://app.monqcle.com/org/cphlr/project/drug-paraphernalia-laws-1689792283/record/76145,DPL_2025_Consolidated,2022-12-31,2024-12-31,1,0,-,-,-,-,-,-,-,-,-,-,-,-,-,-,-,-,-,-,-,-,-,-,-,-,-,-,-,-,-,-,-,-,-,-,-,-,-,-,-,-,-,-,-,-,-,-,-,-,-,-,-,-,-,-,-,-,-,-,-,-,-,-,-,-,-,-,-,-,-,-,-,-,-,-,-,-,-,-,-,-,-,-,-,-,-,-,-,-,-,-,-,-,-,-,-,-,-,-,-,-,-,-,-,-,-,-,-
"Bethlehem, Northampton County, Pennsylvania, United States",city,https://app.monqcle.com/org/cphlr/project/drug-paraphernalia-laws-1689792283/record/77161,DPL_2025_Consolidated,2022-12-31,2024-12-31,1,0,-,-,-,-,-,-,-,-,-,-,-,-,-,-,-,-,-,-,-,-,-,-,-,-,-,-,-,-,-,-,-,-,-,-,-,-,-,-,-,-,-,-,-,-,-,-,-,-,-,-,-,-,-,-,-,-,-,-,-,-,-,-,-,-,-,-,-,-,-,-,-,-,-,-,-,-,-,-,-,-,-,-,-,-,-,-,-,-,-,-,-,-,-,-,-,-,-,-,-,-,-,-,-,-,-,-,-
"Bethlehem, Northampton County, Pennsylvania, United States",city,https://app.monqcle.com/org/cphlr/project/drug-paraphernalia-laws-1689792283/record/63810,DPL_2023_Consolidated,2022-12-31,2023-01-01,1,0,-,-,-,-,-,-,-,-,-,-,-,-,-,-,-,-,-,-,-,-,-,-,-,-,-,-,-,-,-,-,-,-,-,-,-,-,-,-,-,-,-,-,-,-,-,-,-,-,-,-,-,-,-,-,-,-,-,-,-,-,-,-,-,-,-,-,-,-,-,-,-,-,-,-,-,-,-,-,-,-,-,-,-,-,-,-,-,-,-,-,-,-,-,-,-,-,-,-,-,-,-,-,-,-,-,-,-
"Billings, Yellowstone County, Montana, United States",city,https://app.monqcle.com/org/cphlr/project/drug-paraphernalia-laws-1689792283/record/76587,DPL_2025_Consolidated,2022-12-31,2024-12-31,1,0,-,-,-,-,-,-,-,-,-,-,-,-,-,-,-,-,-,-,-,-,-,-,-,-,-,-,-,-,-,-,-,-,-,-,-,-,-,-,-,-,-,-,-,-,-,-,-,-,-,-,-,-,-,-,-,-,-,-,-,-,-,-,-,-,-,-,-,-,-,-,-,-,-,-,-,-,-,-,-,-,-,-,-,-,-,-,-,-,-,-,-,-,-,-,-,-,-,-,-,-,-,-,-,-,-,-,-
"Billings, Yellowstone County, Montana, United States",city,https://app.monqcle.com/org/cphlr/project/drug-paraphernalia-laws-1689792283/record/63017,DPL_2023_Consolidated,2022-12-31,2023-01-01,1,0,-,-,-,-,-,-,-,-,-,-,-,-,-,-,-,-,-,-,-,-,-,-,-,-,-,-,-,-,-,-,-,-,-,-,-,-,-,-,-,-,-,-,-,-,-,-,-,-,-,-,-,-,-,-,-,-,-,-,-,-,-,-,-,-,-,-,-,-,-,-,-,-,-,-,-,-,-,-,-,-,-,-,-,-,-,-,-,-,-,-,-,-,-,-,-,-,-,-,-,-,-,-,-,-,-,-,-
"Birmingham, Jefferson County, Alabama, United States",city,https://app.monqcle.com/org/cphlr/project/drug-paraphernalia-laws-1689792283/record/75186,DPL_2025_Consolidated,2022-12-31,2024-12-31,1,0,-,-,-,-,-,-,-,-,-,-,-,-,-,-,-,-,-,-,-,-,-,-,-,-,-,-,-,-,-,-,-,-,-,-,-,-,-,-,-,-,-,-,-,-,-,-,-,-,-,-,-,-,-,-,-,-,-,-,-,-,-,-,-,-,-,-,-,-,-,-,-,-,-,-,-,-,-,-,-,-,-,-,-,-,-,-,-,-,-,-,-,-,-,-,-,-,-,-,-,-,-,-,-,-,-,-,-
"Birmingham, Jefferson County, Alabama, United States",city,https://app.monqcle.com/org/cphlr/project/drug-paraphernalia-laws-1689792283/record/62645,DPL_2023_Consolidated ,2022-12-31,2023-01-01,1,0,-,-,-,-,-,-,-,-,-,-,-,-,-,-,-,-,-,-,-,-,-,-,-,-,-,-,-,-,-,-,-,-,-,-,-,-,-,-,-,-,-,-,-,-,-,-,-,-,-,-,-,-,-,-,-,-,-,-,-,-,-,-,-,-,-,-,-,-,-,-,-,-,-,-,-,-,-,-,-,-,-,-,-,-,-,-,-,-,-,-,-,-,-,-,-,-,-,-,-,-,-,-,-,-,-,-,-
"Bloomington, Hennepin County, Minnesota, United States",city,https://app.monqcle.com/org/cphlr/project/drug-paraphernalia-laws-1689792283/record/77320,DPL_2025_Consolidated,2022-12-31,2024-12-31,12,1,-,-,-,ALP,-,-,-,https://codelibrary.amlegal.com/codes/bloomington/latest/bloomington_mn/0-0-0-94082,-,-,-,11/16/1998,-,-,-,-,-,-,-,09/29/2025,-,-,-,"Known, current through date published in ordinance",-,-,-,Both (ARCHIVE) ,-,-,-,0,-,-,-,-,-,-,-,"Syringes, hypodermic needles, other inject/ion/ing equipment/instrument/supplies , Pipes, other smoke/ing or inhal/ing/ation equipment or supplies, Drug test/ing or check/ing equipment or supplies, Other",DIVISION K: DRUG PARAPHER,-,-,"Delivery, possession with intent to deliver/distribute, distribution, transfer, furnish, exchange (NEW), Possession, possession with intent to use, keep, Use, Advertising, display, Manufacturing, manufacture with intent to deliver or sell",DIVISION K: DRUG PARAPHER,-,-,"Misdemeanor (NEW), Forfeiture/Seizure",DIVISION K: DRUG PARAPHER,-,-,None,-,-,-,-,-,-,-,-,-,-,-,-,-,-,-,-,-,-,-,-,-,-,-,-,-,-,-,-,-,-,-,-,-,-,-,-,-,-,-,-,-,-,-,-,-,-,-,-,-,-,-,-,-,-,-
"Bloomington, Hennepin County, Minnesota, United States",city,https://app.monqcle.com/org/cphlr/project/drug-paraphernalia-laws-1689792283/record/63382,DPL_2023_Consolidated,2022-12-31,2023-01-01,11,1,-,-,-,ALP,-,-,-,https://codelibrary.amlegal.com/codes/bloomington/latest/bloomington_mn/0-0-0-94082,-,-,-,11/16/1998,-,-,-,-,-,-,-,12/18/2023,-,-,-,"Known, current through date published in ordinance",-,-,-,Both (ARCHIVE) ,"DIVISION K: DRUG PAR...,DIVISION K: DRUG PAR...",-,-,-,-,-,-,-,-,-,-,"Syringes, hypodermic needles, other inject/ion/ing equipment/instrument/supplies , Pipes, other smoke/ing or inhal/ing/ation equipment or supplies, Drug test/ing or check/ing equipment or supplies, Other",DIVISION K: DRUG PARAPHER,-,-,"Non-sale distribution/delivery (ARCHIVE), Possession, possession with intent to use, keep, Use, Advertising, display, Manufacturing, manufacture with intent to deliver or sell",DIVISION K: DRUG PARAPHER,-,-,"Criminal (ARCHIVE) , Forfeiture/Seizure",DIVISION K: DRUG PARAPHER,-,-,None,-,-,-,-,-,-,-,-,-,-,-,-,-,-,-,-,-,-,-,-,-,-,-,-,-,-,-,-,-,-,-,-,-,-,-,-,-,-,-,-,-,-,-,-,-,-,-,-,-,-,-,-,-,-,-
"Bloomington, McLean County, Illinois, United States",city,https://app.monqcle.com/org/cphlr/project/drug-paraphernalia-laws-1689792283/record/77536,DPL_2025_Consolidated,2022-12-31,2024-12-31,14,1,-,-,-,Ecode 360,-,-,-,https://ecode360.com/34409401?highlight=paraphernalia&searchId=17529865054970952,-,-,-,12/16/2019,-,-,-,-,-,-,-,09/22/2025,-,-,-,"Known, current through date published in ordinance",-,-,-,State (ARCHIVE) ,-,-,-,1,-,-,-,720 ILCS 635/0.01 et seq.,-,-,-,"Syringes, hypodermic needles, other inject/ion/ing equipment/instrument/supplies , Pipes, other smoke/ing or inhal/ing/ation equipment or supplies, Drug test/ing or check/ing equipment or supplies, Other",28-189 [,-,-,"Possession, possession with intent to use, keep","28-189 [Ch. 28, Sec. 103]",-,-,"Unspecified Fine (NEW), Forfeiture/Seizure",28-189 [,-,-,"Syringes for approved medical use (i.e. diabetes) , Paraphernalia for consumption of cannabis, generally or medical use (NEW), Professionals acting in their course of business [e.g. pharmacists, physicians, manufacturers], Public officials in the course of their duties, generally","28-189 [Ch. 28, Sec. 103],28-189 [Ch. 28, Sec. 103],28-189 [Ch. 28, Sec. 103]",-,-,-,-,-,-,-,-,-,-,Possession,-,-,-,-,-,-,-,-,-,-,-,-,-,-,-,-,-,-,-,-,-,-,-,-,-,-,-,-,-,-,-,-,-,-,-,-,-,-,-,-,-,-,-
"Bloomington, McLean County, Illinois, United States",city,https://app.monqcle.com/org/cphlr/project/drug-paraphernalia-laws-1689792283/record/62755,DPL_2023_Consolidated,2022-12-31,2023-01-01,11,1,-,-,-,Ecode 360,-,-,-,https://ecode360.com/34409401?highlight=paraphernalia&searchId=17529865054970952,-,-,-,12/16/2019,-,-,-,-,-,-,-,11/13/2023,-,-,-,"Known, current through date published in ordinance",-,-,-,State (ARCHIVE) ,"28-189 [Ch. 28, Sec. 103]",-,-,-,-,-,-,-,-,-,-,"Syringes, hypodermic needles, other inject/ion/ing equipment/instrument/supplies , Pipes, other smoke/ing or inhal/ing/ation equipment or supplies, Drug test/ing or check/ing equipment or supplies, Other",28-189 [,-,-,"Possession, possession with intent to use, keep","28-189 [Ch. 28, Sec. 103]",-,-,"Criminal (ARCHIVE) , Forfeiture/Seizure",28-189 [,-,-,"Syringes for approved medical use (i.e. diabetes) , Paraphernalia for consumption of cannabis, generally (ARCHIVE), Xylazine checking/testing equipment specifically, in the context syringe services, harm reduction programs, or supervised use sites (NEW), Professionals acting in their course of business [e.g. pharmacists, physicians, manufacturers]","28-189 [Ch. 28, Sec. 103],28-189 [Ch. 28, Sec. 103]",-,-,-,-,-,-,-,-,-,-,-,-,-,-,-,-,-,-,-,-,-,-,-,-,-,-,-,-,-,-,-,-,-,-,-,-,-,-,-,-,-,-,-,-,-,-,-,-,-,-,-,-,-,-
"Bloomington, Monroe County, Indiana, United States",city,https://app.monqcle.com/org/cphlr/project/drug-paraphernalia-laws-1689792283/record/77263,DPL_2025_Consolidated,2022-12-31,2024-12-31,1,0,-,-,-,-,-,-,-,-,-,-,-,-,-,-,-,-,-,-,-,-,-,-,-,-,-,-,-,-,-,-,-,-,-,-,-,-,-,-,-,-,-,-,-,-,-,-,-,-,-,-,-,-,-,-,-,-,-,-,-,-,-,-,-,-,-,-,-,-,-,-,-,-,-,-,-,-,-,-,-,-,-,-,-,-,-,-,-,-,-,-,-,-,-,-,-,-,-,-,-,-,-,-,-,-,-,-,-
"Bloomington, Monroe County, Indiana, United States",city,https://app.monqcle.com/org/cphlr/project/drug-paraphernalia-laws-1689792283/record/63920,DPL_2023_Consolidated,2022-12-31,2023-01-01,1,0,-,-,-,-,-,-,-,-,-,-,-,-,-,-,-,-,-,-,-,-,-,-,-,-,-,-,-,-,-,-,-,-,-,-,-,-,-,-,-,-,-,-,-,-,-,-,-,-,-,-,-,-,-,-,-,-,-,-,-,-,-,-,-,-,-,-,-,-,-,-,-,-,-,-,-,-,-,-,-,-,-,-,-,-,-,-,-,-,-,-,-,-,-,-,-,-,-,-,-,-,-,-,-,-,-,-,-
"Boca Raton, Palm Beach County, Florida, United States",city,https://app.monqcle.com/org/cphlr/project/drug-paraphernalia-laws-1689792283/record/63811,DPL_2023_Consolidated ,2022-12-31,2023-01-01,1,0,-,-,-,-,-,-,-,-,-,-,-,-,-,-,-,-,-,-,-,-,-,-,-,-,-,-,-,-,-,-,-,-,-,-,-,-,-,-,-,-,-,-,-,-,-,-,-,-,-,-,-,-,-,-,-,-,-,-,-,-,-,-,-,-,-,-,-,-,-,-,-,-,-,-,-,-,-,-,-,-,-,-,-,-,-,-,-,-,-,-,-,-,-,-,-,-,-,-,-,-,-,-,-,-,-,-,-
"Boca Raton, Palm Beach County, Florida, United States",city,https://app.monqcle.com/org/cphlr/project/drug-paraphernalia-laws-1689792283/record/76468,DPL_2025_Consolidated,2022-12-31,2024-12-31,1,0,-,-,-,-,-,-,-,-,-,-,-,-,-,-,-,-,-,-,-,-,-,-,-,-,-,-,-,-,-,-,-,-,-,-,-,-,-,-,-,-,-,-,-,-,-,-,-,-,-,-,-,-,-,-,-,-,-,-,-,-,-,-,-,-,-,-,-,-,-,-,-,-,-,-,-,-,-,-,-,-,-,-,-,-,-,-,-,-,-,-,-,-,-,-,-,-,-,-,-,-,-,-,-,-,-,-,-
"Boise, Ada County, Idaho, 83701, United States",city,https://app.monqcle.com/org/cphlr/project/drug-paraphernalia-laws-1689792283/record/63001,DPL_2023_Consolidated,2022-12-31,2023-01-01,1,0,-,-,-,-,-,-,-,-,-,-,-,-,-,-,-,-,-,-,-,-,-,-,-,-,-,-,-,-,-,-,-,-,-,-,-,-,-,-,-,-,-,-,-,-,-,-,-,-,-,-,-,-,-,-,-,-,-,-,-,-,-,-,-,-,-,-,-,-,-,-,-,-,-,-,-,-,-,-,-,-,-,-,-,-,-,-,-,-,-,-,-,-,-,-,-,-,-,-,-,-,-,-,-,-,-,-,-
"Boise, Ada County, Idaho, United States",city,https://app.monqcle.com/org/cphlr/project/drug-paraphernalia-laws-1689792283/record/75110,DPL_2025_Consolidated,2022-12-31,2024-12-31,1,0,-,-,-,-,-,-,-,-,-,-,-,-,-,-,-,-,-,-,-,-,-,-,-,-,-,-,-,-,-,-,-,-,-,-,-,-,-,-,-,-,-,-,-,-,-,-,-,-,-,-,-,-,-,-,-,-,-,-,-,-,-,-,-,-,-,-,-,-,-,-,-,-,-,-,-,-,-,-,-,-,-,-,-,-,-,-,-,-,-,-,-,-,-,-,-,-,-,-,-,-,-,-,-,-,-,-,-
"Boston, Suffolk County, Massachusetts, United States",city,https://app.monqcle.com/org/cphlr/project/drug-paraphernalia-laws-1689792283/record/63081,DPL_2023_Consolidated,2022-12-31,2023-01-01,11,1,-,-,-,ALP,-,-,-,https://codelibrary.amlegal.com/codes/boston/latest/boston_ma/0-0-0-12720,-,-,-,07/15/2007,-,-,-,-,-,-,-,12/31/2022,-,-,-,"Known, current through date published in ordinance",-,-,-,Neither (ARCHIVE),-,-,-,-,-,-,-,-,-,-,-,"Pipes, other smoke/ing or inhal/ing/ation equipment or supplies",16-51 CRACK PIPES.,-,-,"Sales (ARCHIVE), Possession, possession with intent to use, keep, Other",16-51 CRACK PIPES.,-,-,Civil (ARCHIVE),16-51,-,-,None,-,-,-,-,-,-,-,-,-,-,-,-,-,-,-,-,-,-,-,-,-,-,-,-,-,-,-,-,-,-,-,-,-,-,-,-,-,-,-,-,-,-,-,-,-,-,-,-,-,-,-,-,-,-,-
"Boulder, Boulder County, Colorado, United States",city,https://app.monqcle.com/org/cphlr/project/drug-paraphernalia-laws-1689792283/record/63055,DPL_2023_Consolidated,2022-12-31,2023-01-01,1,0,-,-,-,-,-,-,-,-,-,-,-,-,-,-,-,-,-,-,-,-,-,-,-,-,-,-,-,-,-,-,-,-,-,-,-,-,-,-,-,-,-,-,-,-,-,-,-,-,-,-,-,-,-,-,-,-,-,-,-,-,-,-,-,-,-,-,-,-,-,-,-,-,-,-,-,-,-,-,-,-,-,-,-,-,-,-,-,-,-,-,-,-,-,-,-,-,-,-,-,-,-,-,-,-,-,-,-
"Boulder, Boulder County, Colorado, United States",city,https://app.monqcle.com/org/cphlr/project/drug-paraphernalia-laws-1689792283/record/76572,DPL_2025_Consolidated,2022-12-31,2024-12-31,1,0,-,-,-,-,-,-,-,-,-,-,-,-,-,-,-,-,-,-,-,-,-,-,-,-,-,-,-,-,-,-,-,-,-,-,-,-,-,-,-,-,-,-,-,-,-,-,-,-,-,-,-,-,-,-,-,-,-,-,-,-,-,-,-,-,-,-,-,-,-,-,-,-,-,-,-,-,-,-,-,-,-,-,-,-,-,-,-,-,-,-,-,-,-,-,-,-,-,-,-,-,-,-,-,-,-,-,-
"Boynton Beach, Palm Beach County, Florida, United States",city,https://app.monqcle.com/org/cphlr/project/drug-paraphernalia-laws-1689792283/record/63185,DPL_2023_Consolidated,2022-12-31,2023-01-01,1,0,-,-,-,-,-,-,-,-,-,-,-,-,-,-,-,-,-,-,-,-,-,-,-,-,-,-,-,-,-,-,-,-,-,-,-,-,-,-,-,-,-,-,-,-,-,-,-,-,-,-,-,-,-,-,-,-,-,-,-,-,-,-,-,-,-,-,-,-,-,-,-,-,-,-,-,-,-,-,-,-,-,-,-,-,-,-,-,-,-,-,-,-,-,-,-,-,-,-,-,-,-,-,-,-,-,-,-
"Boynton Beach, Palm Beach County, Florida, United States",city,https://app.monqcle.com/org/cphlr/project/drug-paraphernalia-laws-1689792283/record/77476,DPL_2025_Consolidated,2022-12-31,2024-12-31,1,0,-,-,-,-,-,-,-,-,-,-,-,-,-,-,-,-,-,-,-,-,-,-,-,-,-,-,-,-,-,-,-,-,-,-,-,-,-,-,-,-,-,-,-,-,-,-,-,-,-,-,-,-,-,-,-,-,-,-,-,-,-,-,-,-,-,-,-,-,-,-,-,-,-,-,-,-,-,-,-,-,-,-,-,-,-,-,-,-,-,-,-,-,-,-,-,-,-,-,-,-,-,-,-,-,-,-,-
"Bridgeport, Greater Bridgeport Planning Region, Connecticut, United States",city,https://app.monqcle.com/org/cphlr/project/drug-paraphernalia-laws-1689792283/record/75771,DPL_2025_Consolidated,2022-12-31,2024-12-31,1,0,-,-,-,-,-,-,-,-,-,-,-,-,-,-,-,-,-,-,-,-,-,-,-,-,-,-,-,-,-,-,-,-,-,-,-,-,-,-,-,-,-,-,-,-,-,-,-,-,-,-,-,-,-,-,-,-,-,-,-,-,-,-,-,-,-,-,-,-,-,-,-,-,-,-,-,-,-,-,-,-,-,-,-,-,-,-,-,-,-,-,-,-,-,-,-,-,-,-,-,-,-,-,-,-,-,-,-
"Bridgeport, Greater Bridgeport Planning Region, Connecticut, United States",city,https://app.monqcle.com/org/cphlr/project/drug-paraphernalia-laws-1689792283/record/64172,DPL_2023_Consolidated,2022-12-31,2023-01-01,1,0,-,-,-,-,-,-,-,-,-,-,-,-,-,-,-,-,-,-,-,-,-,-,-,-,-,-,-,-,-,-,-,-,-,-,-,-,-,-,-,-,-,-,-,-,-,-,-,-,-,-,-,-,-,-,-,-,-,-,-,-,-,-,-,-,-,-,-,-,-,-,-,-,-,-,-,-,-,-,-,-,-,-,-,-,-,-,-,-,-,-,-,-,-,-,-,-,-,-,-,-,-,-,-,-,-,-,-
"Brockton, Plymouth County, Massachusetts, United States",city,https://app.monqcle.com/org/cphlr/project/drug-paraphernalia-laws-1689792283/record/76983,DPL_2025_Consolidated,2022-12-31,2024-12-31,1,0,-,-,-,-,-,-,-,-,-,-,-,-,-,-,-,-,-,-,-,-,-,-,-,-,-,-,-,-,-,-,-,-,-,-,-,-,-,-,-,-,-,-,-,-,-,-,-,-,-,-,-,-,-,-,-,-,-,-,-,-,-,-,-,-,-,-,-,-,-,-,-,-,-,-,-,-,-,-,-,-,-,-,-,-,-,-,-,-,-,-,-,-,-,-,-,-,-,-,-,-,-,-,-,-,-,-,-
"Brockton, Plymouth County, Massachusetts, United States",city,https://app.monqcle.com/org/cphlr/project/drug-paraphernalia-laws-1689792283/record/63513,DPL_2023_Consolidated,2022-12-31,2023-01-01,1,0,-,-,-,-,-,-,-,-,-,-,-,-,-,-,-,-,-,-,-,-,-,-,-,-,-,-,-,-,-,-,-,-,-,-,-,-,-,-,-,-,-,-,-,-,-,-,-,-,-,-,-,-,-,-,-,-,-,-,-,-,-,-,-,-,-,-,-,-,-,-,-,-,-,-,-,-,-,-,-,-,-,-,-,-,-,-,-,-,-,-,-,-,-,-,-,-,-,-,-,-,-,-,-,-,-,-,-
"Broken Arrow, Tulsa County, Oklahoma, United States",city,https://app.monqcle.com/org/cphlr/project/drug-paraphernalia-laws-1689792283/record/63918,DPL_2023_Consolidated,2022-12-31,2023-01-01,11,1,-,-,-,Municode,-,-,-,https://library.municode.com/ok/broken_arrow/codes/code_of_ordinances?nodeId=COOR_CH16OFIS_ARTIINGE_S16-28.1PRPODEMADRPAEXPE,-,-,-,08/21/2018,-,-,-,-,-,-,-,11/23/2023,-,-,-,"Known, current through date published in ordinance",-,-,-,Both (ARCHIVE) ,"Sec. 16-28.1. - Prohibiti,Sec. 16-28.1. - Prohibiti",-,-,-,-,-,-,-,-,-,-,"Syringes, hypodermic needles, other inject/ion/ing equipment/instrument/supplies , Pipes, other smoke/ing or inhal/ing/ation equipment or supplies, Other",Sec. 16-28.1. - Prohibiti,-,-,"Sales (ARCHIVE), Non-sale distribution/delivery (ARCHIVE), Possession, possession with intent to use, keep, Use, Manufacturing, manufacture with intent to deliver or sell","Sec. 16-28.1. - Prohibiti,Sec. 16-28.1. - Prohibiti",-,-,Criminal (ARCHIVE) ,Sec. 16-28.1. -,-,-,"Syringes for approved medical use (i.e. diabetes) , Professionals acting in their course of business [e.g. pharmacists, physicians, manufacturers]","Sec. 16-28.1. - Prohibiti,Sec. 16-28.1. - Prohibiti",-,-,-,-,-,-,-,-,-,-,-,-,-,-,-,-,-,-,-,-,-,-,-,-,-,-,-,-,-,-,-,-,-,-,-,-,-,-,-,-,-,-,-,-,-,-,-,-,-,-,-,-,-,-
"Broken Arrow, Tulsa County, Oklahoma, United States",city,https://app.monqcle.com/org/cphlr/project/drug-paraphernalia-laws-1689792283/record/76620,DPL_2025_Consolidated,2022-12-31,2024-12-31,13,1,-,-,-,Municode,-,-,-,https://library.municode.com/ok/broken_arrow/codes/code_of_ordinances?nodeId=COOR_CH16OFIS_ARTIINGE_S16-28.1PRPODEMADRPAEXPE,-,-,-,08/21/2018,-,-,-,-,-,-,-,09/05/2025,-,-,-,"Known, current through date published in ordinance",-,-,-,Both (ARCHIVE) ,-,-,-,0,-,-,-,-,-,-,-,"Syringes, hypodermic needles, other inject/ion/ing equipment/instrument/supplies , Pipes, other smoke/ing or inhal/ing/ation equipment or supplies, Other",Sec. 16-28.1. - Prohibiti,-,-,"Sales, possession with intent to sell, offer for sale (NEW), Delivery, possession with intent to deliver/distribute, distribution, transfer, furnish, exchange (NEW), Possession, possession with intent to use, keep, Use, Manufacturing, manufacture with intent to deliver or sell","Sec. 16-28.1. - Prohibiti,Sec. 16-28.1. - Prohibiti",-,-,"Unspecified Fine (NEW), Incarceration (NEW)",Sec. 16-28.1. -,-,-,"Paraphernalia for consumption of cannabis, generally or medical use (NEW), Professionals acting in their course of business [e.g. pharmacists, physicians, manufacturers]","Sec. 16-28.1. - Prohibiti,Sec. 16-28.1. - Prohibiti",-,-,-,-,-,-,-,-,-,-,"Possession, Use",-,-,-,-,-,-,-,-,-,-,-,-,-,-,-,-,-,-,-,-,-,-,-,-,-,-,-,-,-,-,-,-,-,-,-,-,-,-,-,-,-,-,-
"Brooklyn Park, Hennepin County, Minnesota, United States",city,https://app.monqcle.com/org/cphlr/project/drug-paraphernalia-laws-1689792283/record/77528,DPL_2025_Consolidated,2022-12-31,2024-12-31,12,1,-,-,-,ALP,-,-,-,https://codelibrary.amlegal.com/codes/brooklynpark/latest/brooklynpark_mn/0-0-0-8155,-,-,-,06/11/1984,-,-,-,-,-,-,-,06/30/2025,-,-,-,"Known, current through date published in ordinance",-,-,-,Both (ARCHIVE) ,-,-,-,0,-,-,-,-,-,-,-,"Syringes, hypodermic needles, other inject/ion/ing equipment/instrument/supplies ",§ 135.08,-,-,"Possession, possession with intent to use, keep",§ 135.08,-,-,"Misdemeanor (NEW), Unspecified Fine (NEW), Incarceration (NEW)",§ 10.99 GENERAL PENALTY.,-,-,"Syringes for approved medical use (i.e. diabetes) , Professionals acting in their course of business [e.g. pharmacists, physicians, manufacturers]","§ 135.08,§ 135.08",-,-,-,-,-,-,-,-,-,-,-,-,-,-,-,-,-,-,-,-,-,-,-,-,-,-,-,-,-,-,-,-,-,-,-,-,-,-,-,-,-,-,-,-,-,-,-,-,-,-,-,-,-,-
"Brooklyn Park, Hennepin County, Minnesota, United States",city,https://app.monqcle.com/org/cphlr/project/drug-paraphernalia-laws-1689792283/record/63687,DPL_2023_Consolidated,2022-12-31,2023-01-01,11,1,-,-,-,ALP,-,-,-,https://codelibrary.amlegal.com/codes/brooklynpark/latest/brooklynpark_mn/0-0-0-8155,-,-,-,06/11/1984,-,-,-,-,-,-,-,09/30/2023,-,-,-,"Known, current through date published in ordinance",-,-,-,Both (ARCHIVE) ,§ 135.08,-,-,-,-,-,-,-,-,-,-,"Syringes, hypodermic needles, other inject/ion/ing equipment/instrument/supplies ",§ 135.08,-,-,"Possession, possession with intent to use, keep",§ 135.08,-,-,Criminal (ARCHIVE) ,§ 10.99 GENERAL PENALTY.,-,-,"Syringes for approved medical use (i.e. diabetes) , Professionals acting in their course of business [e.g. pharmacists, physicians, manufacturers]","§ 135.08,§ 135.08",-,-,-,-,-,-,-,-,-,-,-,-,-,-,-,-,-,-,-,-,-,-,-,-,-,-,-,-,-,-,-,-,-,-,-,-,-,-,-,-,-,-,-,-,-,-,-,-,-,-,-,-,-,-
"Brownsville, Cameron County, Texas, United States",city,https://app.monqcle.com/org/cphlr/project/drug-paraphernalia-laws-1689792283/record/62650,DPL_2023_Consolidated,2022-12-31,2023-01-01,1,0,-,-,-,-,-,-,-,-,-,-,-,-,-,-,-,-,-,-,-,-,-,-,-,-,-,-,-,-,-,-,-,-,-,-,-,-,-,-,-,-,-,-,-,-,-,-,-,-,-,-,-,-,-,-,-,-,-,-,-,-,-,-,-,-,-,-,-,-,-,-,-,-,-,-,-,-,-,-,-,-,-,-,-,-,-,-,-,-,-,-,-,-,-,-,-,-,-,-,-,-,-,-,-,-,-,-,-
"Brownsville, Cameron County, Texas, United States",city,https://app.monqcle.com/org/cphlr/project/drug-paraphernalia-laws-1689792283/record/75354,DPL_2025_Consolidated,2022-12-31,2024-12-31,1,0,-,-,-,-,-,-,-,-,-,-,-,-,-,-,-,-,-,-,-,-,-,-,-,-,-,-,-,-,-,-,-,-,-,-,-,-,-,-,-,-,-,-,-,-,-,-,-,-,-,-,-,-,-,-,-,-,-,-,-,-,-,-,-,-,-,-,-,-,-,-,-,-,-,-,-,-,-,-,-,-,-,-,-,-,-,-,-,-,-,-,-,-,-,-,-,-,-,-,-,-,-,-,-,-,-,-,-
"Bryan, Brazos County, Texas, United States",city,https://app.monqcle.com/org/cphlr/project/drug-paraphernalia-laws-1689792283/record/77744,DPL_2025_AD,2022-12-31,2024-12-31,11,1,-,-,-,Municode,-,-,-,https://library.municode.com/tx/bryan/codes/code_of_ordinances?nodeId=PTIICOOR_CH82OFMIPR_ARTIINGE_S82-12ILSMPRREPAPR,-,-,-,09/07/2010,-,-,-,-,-,-,-,07/09/2025,-,-,-,"Known, current through date published in ordinance",-,-,-,-,-,-,-,0,-,-,-,-,-,-,-,"Syringes, hypodermic needles, other inject/ion/ing equipment/instrument/supplies , Pipes, other smoke/ing or inhal/ing/ation equipment or supplies, Other",-,"Only prohibited for possession/use with ""illegal smoking product"" defined as
""(2) Illegal smoking product means any plant or other substance, whether described as tobacco, herbs, incense, spice or any blend thereof, including any of the marketed names of illegal smoking products; regardless of whether the substance is marketed for the purpose of being smoked, which includes any one or more of the following substances or chemicals:

a. Salvia divinorum or salvinorin A; all parts of the plant presently classified botanically as salvia divinorum, whether growing or not, the seeds thereof, any extract from any part of such plant, and every compound, manufacture, salts, derivative, mixture or preparation of such plant, its seeds or extracts;

b. 2-[(1R,3S)-3-hydroxycyclohexyl]-5-(2-methyloctan-2-yl)phenol (also known as CP47,497) and homologues;

c. (6aS,10aS)-9-(hydroxymethyl)-6,6-dimethyl-3-(2-methyloctan-2-yl)-6a,7,10,10a-tetrahydrobenzo[c]chromen-1-ol (also known as HU-211 or Dexanabinol);

d. 1-pentyl-3-(1-naphthoyl)indole (also known as JWH-018);

e. 1-butyl-3-(1-naphthoyl)indole (also known as JWH-073); or

f. 1-pentyl-3-(4-methoxynaphthoyl)indole (also known as JWH-081).

(3) Marketed names of illegal smoking products means the following commercial names in which some or all of the illegal smoking products are being marketed under:

a. ""Dascents"", ""Fire N Ice"", ""Genie"", ""K-2"", ""K-2 Sex"", ""K-2 Summit"", ""K O Knock-Out 2"", ""Pep Spice"", ""Sage"", ""Salvia Divinorum"", ""Solar Flare"", ""Spice"", ""Spice Cannabinoid"", ""Spice Diamond"", ""Spice Gold"", ""Yucatan Fire"", and ""Zohai""."" ",-,"Possession, possession with intent to use, keep, Use",-,"Only prohibited for possesion/use with ""illegal smoking product"" defined as 
""(2) Illegal smoking product means any plant or other substance, whether described as tobacco, herbs, incense, spice or any blend thereof, including any of the marketed names of illegal smoking products; regardless of whether the substance is marketed for the purpose of being smoked, which includes any one or more of the following substances or chemicals:

a. Salvia divinorum or salvinorin A; all parts of the plant presently classified botanically as salvia divinorum, whether growing or not, the seeds thereof, any extract from any part of such plant, and every compound, manufacture, salts, derivative, mixture or preparation of such plant, its seeds or extracts;

b. 2-[(1R,3S)-3-hydroxycyclohexyl]-5-(2-methyloctan-2-yl)phenol (also known as CP47,497) and homologues;

c. (6aS,10aS)-9-(hydroxymethyl)-6,6-dimethyl-3-(2-methyloctan-2-yl)-6a,7,10,10a-tetrahydrobenzo[c]chromen-1-ol (also known as HU-211 or Dexanabinol);

d. 1-pentyl-3-(1-naphthoyl)indole (also known as JWH-018);

e. 1-butyl-3-(1-naphthoyl)indole (also known as JWH-073); or

f. 1-pentyl-3-(4-methoxynaphthoyl)indole (also known as JWH-081).

(3) Marketed names of illegal smoking products means the following commercial names in which some or all of the illegal smoking products are being marketed under:

a. ""Dascents"", ""Fire N Ice"", ""Genie"", ""K-2"", ""K-2 Sex"", ""K-2 Summit"", ""K O Knock-Out 2"", ""Pep Spice"", ""Sage"", ""Salvia Divinorum"", ""Solar Flare"", ""Spice"", ""Spice Cannabinoid"", ""Spice Diamond"", ""Spice Gold"", ""Yucatan Fire"", and ""Zohai""."" ",-,Unspecified Fine (NEW),-,-,-,"Syringes for approved medical use (i.e. diabetes) , Other paraphernalia for approved medical use, Professionals acting in their course of business [e.g. pharmacists, physicians, manufacturers], Public officials in the course of their duties, generally",-,-,-,-,-,-,-,-,-,-,-,-,-,-,-,-,-,-,-,-,-,-,-,-,-,-,-,-,-,-,-,-,-,-,-,-,-,-,-,-,-,-,-,-,-,-,-,-,-,-,-,-,-,-,-
"Bryan, Brazos County, Texas, United States",city,https://app.monqcle.com/org/cphlr/project/drug-paraphernalia-laws-1689792283/record/77319,DPL_2025_Consolidated,2022-12-31,2024-12-31,12,1,-,-,-,Municode,-,-,-,https://library.municode.com/tx/bryan/codes/code_of_ordinances/411005?nodeId=PTIICOOR_CH82OFMIPR_ARTIINGE_S82-12ILSMPRREPAPR,-,-,-,09/07/2010,-,-,-,-,-,-,-,07/09/2025,-,-,-,"Known, current through date published in ordinance",-,-,-,Neither (ARCHIVE),-,-,-,0,-,-,-,-,-,-,-,"Syringes, hypodermic needles, other inject/ion/ing equipment/instrument/supplies , Pipes, other smoke/ing or inhal/ing/ation equipment or supplies, Other","Sec. 82-12. -,Sec. 82-12. - Illegal smo","Only prohibited for possession/use with ""illegal smoking product"" defined as
""(2) Illegal smoking product means any plant or other substance, whether described as tobacco, herbs, incense, spice or any blend thereof, including any of the marketed names of illegal smoking products; regardless of whether the substance is marketed for the purpose of being smoked, which includes any one or more of the following substances or chemicals:

a. Salvia divinorum or salvinorin A; all parts of the plant presently classified botanically as salvia divinorum, whether growing or not, the seeds thereof, any extract from any part of such plant, and every compound, manufacture, salts, derivative, mixture or preparation of such plant, its seeds or extracts;

b. 2-[(1R,3S)-3-hydroxycyclohexyl]-5-(2-methyloctan-2-yl)phenol (also known as CP47,497) and homologues;

c. (6aS,10aS)-9-(hydroxymethyl)-6,6-dimethyl-3-(2-methyloctan-2-yl)-6a,7,10,10a-tetrahydrobenzo[c]chromen-1-ol (also known as HU-211 or Dexanabinol);

d. 1-pentyl-3-(1-naphthoyl)indole (also known as JWH-018);

e. 1-butyl-3-(1-naphthoyl)indole (also known as JWH-073); or

f. 1-pentyl-3-(4-methoxynaphthoyl)indole (also known as JWH-081).

(3) Marketed names of illegal smoking products means the following commercial names in which some or all of the illegal smoking products are being marketed under:

a. ""Dascents"", ""Fire N Ice"", ""Genie"", ""K-2"", ""K-2 Sex"", ""K-2 Summit"", ""K O Knock-Out 2"", ""Pep Spice"", ""Sage"", ""Salvia Divinorum"", ""Solar Flare"", ""Spice"", ""Spice Cannabinoid"", ""Spice Diamond"", ""Spice Gold"", ""Yucatan Fire"", and ""Zohai""."" ",-,"Possession, possession with intent to use, keep, Use",Sec. 82-12. -,"Only prohibited for possession/use with ""illegal smoking product"" defined as
""(2) Illegal smoking product means any plant or other substance, whether described as tobacco, herbs, incense, spice or any blend thereof, including any of the marketed names of illegal smoking products; regardless of whether the substance is marketed for the purpose of being smoked, which includes any one or more of the following substances or chemicals:

a. Salvia divinorum or salvinorin A; all parts of the plant presently classified botanically as salvia divinorum, whether growing or not, the seeds thereof, any extract from any part of such plant, and every compound, manufacture, salts, derivative, mixture or preparation of such plant, its seeds or extracts;

b. 2-[(1R,3S)-3-hydroxycyclohexyl]-5-(2-methyloctan-2-yl)phenol (also known as CP47,497) and homologues;

c. (6aS,10aS)-9-(hydroxymethyl)-6,6-dimethyl-3-(2-methyloctan-2-yl)-6a,7,10,10a-tetrahydrobenzo[c]chromen-1-ol (also known as HU-211 or Dexanabinol);

d. 1-pentyl-3-(1-naphthoyl)indole (also known as JWH-018);

e. 1-butyl-3-(1-naphthoyl)indole (also known as JWH-073); or

f. 1-pentyl-3-(4-methoxynaphthoyl)indole (also known as JWH-081).

(3) Marketed names of illegal smoking products means the following commercial names in which some or all of the illegal smoking products are being marketed under:

a. ""Dascents"", ""Fire N Ice"", ""Genie"", ""K-2"", ""K-2 Sex"", ""K-2 Summit"", ""K O Knock-Out 2"", ""Pep Spice"", ""Sage"", ""Salvia Divinorum"", ""Solar Flare"", ""Spice"", ""Spice Cannabinoid"", ""Spice Diamond"", ""Spice Gold"", ""Yucatan Fire"", and ""Zohai""."" ",-,Unspecified Fine (NEW),Sec. 82-12. -,-,-,"Syringes for approved medical use (i.e. diabetes) , Other paraphernalia for approved medical use, Professionals acting in their course of business [e.g. pharmacists, physicians, manufacturers], Public officials in the course of their duties, generally",Sec. 82-12. -,-,-,-,-,-,-,-,-,-,-,-,-,-,-,-,-,-,-,-,-,-,-,-,-,-,-,-,-,-,-,-,-,-,-,-,-,-,-,-,-,-,-,-,-,-,-,-,-,-,-,-,-,-,-
"Bryan, Brazos County, Texas, United States",city,https://app.monqcle.com/org/cphlr/project/drug-paraphernalia-laws-1689792283/record/63927,DPL_2023_Consolidated,2022-12-31,2023-01-01,11,1,-,-,-,Municode,-,-,-,https://library.municode.com/tx/bryan/codes/code_of_ordinances/411005?nodeId=PTIICOOR_CH82OFMIPR_ARTIINGE_S82-12ILSMPRREPAPR,-,-,-,09/07/2010,-,-,-,-,-,-,-,05/08/2023,-,-,-,"Known, current through date published in ordinance",-,-,-,Neither (ARCHIVE),-,-,-,-,-,-,-,-,-,-,-,"Syringes, hypodermic needles, other inject/ion/ing equipment/instrument/supplies , Pipes, other smoke/ing or inhal/ing/ation equipment or supplies, Other","Sec. 82-12. -,Sec. 82-12. - Illegal smo",-,-,"Possession, possession with intent to use, keep, Use",Sec. 82-12. -,-,-,Criminal (ARCHIVE) ,Sec. 82-12. -,-,-,"Other paraphernalia for approved medical use, Professionals acting in their course of business [e.g. pharmacists, physicians, manufacturers], Public officials in the course of their duties, generally",Sec. 82-12. -,-,-,-,-,-,-,-,-,-,-,-,-,-,-,-,-,-,-,-,-,-,-,-,-,-,-,-,-,-,-,-,-,-,-,-,-,-,-,-,-,-,-,-,-,-,-,-,-,-,-,-,-,-,-
"Buena Park, Orange County, California, United States",city,https://app.monqcle.com/org/cphlr/project/drug-paraphernalia-laws-1689792283/record/76898,DPL_2025_Consolidated,2022-12-31,2024-12-31,1,0,-,-,-,-,-,-,-,-,-,-,-,-,-,-,-,-,-,-,-,-,-,-,-,-,-,-,-,-,-,-,-,-,-,-,-,-,-,-,-,-,-,-,-,-,-,-,-,-,-,-,-,-,-,-,-,-,-,-,-,-,-,-,-,-,-,-,-,-,-,-,-,-,-,-,-,-,-,-,-,-,-,-,-,-,-,-,-,-,-,-,-,-,-,-,-,-,-,-,-,-,-,-,-,-,-,-,-
"Buena Park, Orange County, California, United States",city,https://app.monqcle.com/org/cphlr/project/drug-paraphernalia-laws-1689792283/record/62857,DPL_2023_Consolidated,2022-12-31,2023-01-01,1,0,-,-,-,-,-,-,-,-,-,-,-,-,-,-,-,-,-,-,-,-,-,-,-,-,-,-,-,-,-,-,-,-,-,-,-,-,-,-,-,-,-,-,-,-,-,-,-,-,-,-,-,-,-,-,-,-,-,-,-,-,-,-,-,-,-,-,-,-,-,-,-,-,-,-,-,-,-,-,-,-,-,-,-,-,-,-,-,-,-,-,-,-,-,-,-,-,-,-,-,-,-,-,-,-,-,-,-
"Buffalo, Erie County, New York, United States",city,https://app.monqcle.com/org/cphlr/project/drug-paraphernalia-laws-1689792283/record/63426,DPL_2023_Consolidated,2022-12-31,2023-01-01,1,0,-,-,-,-,-,-,-,-,-,-,-,-,-,-,-,-,-,-,-,-,-,-,-,-,-,-,-,-,-,-,-,-,-,-,-,-,-,-,-,-,-,-,-,-,-,-,-,-,-,-,-,-,-,-,-,-,-,-,-,-,-,-,-,-,-,-,-,-,-,-,-,-,-,-,-,-,-,-,-,-,-,-,-,-,-,-,-,-,-,-,-,-,-,-,-,-,-,-,-,-,-,-,-,-,-,-,-
"Buffalo, Erie County, New York, United States",city,https://app.monqcle.com/org/cphlr/project/drug-paraphernalia-laws-1689792283/record/75150,DPL_2025_Consolidated,2022-12-31,2024-12-31,1,0,-,-,-,-,-,-,-,-,-,-,-,-,-,-,-,-,-,-,-,-,-,-,-,-,-,-,-,-,-,-,-,-,-,-,-,-,-,-,-,-,-,-,-,-,-,-,-,-,-,-,-,-,-,-,-,-,-,-,-,-,-,-,-,-,-,-,-,-,-,-,-,-,-,-,-,-,-,-,-,-,-,-,-,-,-,-,-,-,-,-,-,-,-,-,-,-,-,-,-,-,-,-,-,-,-,-,-
"Burbank, Los Angeles County, California, United States",city,https://app.monqcle.com/org/cphlr/project/drug-paraphernalia-laws-1689792283/record/63326,DPL_2023_Consolidated ,2022-12-31,2023-01-01,1,0,-,-,-,-,-,-,-,-,-,-,-,-,-,-,-,-,-,-,-,-,-,-,-,-,-,-,-,-,-,-,-,-,-,-,-,-,-,-,-,-,-,-,-,-,-,-,-,-,-,-,-,-,-,-,-,-,-,-,-,-,-,-,-,-,-,-,-,-,-,-,-,-,-,-,-,-,-,-,-,-,-,-,-,-,-,-,-,-,-,-,-,-,-,-,-,-,-,-,-,-,-,-,-,-,-,-,-
"Burbank, Los Angeles County, California, United States",city,https://app.monqcle.com/org/cphlr/project/drug-paraphernalia-laws-1689792283/record/76390,DPL_2025_Consolidated,2022-12-31,2024-12-31,1,0,-,-,-,-,-,-,-,-,-,-,-,-,-,-,-,-,-,-,-,-,-,-,-,-,-,-,-,-,-,-,-,-,-,-,-,-,-,-,-,-,-,-,-,-,-,-,-,-,-,-,-,-,-,-,-,-,-,-,-,-,-,-,-,-,-,-,-,-,-,-,-,-,-,-,-,-,-,-,-,-,-,-,-,-,-,-,-,-,-,-,-,-,-,-,-,-,-,-,-,-,-,-,-,-,-,-,-
"Burlington, Chittenden County, Vermont, United States",city,https://app.monqcle.com/org/cphlr/project/drug-paraphernalia-laws-1689792283/record/77371,DPL_2025_Consolidated,2022-12-31,2024-12-31,1,0,-,-,-,-,-,-,-,-,-,-,-,-,-,-,-,-,-,-,-,-,-,-,-,-,-,-,-,-,-,-,-,-,-,-,-,-,-,-,-,-,-,-,-,-,-,-,-,-,-,-,-,-,-,-,-,-,-,-,-,-,-,-,-,-,-,-,-,-,-,-,-,-,-,-,-,-,-,-,-,-,-,-,-,-,-,-,-,-,-,-,-,-,-,-,-,-,-,-,-,-,-,-,-,-,-,-,-
"Burlington, Chittenden County, Vermont, United States",city,https://app.monqcle.com/org/cphlr/project/drug-paraphernalia-laws-1689792283/record/64183,DPL_2023_Consolidated,2022-12-31,2023-01-01,1,0,-,-,-,-,-,-,-,-,-,-,-,-,-,-,-,-,-,-,-,-,-,-,-,-,-,-,-,-,-,-,-,-,-,-,-,-,-,-,-,-,-,-,-,-,-,-,-,-,-,-,-,-,-,-,-,-,-,-,-,-,-,-,-,-,-,-,-,-,-,-,-,-,-,-,-,-,-,-,-,-,-,-,-,-,-,-,-,-,-,-,-,-,-,-,-,-,-,-,-,-,-,-,-,-,-,-,-
"Cambridge, Middlesex County, Massachusetts, United States",city,https://app.monqcle.com/org/cphlr/project/drug-paraphernalia-laws-1689792283/record/64148,DPL_2023_Consolidated ,2022-12-31,2023-01-01,1,0,-,-,-,-,-,-,-,-,-,-,-,-,-,-,-,-,-,-,-,-,-,-,-,-,-,-,-,-,-,-,-,-,-,-,-,-,-,-,-,-,-,-,-,-,-,-,-,-,-,-,-,-,-,-,-,-,-,-,-,-,-,-,-,-,-,-,-,-,-,-,-,-,-,-,-,-,-,-,-,-,-,-,-,-,-,-,-,-,-,-,-,-,-,-,-,-,-,-,-,-,-,-,-,-,-,-,-
"Cambridge, Middlesex County, Massachusetts, United States",city,https://app.monqcle.com/org/cphlr/project/drug-paraphernalia-laws-1689792283/record/76192,DPL_2025_Consolidated,2022-12-31,2024-12-31,1,0,-,-,-,-,-,-,-,-,-,-,-,-,-,-,-,-,-,-,-,-,-,-,-,-,-,-,-,-,-,-,-,-,-,-,-,-,-,-,-,-,-,-,-,-,-,-,-,-,-,-,-,-,-,-,-,-,-,-,-,-,-,-,-,-,-,-,-,-,-,-,-,-,-,-,-,-,-,-,-,-,-,-,-,-,-,-,-,-,-,-,-,-,-,-,-,-,-,-,-,-,-,-,-,-,-,-,-
"Cape Coral, Lee County, Florida, United States",city,https://app.monqcle.com/org/cphlr/project/drug-paraphernalia-laws-1689792283/record/63107,DPL_2023_Consolidated,2022-12-31,2023-01-01,1,0,-,-,-,-,-,-,-,-,-,-,-,-,-,-,-,-,-,-,-,-,-,-,-,-,-,-,-,-,-,-,-,-,-,-,-,-,-,-,-,-,-,-,-,-,-,-,-,-,-,-,-,-,-,-,-,-,-,-,-,-,-,-,-,-,-,-,-,-,-,-,-,-,-,-,-,-,-,-,-,-,-,-,-,-,-,-,-,-,-,-,-,-,-,-,-,-,-,-,-,-,-,-,-,-,-,-,-
"Cape Coral, Lee County, Florida, United States",city,https://app.monqcle.com/org/cphlr/project/drug-paraphernalia-laws-1689792283/record/75382,DPL_2025_Consolidated,2022-12-31,2024-12-31,1,0,-,-,-,-,-,-,-,-,-,-,-,-,-,-,-,-,-,-,-,-,-,-,-,-,-,-,-,-,-,-,-,-,-,-,-,-,-,-,-,-,-,-,-,-,-,-,-,-,-,-,-,-,-,-,-,-,-,-,-,-,-,-,-,-,-,-,-,-,-,-,-,-,-,-,-,-,-,-,-,-,-,-,-,-,-,-,-,-,-,-,-,-,-,-,-,-,-,-,-,-,-,-,-,-,-,-,-
"Carlsbad, San Diego County, California, United States",city,https://app.monqcle.com/org/cphlr/project/drug-paraphernalia-laws-1689792283/record/76064,DPL_2025_Consolidated,2022-12-31,2024-12-31,1,0,-,-,-,-,-,-,-,-,-,-,-,-,-,-,-,-,-,-,-,-,-,-,-,-,-,-,-,-,-,-,-,-,-,-,-,-,-,-,-,-,-,-,-,-,-,-,-,-,-,-,-,-,-,-,-,-,-,-,-,-,-,-,-,-,-,-,-,-,-,-,-,-,-,-,-,-,-,-,-,-,-,-,-,-,-,-,-,-,-,-,-,-,-,-,-,-,-,-,-,-,-,-,-,-,-,-,-
"Carlsbad, San Diego County, California, United States",city,https://app.monqcle.com/org/cphlr/project/drug-paraphernalia-laws-1689792283/record/62668,DPL_2023_Consolidated,2022-12-31,2023-01-01,1,0,-,-,-,-,-,-,-,-,-,-,-,-,-,-,-,-,-,-,-,-,-,-,-,-,-,-,-,-,-,-,-,-,-,-,-,-,-,-,-,-,-,-,-,-,-,-,-,-,-,-,-,-,-,-,-,-,-,-,-,-,-,-,-,-,-,-,-,-,-,-,-,-,-,-,-,-,-,-,-,-,-,-,-,-,-,-,-,-,-,-,-,-,-,-,-,-,-,-,-,-,-,-,-,-,-,-,-
"Carmel, Hamilton County, Indiana, United States",city,https://app.monqcle.com/org/cphlr/project/drug-paraphernalia-laws-1689792283/record/63066,DPL_2023_Consolidated,2022-12-31,2023-01-01,1,0,-,-,-,-,-,-,-,-,-,-,-,-,-,-,-,-,-,-,-,-,-,-,-,-,-,-,-,-,-,-,-,-,-,-,-,-,-,-,-,-,-,-,-,-,-,-,-,-,-,-,-,-,-,-,-,-,-,-,-,-,-,-,-,-,-,-,-,-,-,-,-,-,-,-,-,-,-,-,-,-,-,-,-,-,-,-,-,-,-,-,-,-,-,-,-,-,-,-,-,-,-,-,-,-,-,-,-
"Carmel, Hamilton County, Indiana, United States",city,https://app.monqcle.com/org/cphlr/project/drug-paraphernalia-laws-1689792283/record/76453,DPL_2025_Consolidated,2022-12-31,2024-12-31,1,0,-,-,-,-,-,-,-,-,-,-,-,-,-,-,-,-,-,-,-,-,-,-,-,-,-,-,-,-,-,-,-,-,-,-,-,-,-,-,-,-,-,-,-,-,-,-,-,-,-,-,-,-,-,-,-,-,-,-,-,-,-,-,-,-,-,-,-,-,-,-,-,-,-,-,-,-,-,-,-,-,-,-,-,-,-,-,-,-,-,-,-,-,-,-,-,-,-,-,-,-,-,-,-,-,-,-,-
"Carrollton, Dallas County, Texas, United States",city,https://app.monqcle.com/org/cphlr/project/drug-paraphernalia-laws-1689792283/record/63312,DPL_2023_Consolidated,2022-12-31,2023-01-01,11,1,-,-,-,Municode,-,-,-,https://library.municode.com/tx/carrollton/codes/code_of_ordinances?nodeId=TITXIIIGEOF_CH130GEOF_OFAGPUPESA_S130.25ILSMPRINDE,-,-,-,09/07/2010,-,-,-,-,-,-,-,08/11/2023,-,-,-,"Known, current through date published in ordinance",-,-,-,Neither (ARCHIVE),-,-,-,-,-,-,-,-,-,-,-,"Syringes, hypodermic needles, other inject/ion/ing equipment/instrument/supplies , Pipes, other smoke/ing or inhal/ing/ation equipment or supplies, Other","Sec. 130.25. -,Sec. 130.25. - Illegal sm",-,-,"Possession, possession with intent to use, keep, Use",Sec. 130.25. -,-,-,Criminal (ARCHIVE) ,Sec. 130.25. - Illegal sm,-,-,None,-,-,-,-,-,-,-,-,-,-,-,-,-,-,-,-,-,-,-,-,-,-,-,-,-,-,-,-,-,-,-,-,-,-,-,-,-,-,-,-,-,-,-,-,-,-,-,-,-,-,-,-,-,-,-
"Carrollton, Dallas County, Texas, United States",city,https://app.monqcle.com/org/cphlr/project/drug-paraphernalia-laws-1689792283/record/75914,DPL_2025_Consolidated,2022-12-31,2024-12-31,12,1,-,-,-,Municode,-,-,-,https://library.municode.com/tx/carrollton/codes/code_of_ordinances?nodeId=TITXIIIGEOF_CH130GEOF_OFAGPUPESA_S130.25ILSMPRINDE,-,-,-,09/07/2010,-,-,-,-,-,-,-,07/22/2025,-,-,-,"Known, current through date published in ordinance",-,-,-,Neither (ARCHIVE),-,-,-,0,-,-,-,-,-,-,-,"Syringes, hypodermic needles, other inject/ion/ing equipment/instrument/supplies , Pipes, other smoke/ing or inhal/ing/ation equipment or supplies, Other","Sec. 130.25. - Illegal sm,Sec. 130.25. -","Only prohibited for possesion/use with ""illegal smoking product"" defined as 
""1)

Salvinorin A: Contained within the Salvia Divinorum plant, whether growing or not; or possessed as an extract, compound, manufacture, derivative, mixture, or preparation of such plant;

(2)

2-[(IR, 3S)-3-hydroxycyclohexyl]-5-(2-methylocatan-2-yl) phenol (also known as CP 47, 497) and homologues;

(3)

I-Pentyl-3-(l-naphthoyl) indole (also known as JWH-OI8); or

(4)

Butyl-3-(l-naphthoyl) indole (also known as JWH-073).""",-,"Possession, possession with intent to use, keep, Use",Sec. 130.25. -,"Only prohibited for possesion/use with ""illegal smoking product"" defined as 
""1)

Salvinorin A: Contained within the Salvia Divinorum plant, whether growing or not; or possessed as an extract, compound, manufacture, derivative, mixture, or preparation of such plant;

(2)

2-[(IR, 3S)-3-hydroxycyclohexyl]-5-(2-methylocatan-2-yl) phenol (also known as CP 47, 497) and homologues;

(3)

I-Pentyl-3-(l-naphthoyl) indole (also known as JWH-OI8); or

(4)

Butyl-3-(l-naphthoyl) indole (also known as JWH-073).""",-,Unspecified Fine (NEW),Sec. 130.25. - Illegal sm,-,-,None,-,-,-,-,-,-,-,-,-,-,-,-,-,-,-,-,-,-,-,-,-,-,-,-,-,-,-,-,-,-,-,-,-,-,-,-,-,-,-,-,-,-,-,-,-,-,-,-,-,-,-,-,-,-,-
"Carson, Los Angeles County, California, United States",city,https://app.monqcle.com/org/cphlr/project/drug-paraphernalia-laws-1689792283/record/62686,DPL_2023_Consolidated,2022-12-31,2023-01-01,1,0,-,-,-,-,-,-,-,-,-,-,-,-,-,-,-,-,-,-,-,-,-,-,-,-,-,-,-,-,-,-,-,-,-,-,-,-,-,-,-,-,-,-,-,-,-,-,-,-,-,-,-,-,-,-,-,-,-,-,-,-,-,-,-,-,-,-,-,-,-,-,-,-,-,-,-,-,-,-,-,-,-,-,-,-,-,-,-,-,-,-,-,-,-,-,-,-,-,-,-,-,-,-,-,-,-,-,-
"Carson, Los Angeles County, California, United States",city,https://app.monqcle.com/org/cphlr/project/drug-paraphernalia-laws-1689792283/record/76725,DPL_2025_Consolidated,2022-12-31,2024-12-31,1,0,-,-,-,-,-,-,-,-,-,-,-,-,-,-,-,-,-,-,-,-,-,-,-,-,-,-,-,-,-,-,-,-,-,-,-,-,-,-,-,-,-,-,-,-,-,-,-,-,-,-,-,-,-,-,-,-,-,-,-,-,-,-,-,-,-,-,-,-,-,-,-,-,-,-,-,-,-,-,-,-,-,-,-,-,-,-,-,-,-,-,-,-,-,-,-,-,-,-,-,-,-,-,-,-,-,-,-
"Cary, Wake County, North Carolina, United States",city,https://app.monqcle.com/org/cphlr/project/drug-paraphernalia-laws-1689792283/record/75504,DPL_2025_Consolidated,2022-12-31,2024-12-31,1,0,-,-,-,-,-,-,-,-,-,-,-,-,-,-,-,-,-,-,-,-,-,-,-,-,-,-,-,-,-,-,-,-,-,-,-,-,-,-,-,-,-,-,-,-,-,-,-,-,-,-,-,-,-,-,-,-,-,-,-,-,-,-,-,-,-,-,-,-,-,-,-,-,-,-,-,-,-,-,-,-,-,-,-,-,-,-,-,-,-,-,-,-,-,-,-,-,-,-,-,-,-,-,-,-,-,-,-
"Cary, Wake County, North Carolina, United States",city,https://app.monqcle.com/org/cphlr/project/drug-paraphernalia-laws-1689792283/record/63116,DPL_2023_Consolidated,2022-12-31,2023-01-01,1,0,-,-,-,-,-,-,-,-,-,-,-,-,-,-,-,-,-,-,-,-,-,-,-,-,-,-,-,-,-,-,-,-,-,-,-,-,-,-,-,-,-,-,-,-,-,-,-,-,-,-,-,-,-,-,-,-,-,-,-,-,-,-,-,-,-,-,-,-,-,-,-,-,-,-,-,-,-,-,-,-,-,-,-,-,-,-,-,-,-,-,-,-,-,-,-,-,-,-,-,-,-,-,-,-,-,-,-
"Casper, Natrona County, Wyoming, United States",city,https://app.monqcle.com/org/cphlr/project/drug-paraphernalia-laws-1689792283/record/63896,DPL_2023_Consolidated,2022-12-31,2023-01-01,1,0,-,-,-,-,-,-,-,-,-,-,-,-,-,-,-,-,-,-,-,-,-,-,-,-,-,-,-,-,-,-,-,-,-,-,-,-,-,-,-,-,-,-,-,-,-,-,-,-,-,-,-,-,-,-,-,-,-,-,-,-,-,-,-,-,-,-,-,-,-,-,-,-,-,-,-,-,-,-,-,-,-,-,-,-,-,-,-,-,-,-,-,-,-,-,-,-,-,-,-,-,-,-,-,-,-,-,-
"Casper, Natrona County, Wyoming, United States",city,https://app.monqcle.com/org/cphlr/project/drug-paraphernalia-laws-1689792283/record/77364,DPL_2025_Consolidated,2022-12-31,2024-12-31,1,0,-,-,-,-,-,-,-,-,-,-,-,-,-,-,-,-,-,-,-,-,-,-,-,-,-,-,-,-,-,-,-,-,-,-,-,-,-,-,-,-,-,-,-,-,-,-,-,-,-,-,-,-,-,-,-,-,-,-,-,-,-,-,-,-,-,-,-,-,-,-,-,-,-,-,-,-,-,-,-,-,-,-,-,-,-,-,-,-,-,-,-,-,-,-,-,-,-,-,-,-,-,-,-,-,-,-,-
"Cedar Park, Williamson County, Texas, United States",city,https://app.monqcle.com/org/cphlr/project/drug-paraphernalia-laws-1689792283/record/77112,DPL_2025_Consolidated,2022-12-31,2024-12-31,1,0,-,-,-,-,-,-,-,-,-,-,-,-,-,-,-,-,-,-,-,-,-,-,-,-,-,-,-,-,-,-,-,-,-,-,-,-,-,-,-,-,-,-,-,-,-,-,-,-,-,-,-,-,-,-,-,-,-,-,-,-,-,-,-,-,-,-,-,-,-,-,-,-,-,-,-,-,-,-,-,-,-,-,-,-,-,-,-,-,-,-,-,-,-,-,-,-,-,-,-,-,-,-,-,-,-,-,-
"Cedar Park, Williamson County, Texas, United States",city,https://app.monqcle.com/org/cphlr/project/drug-paraphernalia-laws-1689792283/record/63675,DPL_2023_Consolidated,2022-12-31,2023-01-01,1,0,-,-,-,-,-,-,-,-,-,-,-,-,-,-,-,-,-,-,-,-,-,-,-,-,-,-,-,-,-,-,-,-,-,-,-,-,-,-,-,-,-,-,-,-,-,-,-,-,-,-,-,-,-,-,-,-,-,-,-,-,-,-,-,-,-,-,-,-,-,-,-,-,-,-,-,-,-,-,-,-,-,-,-,-,-,-,-,-,-,-,-,-,-,-,-,-,-,-,-,-,-,-,-,-,-,-,-
"Cedar Rapids, Linn County, Iowa, United States",city,https://app.monqcle.com/org/cphlr/project/drug-paraphernalia-laws-1689792283/record/75920,DPL_2025_Consolidated,2022-12-31,2024-12-31,12,1,-,-,-,Municode,-,-,-,https://library.municode.com/ia/cedar_rapids/codes/code_of_ordinances?nodeId=CH57DRPA,-,-,-,08/18/1982,-,-,-,-,-,-,-,09/05/2025,-,-,-,"Known, current through date published in ordinance",-,-,-,Both (ARCHIVE) ,-,-,-,0,-,-,-,-,-,-,-,"Syringes, hypodermic needles, other inject/ion/ing equipment/instrument/supplies , Pipes, other smoke/ing or inhal/ing/ation equipment or supplies, Drug test/ing or check/ing equipment or supplies, Other",CHAPTER 57 - DRUG PARAPHE,-,-,"Delivery, possession with intent to deliver/distribute, distribution, transfer, furnish, exchange (NEW), Possession, possession with intent to use, keep, Use, Manufacturing, manufacture with intent to deliver or sell",CHAPTER 57 - DRUG PARAPHE,-,-,"""Unlawful"" only (NEW)",CHAPTER 57 - DRUG PARAPHE,-,-,None,-,-,-,-,-,-,-,-,-,-,-,-,-,-,-,-,-,-,-,-,-,-,-,-,-,-,-,-,-,-,-,-,-,-,-,-,-,-,-,-,-,-,-,-,-,-,-,-,-,-,-,-,-,-,-
"Cedar Rapids, Linn County, Iowa, United States",city,https://app.monqcle.com/org/cphlr/project/drug-paraphernalia-laws-1689792283/record/63212,DPL_2023_Consolidated,2022-12-31,2023-01-01,11,1,-,-,-,Municode,-,-,-,https://library.municode.com/ia/cedar_rapids/codes/code_of_ordinances?nodeId=CH57DRPA,-,-,-,08/18/1982,-,-,-,-,-,-,-,08/18/2023,-,-,-,"Known, current through date published in ordinance",-,-,-,Both (ARCHIVE) ,"CHAPTER 57 -,CHAPTER 57 -",-,-,-,-,-,-,-,-,-,-,"Syringes, hypodermic needles, other inject/ion/ing equipment/instrument/supplies , Pipes, other smoke/ing or inhal/ing/ation equipment or supplies, Drug test/ing or check/ing equipment or supplies, Other",CHAPTER 57 - DRUG PARAPHE,-,-,"Non-sale distribution/delivery (ARCHIVE), Possession, possession with intent to use, keep, Use, Manufacturing, manufacture with intent to deliver or sell",CHAPTER 57 - DRUG PARAPHE,-,-,Criminal (ARCHIVE) ,CHAPTER 57 - DRUG PARAPHE,-,-,None,-,-,-,-,-,-,-,-,-,-,-,-,-,-,-,-,-,-,-,-,-,-,-,-,-,-,-,-,-,-,-,-,-,-,-,-,-,-,-,-,-,-,-,-,-,-,-,-,-,-,-,-,-,-,-
"Centennial, Arapahoe County, Colorado, United States",city,https://app.monqcle.com/org/cphlr/project/drug-paraphernalia-laws-1689792283/record/76109,DPL_2025_Consolidated,2022-12-31,2024-12-31,1,0,-,-,-,-,-,-,-,-,-,-,-,-,-,-,-,-,-,-,-,-,-,-,-,-,-,-,-,-,-,-,-,-,-,-,-,-,-,-,-,-,-,-,-,-,-,-,-,-,-,-,-,-,-,-,-,-,-,-,-,-,-,-,-,-,-,-,-,-,-,-,-,-,-,-,-,-,-,-,-,-,-,-,-,-,-,-,-,-,-,-,-,-,-,-,-,-,-,-,-,-,-,-,-,-,-,-,-
"Centennial, Arapahoe County, Colorado, United States",city,https://app.monqcle.com/org/cphlr/project/drug-paraphernalia-laws-1689792283/record/63512,DPL_2023_Consolidated,2022-12-31,2023-01-01,1,0,-,-,-,-,-,-,-,-,-,-,-,-,-,-,-,-,-,-,-,-,-,-,-,-,-,-,-,-,-,-,-,-,-,-,-,-,-,-,-,-,-,-,-,-,-,-,-,-,-,-,-,-,-,-,-,-,-,-,-,-,-,-,-,-,-,-,-,-,-,-,-,-,-,-,-,-,-,-,-,-,-,-,-,-,-,-,-,-,-,-,-,-,-,-,-,-,-,-,-,-,-,-,-,-,-,-,-
"Champaign, Champaign County, Illinois, United States",city,https://app.monqcle.com/org/cphlr/project/drug-paraphernalia-laws-1689792283/record/62786,DPL_2023_Consolidated,2022-12-31,2023-01-01,11,1,-,-,-,Municode,-,-,-,https://library.municode.com/il/champaign/codes/code_of_ordinances?nodeId=MUCO_CH23OF_ARTVIOFAGPUMO_DIV2GA_S23-139PODRPAPR,-,-,-,12/17/2019,-,-,-,-,-,-,-,11/20/2023,-,-,-,"Known, current through date published in ordinance",-,-,-,State (ARCHIVE) ,Sec. 23-139. -,-,-,-,-,-,-,-,-,-,-,"Pipes, other smoke/ing or inhal/ing/ation equipment or supplies, Other",Sec. 23-139. - Possession,-,-,"Possession, possession with intent to use, keep",Sec. 23-139. - Possession,-,-,"Civil (ARCHIVE), Forfeiture/Seizure",Sec. 23-139. - Possession,-,-,"Paraphernalia for consumption of cannabis, generally (ARCHIVE)",Sec. 23-139. -,-,-,-,-,-,-,-,-,-,-,-,-,-,-,-,-,-,-,-,-,-,-,-,-,-,-,-,-,-,-,-,-,-,-,-,-,-,-,-,-,-,-,-,-,-,-,-,-,-,-,-,-,-,-
"Champaign, Champaign County, Illinois, United States",city,https://app.monqcle.com/org/cphlr/project/drug-paraphernalia-laws-1689792283/record/77311,DPL_2025_Consolidated,2022-12-31,2024-12-31,13,1,-,-,-,Municode,-,-,-,https://library.municode.com/il/champaign/codes/code_of_ordinances?nodeId=MUCO_CH23OF_ARTVIOFAGPUMO_DIV2GA_S23-139PODRPAPR,-,-,-,12/17/2019,-,-,-,-,-,-,-,08/08/2025,-,-,-,"Known, current through date published in ordinance",-,-,-,State (ARCHIVE) ,-,-,-,0,-,-,-,-,-,-,-,"Pipes, other smoke/ing or inhal/ing/ation equipment or supplies, Other",Sec. 23-139. - Possession,-,-,"Possession, possession with intent to use, keep",Sec. 23-139. - Possession,-,-,"Unspecified Fine (NEW), Forfeiture/Seizure",Sec. 23-139. - Possession,-,-,"Paraphernalia for consumption of cannabis, generally or medical use (NEW)",Sec. 23-139. -,-,-,-,-,-,-,-,-,-,-,Possession,-,-,-,-,-,-,-,-,-,-,-,-,-,-,-,-,-,-,-,-,-,-,-,-,-,-,-,-,-,-,-,-,-,-,-,-,-,-,-,-,-,-,-
"Chandler, Maricopa County, Arizona, United States",city,https://app.monqcle.com/org/cphlr/project/drug-paraphernalia-laws-1689792283/record/63219,DPL_2023_Consolidated ,2022-12-31,2023-01-01,1,0,-,-,-,-,-,-,-,-,-,-,-,-,-,-,-,-,-,-,-,-,-,-,-,-,-,-,-,-,-,-,-,-,-,-,-,-,-,-,-,-,-,-,-,-,-,-,-,-,-,-,-,-,-,-,-,-,-,-,-,-,-,-,-,-,-,-,-,-,-,-,-,-,-,-,-,-,-,-,-,-,-,-,-,-,-,-,-,-,-,-,-,-,-,-,-,-,-,-,-,-,-,-,-,-,-,-,-
"Chandler, Maricopa County, Arizona, United States",city,https://app.monqcle.com/org/cphlr/project/drug-paraphernalia-laws-1689792283/record/75164,DPL_2025_Consolidated,2022-12-31,2024-12-31,1,0,-,-,-,-,-,-,-,-,-,-,-,-,-,-,-,-,-,-,-,-,-,-,-,-,-,-,-,-,-,-,-,-,-,-,-,-,-,-,-,-,-,-,-,-,-,-,-,-,-,-,-,-,-,-,-,-,-,-,-,-,-,-,-,-,-,-,-,-,-,-,-,-,-,-,-,-,-,-,-,-,-,-,-,-,-,-,-,-,-,-,-,-,-,-,-,-,-,-,-,-,-,-,-,-,-,-,-
"Charleston, Charleston County, South Carolina, United States",city,https://app.monqcle.com/org/cphlr/project/drug-paraphernalia-laws-1689792283/record/63661,DPL_2023_Consolidated ,2022-12-31,2023-01-01,11,1,-,-,-,Municode ,-,-,-,https://library.municode.com/sc/charleston/codes/code_of_ordinances?nodeId=CICO_CH21OF_ARTVIOFAGPUHE_S21-127SAALPOETPAPR,-,-,-,04/13/1982,-,unknown date below ordinance,-,-,-,-,-,11/29/2023,-,-,-,"Known, current through date published in ordinance",-,-,-,Neither (ARCHIVE),-,-,-,-,-,-,-,-,-,-,-,"Syringes, hypodermic needles, other inject/ion/ing equipment/instrument/supplies , Pipes, other smoke/ing or inhal/ing/ation equipment or supplies, Other","Sec. 21-127. - Same—Sale,",-,-,"Sales (ARCHIVE), Non-sale distribution/delivery (ARCHIVE), Possession, possession with intent to use, keep, Advertising, display, Manufacturing, manufacture with intent to deliver or sell","Sec. 21-127. - Same—Sale,",-,-,Criminal (ARCHIVE) ,Sec. 1-16. -,-,-,None,-,-,-,-,-,-,-,-,-,-,-,-,-,-,-,-,-,-,-,-,-,-,-,-,-,-,-,-,-,-,-,-,-,-,-,-,-,-,-,-,-,-,-,-,-,-,-,-,-,-,-,-,-,-,-
"Charleston, Charleston County, South Carolina, United States",city,https://app.monqcle.com/org/cphlr/project/drug-paraphernalia-laws-1689792283/record/75915,DPL_2025_Consolidated,2022-12-31,2024-12-31,12,1,-,-,-,Municode ,-,-,-,https://library.municode.com/sc/charleston/codes/code_of_ordinances?nodeId=CICO_CH21OF_ARTVIOFAGPUHE_S21-127SAALPOETPAPR,-,-,-,04/13/1982,-,unknown date below ordinance,-,-,-,-,-,08/07/2025,-,-,-,"Known, current through date published in ordinance",-,-,-,Neither (ARCHIVE),-,-,-,0,-,-,-,-,-,-,-,"Syringes, hypodermic needles, other inject/ion/ing equipment/instrument/supplies , Pipes, other smoke/ing or inhal/ing/ation equipment or supplies, Other","Sec. 21-127. - Same—Sale,",-,-,"Sales, possession with intent to sell, offer for sale (NEW), Delivery, possession with intent to deliver/distribute, distribution, transfer, furnish, exchange (NEW), Possession, possession with intent to use, keep, Advertising, display, Manufacturing, manufacture with intent to deliver or sell","Sec. 21-127. - Same—Sale,",-,-,"Unspecified Fine (NEW), Incarceration (NEW)",Sec. 1-16. -,-,-,None,-,-,-,-,-,-,-,-,-,-,-,-,-,-,-,-,-,-,-,-,-,-,-,-,-,-,-,-,-,-,-,-,-,-,-,-,-,-,-,-,-,-,-,-,-,-,-,-,-,-,-,-,-,-,-
"Charleston, Kanawha County, West Virginia, United States",city,https://app.monqcle.com/org/cphlr/project/drug-paraphernalia-laws-1689792283/record/77368,DPL_2025_Consolidated,2022-12-31,2024-12-31,1,0,-,-,-,-,-,-,-,-,-,-,-,-,-,-,-,-,-,-,-,-,-,-,-,-,-,-,-,-,-,-,-,-,-,-,-,-,-,-,-,-,-,-,-,-,-,-,-,-,-,-,-,-,-,-,-,-,-,-,-,-,-,-,-,-,-,-,-,-,-,-,-,-,-,-,-,-,-,-,-,-,-,-,-,-,-,-,-,-,-,-,-,-,-,-,-,-,-,-,-,-,-,-,-,-,-,-,-
"Charleston, Kanawha County, West Virginia, United States",city,https://app.monqcle.com/org/cphlr/project/drug-paraphernalia-laws-1689792283/record/63403,DPL_2023_Consolidated,2022-12-31,2023-01-01,1,0,-,-,-,-,-,-,-,-,-,-,-,-,-,-,-,-,-,-,-,-,-,-,-,-,-,-,-,-,-,-,-,-,-,-,-,-,-,-,-,-,-,-,-,-,-,-,-,-,-,-,-,-,-,-,-,-,-,-,-,-,-,-,-,-,-,-,-,-,-,-,-,-,-,-,-,-,-,-,-,-,-,-,-,-,-,-,-,-,-,-,-,-,-,-,-,-,-,-,-,-,-,-,-,-,-,-,-
"Charlotte, Mecklenburg County, North Carolina, United States",city,https://app.monqcle.com/org/cphlr/project/drug-paraphernalia-laws-1689792283/record/63842,DPL_2023_Consolidated,2022-12-31,2023-01-01,10,1,-,-,-,Municode,-,-,-,https://library.municode.com/nc/charlotte/codes/code_of_ordinances?nodeId=PTIICOOR_CH15OFMIPR_ARTIINGE_S15-24SADRSTINILDRUS,-,-,-,11/24/2003,-,unknown date at bottom of ordinance,-,-,-,-,-,10/02/2023,-,-,-,-,-,-,-,Both (ARCHIVE) ,"Sec. 15-24. -,Sec. 15-24. - Sale of dru",-,-,-,-,-,-,-,-,-,-,"Pipes, other smoke/ing or inhal/ing/ation equipment or supplies, Other",Sec. 15-24. - Sale of dru,-,-,Sales (ARCHIVE),Sec. 15-24. -,-,-,"Civil (ARCHIVE), Forfeiture/Seizure","Sec. 15-24. -,Sec. 15-24. - Sale of dru",-,-,Other,Sec. 15-24. - Sale of dru,Defense. It is a defense to a violation of this section that the drug stem is primarily designed and used for a legitimate purpose unrelated to the ingestion of a controlled substance into the human body.,-,-,-,-,-,-,-,-,-,-,-,-,-,-,-,-,-,-,-,-,-,-,-,-,-,-,-,-,-,-,-,-,-,-,-,-,-,-,-,-,-,-,-,-,-,-,-,-,-,-,-,-,-
"Charlotte, Mecklenburg County, North Carolina, United States",city,https://app.monqcle.com/org/cphlr/project/drug-paraphernalia-laws-1689792283/record/74630,DPL_2025_Consolidated,2022-12-31,2024-12-31,12,1,-,-,-,Municode,-,-,-,https://library.municode.com/nc/charlotte/codes/code_of_ordinances?nodeId=PTIICOOR_CH15OFMIPR_ARTIINGE_S15-24SADRSTINILDRUS,-,-,-,11/24/2003,-,unknown date at bottom of ordinance,-,-,-,-,-,08/26/2025,-,-,-,"Known, current through date published in ordinance",-,-,-,Both (ARCHIVE) ,-,-,-,0,-,-,-,-,-,-,-,"Pipes, other smoke/ing or inhal/ing/ation equipment or supplies, Other",Sec. 15-24. - Sale of dru,-,-,"Sales, possession with intent to sell, offer for sale (NEW)",Sec. 15-24. -,-,-,"Civil Fine (NEW), Forfeiture/Seizure","Sec. 15-24. -,Sec. 15-24. - Sale of dru",-,-,Other,Sec. 15-24. - Sale of dru,Defense. It is a defense to a violation of this section that the drug stem is primarily designed and used for a legitimate purpose unrelated to the ingestion of a controlled substance into the human body.,-,-,-,-,-,-,-,-,-,-,-,-,-,-,-,-,-,-,-,-,-,-,-,-,-,-,-,-,-,-,-,-,-,-,-,-,-,-,-,-,-,-,-,-,-,-,-,-,-,-,-,-,-
"Chattanooga, Hamilton County, Tennessee, United States",city,https://app.monqcle.com/org/cphlr/project/drug-paraphernalia-laws-1689792283/record/63741,DPL_2023_Consolidated,2022-12-31,2023-01-01,1,0,-,-,-,-,-,-,-,-,-,-,-,-,-,-,-,-,-,-,-,-,-,-,-,-,-,-,-,-,-,-,-,-,-,-,-,-,-,-,-,-,-,-,-,-,-,-,-,-,-,-,-,-,-,-,-,-,-,-,-,-,-,-,-,-,-,-,-,-,-,-,-,-,-,-,-,-,-,-,-,-,-,-,-,-,-,-,-,-,-,-,-,-,-,-,-,-,-,-,-,-,-,-,-,-,-,-,-
"Chattanooga, Hamilton County, Tennessee, United States",city,https://app.monqcle.com/org/cphlr/project/drug-paraphernalia-laws-1689792283/record/75338,DPL_2025_Consolidated,2022-12-31,2024-12-31,1,0,-,-,-,-,-,-,-,-,-,-,-,-,-,-,-,-,-,-,-,-,-,-,-,-,-,-,-,-,-,-,-,-,-,-,-,-,-,-,-,-,-,-,-,-,-,-,-,-,-,-,-,-,-,-,-,-,-,-,-,-,-,-,-,-,-,-,-,-,-,-,-,-,-,-,-,-,-,-,-,-,-,-,-,-,-,-,-,-,-,-,-,-,-,-,-,-,-,-,-,-,-,-,-,-,-,-,-
"Chesapeake, Virginia, United States",city,https://app.monqcle.com/org/cphlr/project/drug-paraphernalia-laws-1689792283/record/75476,DPL_2025_Consolidated,2022-12-31,2024-12-31,12,1,-,-,-,Municode ,-,-,-,https://library.municode.com/va/chesapeake/codes/code_of_ordinances?nodeId=PTIICOOR_CH46OFMIPR_ARTIINGE_S46-11PODIHYSYNE,-,-,-,04/28/1970,-,unknown date type ,-,-,-,-,-,09/10/2025,-,-,-,"Known, current through date published in ordinance",-,-,-,Neither (ARCHIVE),-,-,-,0,-,-,-,-,-,-,-,"Syringes, hypodermic needles, other inject/ion/ing equipment/instrument/supplies ",Sec. 46-11. - Possession ,-,-,"Possession, possession with intent to use, keep, Other","Sec. 46-11. -,Sec. 46-11. -",disposal ,-,"Misdemeanor (NEW), Unspecified Fine (NEW), Incarceration (NEW)",Sec. 1-10. -,-,-,"Syringes for approved medical use (i.e. diabetes) , Professionals acting in their course of business [e.g. pharmacists, physicians, manufacturers]",Sec. 46-11. -,-,-,-,-,-,-,-,-,-,-,-,-,-,-,-,-,-,-,-,-,-,-,-,-,-,-,-,-,-,-,-,-,-,-,-,-,-,-,-,-,-,-,-,-,-,-,-,-,-,-,-,-,-,-
"Chesapeake, Virginia, United States",city,https://app.monqcle.com/org/cphlr/project/drug-paraphernalia-laws-1689792283/record/63478,DPL_2023_Consolidated ,2022-12-31,2023-01-01,11,1,-,-,-,Municode ,-,-,-,https://library.municode.com/va/chesapeake/codes/code_of_ordinances?nodeId=PTIICOOR_CH46OFMIPR_ARTIINGE_S46-11PODIHYSYNE,-,-,-,04/28/1970,-,unknown date type ,-,-,-,-,-,11/11/2023,-,-,-,"Known, current through date published in ordinance",-,-,-,Neither (ARCHIVE),-,-,-,-,-,-,-,-,-,-,-,"Syringes, hypodermic needles, other inject/ion/ing equipment/instrument/supplies ",Sec. 46-11. - Possession ,-,-,"Possession, possession with intent to use, keep, Other","Sec. 46-11. -,Sec. 46-11. -",disposal ,-,Criminal (ARCHIVE) ,Sec. 1-10. -,-,-,"Syringes for approved medical use (i.e. diabetes) , Professionals acting in their course of business [e.g. pharmacists, physicians, manufacturers]",Sec. 46-11. -,-,-,-,-,-,-,-,-,-,-,-,-,-,-,-,-,-,-,-,-,-,-,-,-,-,-,-,-,-,-,-,-,-,-,-,-,-,-,-,-,-,-,-,-,-,-,-,-,-,-,-,-,-,-
"Cheyenne, Laramie County, Wyoming, United States",city,https://app.monqcle.com/org/cphlr/project/drug-paraphernalia-laws-1689792283/record/64070,DPL_2023_Consolidated,2022-12-31,2023-01-01,11,1,-,-,-,Municode,-,-,-,https://library.municode.com/wy/cheyenne/codes/code_of_ordinances?nodeId=TIT9PUPEWE_CH9.20COSU_9.20.010DRPA,-,-,-,10/01/2001,-,-,-,-,-,-,-,01/05/2024,-,-,-,"Known, current through date published in ordinance",-,-,-,State (ARCHIVE) ,9.20.010 -,-,-,-,-,-,-,-,-,-,-,"Syringes, hypodermic needles, other inject/ion/ing equipment/instrument/supplies , Pipes, other smoke/ing or inhal/ing/ation equipment or supplies, Drug test/ing or check/ing equipment or supplies, Other",9.20.010 - Drug paraphern,-,-,"Sales (ARCHIVE), Non-sale distribution/delivery (ARCHIVE), Manufacturing, manufacture with intent to deliver or sell",9.20.010 -,-,-,"Criminal (ARCHIVE) , Forfeiture/Seizure",9.20.010 -,-,-,None,-,-,-,-,-,-,-,-,-,-,-,-,-,-,-,-,-,-,-,-,-,-,-,-,-,-,-,-,-,-,-,-,-,-,-,-,-,-,-,-,-,-,-,-,-,-,-,-,-,-,-,-,-,-,-
"Cheyenne, Laramie County, Wyoming, United States",city,https://app.monqcle.com/org/cphlr/project/drug-paraphernalia-laws-1689792283/record/77543,DPL_2025_Consolidated,2022-12-31,2024-12-31,12,1,-,-,-,Municode,-,-,-,https://library.municode.com/wy/cheyenne/codes/code_of_ordinances?nodeId=TIT9PUPEWE_CH9.20COSU_9.20.010DRPA,-,-,-,10/01/2001,-,-,-,-,-,-,-,10/03/2025,-,-,-,"Known, current through date published in ordinance",-,-,-,State (ARCHIVE) ,-,-,-,0,-,-,-,-,-,-,-,"Syringes, hypodermic needles, other inject/ion/ing equipment/instrument/supplies , Pipes, other smoke/ing or inhal/ing/ation equipment or supplies, Drug test/ing or check/ing equipment or supplies, Other",9.20.010 - Drug paraphern,-,-,"Sales, possession with intent to sell, offer for sale (NEW), Delivery, possession with intent to deliver/distribute, distribution, transfer, furnish, exchange (NEW), Manufacturing, manufacture with intent to deliver or sell",9.20.010 -,-,-,"Unspecified Fine (NEW), Incarceration (NEW), Forfeiture/Seizure",9.20.010 -,-,-,None,-,-,-,-,-,-,-,-,-,-,-,-,-,-,-,-,-,-,-,-,-,-,-,-,-,-,-,-,-,-,-,-,-,-,-,-,-,-,-,-,-,-,-,-,-,-,-,-,-,-,-,-,-,-,-
"Chicago, Cook County, Illinois, United States",city,https://app.monqcle.com/org/cphlr/project/drug-paraphernalia-laws-1689792283/record/63631,DPL_2023_Consolidated,2022-12-31,2023-01-01,11,1,-,-,-,ALP,-,-,-,https://codelibrary.amlegal.com/codes/chicago/latest/chicago_il/0-0-0-2640851,-,-,-,11/08/2012,-,Unknown date at bottom of ordinance,-,-,-,-,-,08/30/2023,-,-,-,"Known, current through date published in ordinance",-,-,-,State (ARCHIVE) ,ARTICLE II. DRUG PAR...,-,-,-,-,-,-,-,-,-,-,"Syringes, hypodermic needles, other inject/ion/ing equipment/instrument/supplies , Pipes, other smoke/ing or inhal/ing/ation equipment or supplies, Drug test/ing or check/ing equipment or supplies, Other",ARTICLE II. DRUG PAR...,-,-,"Non-sale distribution/delivery (ARCHIVE), Manufacturing, manufacture with intent to deliver or sell, Other","ARTICLE II. DRUG PAR...,ARTICLE II. DRUG PAR...,ARTICLE II. DRUG PAR...","Furnishes, transfers, Delivery to persons under 18 years of age on school grounds",-,"Criminal (ARCHIVE) , Forfeiture/Seizure",ARTICLE II. DRUG PAR...,-,-,None,-,-,-,-,-,-,-,-,-,-,-,-,-,-,-,-,-,-,-,-,-,-,-,-,-,-,-,-,-,-,-,-,-,-,-,-,-,-,-,-,-,-,-,-,-,-,-,-,-,-,-,-,-,-,-
"Chicago, Cook County, Illinois, United States",city,https://app.monqcle.com/org/cphlr/project/drug-paraphernalia-laws-1689792283/record/73726,DPL_2025_Consolidated,2022-12-31,2024-12-31,13,1,-,-,-,ALP,-,-,-,https://codelibrary.amlegal.com/codes/chicago/latest/chicago_il/0-0-0-2640851,-,-,-,11/08/2012,-,Unknown date at bottom of ordinance,-,-,-,-,-,06/18/2025,-,-,-,"Known, current through date published in ordinance",-,-,-,State (ARCHIVE) ,-,-,-,1,ARTICLE II. DRUG PARAPHER,-,-,"720 ILCS 600/2, subparagraph (d)(5) ",-,-,-,"Syringes, hypodermic needles, other inject/ion/ing equipment/instrument/supplies , Pipes, other smoke/ing or inhal/ing/ation equipment or supplies, Drug test/ing or check/ing equipment or supplies, Other","(720 ILCS 600/2) (from Ch,ARTICLE II. DRUG PAR...",-,-,"Delivery, possession with intent to deliver/distribute, distribution, transfer, furnish, exchange (NEW), Manufacturing, manufacture with intent to deliver or sell","ARTICLE II. DRUG PAR...,ARTICLE II. DRUG PAR...",-,-,"Unspecified Fine (NEW), Incarceration (NEW), Forfeiture/Seizure","ARTICLE II. DRUG PARAPHER,ARTICLE II. DRUG PAR...",-,-,None,-,-,-,-,-,-,-,-,-,-,-,-,-,-,-,-,-,-,-,-,-,-,-,-,-,-,-,-,-,-,-,-,-,-,-,-,-,-,-,-,-,-,-,-,-,-,-,-,-,-,-,-,-,-,-
"Chico, Butte County, California, United States",city,https://app.monqcle.com/org/cphlr/project/drug-paraphernalia-laws-1689792283/record/62695,DPL_2023_Consolidated,2022-12-31,2023-01-01,11,1,-,-,-,ALP,-,-,-,https://codelibrary.amlegal.com/codes/chico/latest/chico_ca/0-0-0-23345,-,-,-,11/05/2016,-,known ordinance established since at least this date ,-,-,-,-,-,09/19/2023,-,-,-,"Known, current through date published in ordinance",-,-,-,Neither (ARCHIVE),-,-,-,-,-,-,-,-,-,-,-,"Syringes, hypodermic needles, other inject/ion/ing equipment/instrument/supplies ",9.43.140,-,-,"Possession, possession with intent to use, keep, Other",9.43.140,improper disposal ,-,"Civil (ARCHIVE), Criminal (ARCHIVE) , Other","9.43.140,9.43.150",administrative citation,-,"Syringes for approved medical use (i.e. diabetes) , Professionals acting in their course of business [e.g. pharmacists, physicians, manufacturers]",9.43.140,-,-,-,-,-,-,-,-,-,-,-,-,-,-,-,-,-,-,-,-,-,-,-,-,-,-,-,-,-,-,-,-,-,-,-,-,-,-,-,-,-,-,-,-,-,-,-,-,-,-,-,-,-,-
"Chico, Butte County, California, United States",city,https://app.monqcle.com/org/cphlr/project/drug-paraphernalia-laws-1689792283/record/76638,DPL_2025_Consolidated,2022-12-31,2024-12-31,12,1,-,-,-,ALP,-,-,-,https://codelibrary.amlegal.com/codes/chico/latest/chico_ca/0-0-0-23345,-,-,-,11/05/2016,-,known ordinance established since at least this date ,-,-,-,-,-,05/20/2025,-,-,-,"Known, current through date published in ordinance",-,-,-,Neither (ARCHIVE),-,-,-,0,-,-,-,-,-,-,-,"Syringes, hypodermic needles, other inject/ion/ing equipment/instrument/supplies ",9.43.140,-,-,"Possession, possession with intent to use, keep, Other",9.43.140,improper disposal ,-,"""Unlawful"" only (NEW), Other","9.43.140,9.43.150",administrative citation,-,"Syringes for approved medical use (i.e. diabetes) , Professionals acting in their course of business [e.g. pharmacists, physicians, manufacturers]",9.43.140,-,-,-,-,-,-,-,-,-,-,-,-,-,-,-,-,-,-,-,-,-,-,-,-,-,-,-,-,-,-,-,-,-,-,-,-,-,-,-,-,-,-,-,-,-,-,-,-,-,-,-,-,-,-
"Chino Hills, San Bernardino County, California, United States",city,https://app.monqcle.com/org/cphlr/project/drug-paraphernalia-laws-1689792283/record/63502,DPL_2023_Consolidated,2022-12-31,2023-01-01,1,0,-,-,-,-,-,-,-,-,-,-,-,-,-,-,-,-,-,-,-,-,-,-,-,-,-,-,-,-,-,-,-,-,-,-,-,-,-,-,-,-,-,-,-,-,-,-,-,-,-,-,-,-,-,-,-,-,-,-,-,-,-,-,-,-,-,-,-,-,-,-,-,-,-,-,-,-,-,-,-,-,-,-,-,-,-,-,-,-,-,-,-,-,-,-,-,-,-,-,-,-,-,-,-,-,-,-,-
"Chino Hills, San Bernardino County, California, United States",city,https://app.monqcle.com/org/cphlr/project/drug-paraphernalia-laws-1689792283/record/76877,DPL_2025_Consolidated,2022-12-31,2024-12-31,1,0,-,-,-,-,-,-,-,-,-,-,-,-,-,-,-,-,-,-,-,-,-,-,-,-,-,-,-,-,-,-,-,-,-,-,-,-,-,-,-,-,-,-,-,-,-,-,-,-,-,-,-,-,-,-,-,-,-,-,-,-,-,-,-,-,-,-,-,-,-,-,-,-,-,-,-,-,-,-,-,-,-,-,-,-,-,-,-,-,-,-,-,-,-,-,-,-,-,-,-,-,-,-,-,-,-,-,-
"Chino, San Bernardino County, California, United States",city,https://app.monqcle.com/org/cphlr/project/drug-paraphernalia-laws-1689792283/record/63021,DPL_2023_Consolidated,2022-12-31,2023-01-01,1,0,-,-,-,-,-,-,-,-,-,-,-,-,-,-,-,-,-,-,-,-,-,-,-,-,-,-,-,-,-,-,-,-,-,-,-,-,-,-,-,-,-,-,-,-,-,-,-,-,-,-,-,-,-,-,-,-,-,-,-,-,-,-,-,-,-,-,-,-,-,-,-,-,-,-,-,-,-,-,-,-,-,-,-,-,-,-,-,-,-,-,-,-,-,-,-,-,-,-,-,-,-,-,-,-,-,-,-
"Chino, San Bernardino County, California, United States",city,https://app.monqcle.com/org/cphlr/project/drug-paraphernalia-laws-1689792283/record/76764,DPL_2025_Consolidated,2022-12-31,2024-12-31,1,0,-,-,-,-,-,-,-,-,-,-,-,-,-,-,-,-,-,-,-,-,-,-,-,-,-,-,-,-,-,-,-,-,-,-,-,-,-,-,-,-,-,-,-,-,-,-,-,-,-,-,-,-,-,-,-,-,-,-,-,-,-,-,-,-,-,-,-,-,-,-,-,-,-,-,-,-,-,-,-,-,-,-,-,-,-,-,-,-,-,-,-,-,-,-,-,-,-,-,-,-,-,-,-,-,-,-,-
"Chula Vista, San Diego County, California, United States",city,https://app.monqcle.com/org/cphlr/project/drug-paraphernalia-laws-1689792283/record/64066,DPL_2023_Consolidated,2022-12-31,2023-01-01,11,1,-,-,-,Self-published,-,-,-,https://chulavista.municipal.codes/CVMC/9.17,-,-,-,10/05/1982,-,-,-,-,-,-,-,07/25/2023,-,-,-,"Known, current through date published in ordinance",-,-,-,State (ARCHIVE) ,Chapter 9.17,-,-,-,-,-,-,-,-,-,-,"Syringes, hypodermic needles, other inject/ion/ing equipment/instrument/supplies , Pipes, other smoke/ing or inhal/ing/ation equipment or supplies, Drug test/ing or check/ing equipment or supplies, Other",Chapter 9.17 DRUG PARAPHE,-,-,Non-sale distribution/delivery (ARCHIVE),Chapter 9.17 DRUG PARAPHE,-,-,"Civil (ARCHIVE), Criminal (ARCHIVE) ",Chapter 9.17 DRUG PARAPHE,-,-,"Professionals acting in their course of business [e.g. pharmacists, physicians, manufacturers]",Chapter 9.17 DRUG PARAPHE,-,-,-,-,-,-,-,-,-,-,-,-,-,-,-,-,-,-,-,-,-,-,-,-,-,-,-,-,-,-,-,-,-,-,-,-,-,-,-,-,-,-,-,-,-,-,-,-,-,-,-,-,-,-
"Chula Vista, San Diego County, California, United States",city,https://app.monqcle.com/org/cphlr/project/drug-paraphernalia-laws-1689792283/record/75471,DPL_2025_Consolidated,2022-12-31,2024-12-31,12,1,-,-,-,Self-published,-,-,-,https://chulavista.municipal.codes/CVMC/9.17,-,-,-,10/05/1982,-,-,-,-,-,-,-,08/05/2025,-,-,-,"Known, current through date published in ordinance",-,-,-,State (ARCHIVE) ,-,-,-,0,-,-,-,-,-,-,-,"Syringes, hypodermic needles, other inject/ion/ing equipment/instrument/supplies , Pipes, other smoke/ing or inhal/ing/ation equipment or supplies, Drug test/ing or check/ing equipment or supplies, Other",Chapter 9.17 DRUG PARAPHE,-,-,"Delivery, possession with intent to deliver/distribute, distribution, transfer, furnish, exchange (NEW)",Chapter 9.17 DRUG PARAPHE,-,-,"Misdemeanor (NEW), Unspecified Fine (NEW), Incarceration (NEW)",Chapter 9.17 DRUG PARAPHE,-,-,"Professionals acting in their course of business [e.g. pharmacists, physicians, manufacturers]",Chapter 9.17 DRUG PARAPHE,-,-,-,-,-,-,-,-,-,-,-,-,-,-,-,-,-,-,-,-,-,-,-,-,-,-,-,-,-,-,-,-,-,-,-,-,-,-,-,-,-,-,-,-,-,-,-,-,-,-,-,-,-,-
"Cicero, Cook County, Illinois, United States",city,https://app.monqcle.com/org/cphlr/project/drug-paraphernalia-laws-1689792283/record/77327,DPL_2025_Consolidated,2022-12-31,2024-12-31,12,1,-,-,-,Municode,-,-,-,https://library.municode.com/il/cicero/codes/code_of_ordinances?nodeId=PTIICOOR_CH62OFMIPR_ARTVDRPA,-,-,-,12/09/2003,-,unknown date at bottom of ordinance,-,-,-,-,-,09/08/2025,-,-,-,"Known, current through date published in ordinance",-,-,-,State (ARCHIVE) ,-,-,-,0,-,-,-,-,-,-,-,"Syringes, hypodermic needles, other inject/ion/ing equipment/instrument/supplies , Pipes, other smoke/ing or inhal/ing/ation equipment or supplies, Drug test/ing or check/ing equipment or supplies, Other",ARTICLE V. - DRUG PARAPHE,-,-,"Sales, possession with intent to sell, offer for sale (NEW), Possession, possession with intent to use, keep",ARTICLE V. - DRUG PA...,-,-,"Unspecified Fine (NEW), Forfeiture/Seizure",ARTICLE V. - DRUG PARAPHE,-,-,"Professionals acting in their course of business [e.g. pharmacists, physicians, manufacturers]",ARTICLE V. - DRUG PA...,-,-,-,-,-,-,-,-,-,-,-,-,-,-,-,-,-,-,-,-,-,-,-,-,-,-,-,-,-,-,-,-,-,-,-,-,-,-,-,-,-,-,-,-,-,-,-,-,-,-,-,-,-,-
"Cicero, Cook County, Illinois, United States",city,https://app.monqcle.com/org/cphlr/project/drug-paraphernalia-laws-1689792283/record/62915,DPL_2023_Consolidated,2022-12-31,2023-01-01,11,1,-,also a nuisance,-,Municode,-,-,-,https://library.municode.com/il/cicero/codes/code_of_ordinances?nodeId=PTIICOOR_CH62OFMIPR_ARTVDRPA,-,-,-,12/09/2003,-,unknown date at bottom of ordinance,-,-,-,-,-,12/01/2023,-,-,-,"Known, current through date published in ordinance",-,-,-,State (ARCHIVE) ,ARTICLE V. - DRUG PA...,-,-,-,-,-,-,-,-,-,-,"Syringes, hypodermic needles, other inject/ion/ing equipment/instrument/supplies , Pipes, other smoke/ing or inhal/ing/ation equipment or supplies, Drug test/ing or check/ing equipment or supplies, Other",ARTICLE V. - DRUG PARAPHE,-,-,"Sales (ARCHIVE), Non-sale distribution/delivery (ARCHIVE), Possession, possession with intent to use, keep",ARTICLE V. - DRUG PA...,-,-,"Civil (ARCHIVE), Criminal (ARCHIVE) , Forfeiture/Seizure",ARTICLE V. - DRUG PARAPHE,-,-,"Professionals acting in their course of business [e.g. pharmacists, physicians, manufacturers], Other",ARTICLE V. - DRUG PA...,"paraphernalia for use with lawful substances, decorative purposes (when such items have been rendered completely inoperable or incapable of being used for any illicit purpose prohibited by this article)",-,-,-,-,-,-,-,-,-,-,-,-,-,-,-,-,-,-,-,-,-,-,-,-,-,-,-,-,-,-,-,-,-,-,-,-,-,-,-,-,-,-,-,-,-,-,-,-,-,-,-,-,-
"Cincinnati, Hamilton County, Ohio, United States",city,https://app.monqcle.com/org/cphlr/project/drug-paraphernalia-laws-1689792283/record/63271,DPL_2023_Consolidated,2022-12-31,2023-01-01,11,1,-,-,-,Municode,-,-,-,https://library.municode.com/oh/cincinnati/codes/code_of_ordinances?nodeId=TITVIIIBURE_CH879DRPA_S879-7POMASADRPA,-,-,-,-,-,-,-,10/01/1986,-,-,-,09/16/2023,-,-,-,"Known, current through date published in ordinance",-,-,-,Both (ARCHIVE) ,"Chapter 879 -,Chapter 879 -",-,-,-,-,-,-,-,-,-,-,"Syringes, hypodermic needles, other inject/ion/ing equipment/instrument/supplies , Pipes, other smoke/ing or inhal/ing/ation equipment or supplies, Drug test/ing or check/ing equipment or supplies, Other",Chapter 879 - DRUG PARAPH,-,-,"Sales (ARCHIVE), Non-sale distribution/delivery (ARCHIVE), Possession, possession with intent to use, keep, Use, Advertising, display, Manufacturing, manufacture with intent to deliver or sell, Other",Chapter 879 - DRUG PARAPH,"No person shall sell, offer to sell, give, deliver or offer to deliver any item of drug paraphernalia in violation of Section 879-7 to any person under 18 years of age where such person knows or should have known in the exercise of reasonable care the age of the person to whom the drug paraphernalia is sold, given, or delivered.",-,Criminal (ARCHIVE) ,Chapter 879 - DRUG PARAPH,-,-,"Syringes for approved medical use (i.e. diabetes) , Xylazine checking/testing equipment specifically, in the context syringe services, harm reduction programs, or supervised use sites (NEW), Professionals acting in their course of business [e.g. pharmacists, physicians, manufacturers]",Chapter 879 -,"This section shall not be construed to prohibit any possession, manufacture, or lawful use of hypodermic syringes. ",-,-,-,-,-,-,-,-,-,-,-,-,-,-,-,-,-,-,-,-,-,-,-,-,-,-,-,-,-,-,-,-,-,-,-,-,-,-,-,-,-,-,-,-,-,-,-,-,-,-,-,-,-
"Cincinnati, Hamilton County, Ohio, United States",city,https://app.monqcle.com/org/cphlr/project/drug-paraphernalia-laws-1689792283/record/74967,DPL_2025_Consolidated,2022-12-31,2024-12-31,13,1,-,-,-,Municode,-,-,-,https://library.municode.com/oh/cincinnati/codes/code_of_ordinances?nodeId=TITVIIIBURE_CH879DRPA_S879-7POMASADRPA,-,-,-,-,-,-,-,10/01/1986,-,-,-,10/09/2025,-,-,-,"Known, current through date published in ordinance",-,-,-,Both (ARCHIVE) ,-,-,-,0,-,-,-,-,-,-,-,"Syringes, hypodermic needles, other inject/ion/ing equipment/instrument/supplies , Pipes, other smoke/ing or inhal/ing/ation equipment or supplies, Drug test/ing or check/ing equipment or supplies, Other",Chapter 879 - DRUG PARAPH,-,-,"Sales, possession with intent to sell, offer for sale (NEW), Delivery, possession with intent to deliver/distribute, distribution, transfer, furnish, exchange (NEW), Possession, possession with intent to use, keep, Use, Advertising, display, Manufacturing, manufacture with intent to deliver or sell",Chapter 879 - DRUG PARAPH,-,-,Misdemeanor (NEW),Chapter 879 - DRUG PARAPH,-,-,"Syringes for approved medical use (i.e. diabetes) , Syringes from syringe services, harm reduction programs, or supervised use sites (NEW), Professionals acting in their course of business [e.g. pharmacists, physicians, manufacturers]",Chapter 879 -,"This section shall not be construed to prohibit any possession, manufacture, or lawful use of hypodermic syringes. ",-,-,-,-,-,"Possession, Use, Distribution, Sales, Other",-,"Manufacturing, Advertising",-,-,-,-,-,-,-,-,-,-,-,-,-,-,-,-,-,-,-,-,-,-,-,-,-,-,-,-,-,-,-,-,-,-,-,-,-,-,-,-,-,-,-,-,-
"Citrus Heights, Sacramento County, California, United States",city,https://app.monqcle.com/org/cphlr/project/drug-paraphernalia-laws-1689792283/record/77208,DPL_2025_Consolidated,2022-12-31,2024-12-31,1,0,-,-,-,-,-,-,-,-,-,-,-,-,-,-,-,-,-,-,-,-,-,-,-,-,-,-,-,-,-,-,-,-,-,-,-,-,-,-,-,-,-,-,-,-,-,-,-,-,-,-,-,-,-,-,-,-,-,-,-,-,-,-,-,-,-,-,-,-,-,-,-,-,-,-,-,-,-,-,-,-,-,-,-,-,-,-,-,-,-,-,-,-,-,-,-,-,-,-,-,-,-,-,-,-,-,-,-
"Citrus Heights, Sacramento County, California, United States",city,https://app.monqcle.com/org/cphlr/project/drug-paraphernalia-laws-1689792283/record/62955,DPL_2023_Consolidated,2022-12-31,2023-01-01,1,0,-,-,-,-,-,-,-,-,-,-,-,-,-,-,-,-,-,-,-,-,-,-,-,-,-,-,-,-,-,-,-,-,-,-,-,-,-,-,-,-,-,-,-,-,-,-,-,-,-,-,-,-,-,-,-,-,-,-,-,-,-,-,-,-,-,-,-,-,-,-,-,-,-,-,-,-,-,-,-,-,-,-,-,-,-,-,-,-,-,-,-,-,-,-,-,-,-,-,-,-,-,-,-,-,-,-,-
"City of Albany, Albany, Albany County, New York, United States",city,https://app.monqcle.com/org/cphlr/project/drug-paraphernalia-laws-1689792283/record/76953,DPL_2025_Consolidated,2022-12-31,2024-12-31,1,0,-,-,-,-,-,-,-,-,-,-,-,-,-,-,-,-,-,-,-,-,-,-,-,-,-,-,-,-,-,-,-,-,-,-,-,-,-,-,-,-,-,-,-,-,-,-,-,-,-,-,-,-,-,-,-,-,-,-,-,-,-,-,-,-,-,-,-,-,-,-,-,-,-,-,-,-,-,-,-,-,-,-,-,-,-,-,-,-,-,-,-,-,-,-,-,-,-,-,-,-,-,-,-,-,-,-,-
"City of Albany, Albany, Albany County, New York, United States",city,https://app.monqcle.com/org/cphlr/project/drug-paraphernalia-laws-1689792283/record/63911,DPL_2023_Consolidated,2022-12-31,2023-01-01,1,0,-,-,-,-,-,-,-,-,-,-,-,-,-,-,-,-,-,-,-,-,-,-,-,-,-,-,-,-,-,-,-,-,-,-,-,-,-,-,-,-,-,-,-,-,-,-,-,-,-,-,-,-,-,-,-,-,-,-,-,-,-,-,-,-,-,-,-,-,-,-,-,-,-,-,-,-,-,-,-,-,-,-,-,-,-,-,-,-,-,-,-,-,-,-,-,-,-,-,-,-,-,-,-,-,-,-,-
"City of New Rochelle, New Rochelle, Westchester County, New York, United States",city,https://app.monqcle.com/org/cphlr/project/drug-paraphernalia-laws-1689792283/record/63360,DPL_2023_Consolidated,2022-12-31,2023-01-01,1,0,-,-,-,-,-,-,-,-,-,-,-,-,-,-,-,-,-,-,-,-,-,-,-,-,-,-,-,-,-,-,-,-,-,-,-,-,-,-,-,-,-,-,-,-,-,-,-,-,-,-,-,-,-,-,-,-,-,-,-,-,-,-,-,-,-,-,-,-,-,-,-,-,-,-,-,-,-,-,-,-,-,-,-,-,-,-,-,-,-,-,-,-,-,-,-,-,-,-,-,-,-,-,-,-,-,-,-
"City of New Rochelle, New Rochelle, Westchester County, New York, United States",city,https://app.monqcle.com/org/cphlr/project/drug-paraphernalia-laws-1689792283/record/77458,DPL_2025_Consolidated,2022-12-31,2024-12-31,1,0,-,-,-,-,-,-,-,-,-,-,-,-,-,-,-,-,-,-,-,-,-,-,-,-,-,-,-,-,-,-,-,-,-,-,-,-,-,-,-,-,-,-,-,-,-,-,-,-,-,-,-,-,-,-,-,-,-,-,-,-,-,-,-,-,-,-,-,-,-,-,-,-,-,-,-,-,-,-,-,-,-,-,-,-,-,-,-,-,-,-,-,-,-,-,-,-,-,-,-,-,-,-,-,-,-,-,-
"City of Syracuse, Syracuse, Onondaga County, New York, United States",city,https://app.monqcle.com/org/cphlr/project/drug-paraphernalia-laws-1689792283/record/75701,DPL_2025_Consolidated,2022-12-31,2024-12-31,1,0,-,-,-,-,-,-,-,-,-,-,-,-,-,-,-,-,-,-,-,-,-,-,-,-,-,-,-,-,-,-,-,-,-,-,-,-,-,-,-,-,-,-,-,-,-,-,-,-,-,-,-,-,-,-,-,-,-,-,-,-,-,-,-,-,-,-,-,-,-,-,-,-,-,-,-,-,-,-,-,-,-,-,-,-,-,-,-,-,-,-,-,-,-,-,-,-,-,-,-,-,-,-,-,-,-,-,-
"City of Syracuse, Syracuse, Onondaga County, New York, United States",city,https://app.monqcle.com/org/cphlr/project/drug-paraphernalia-laws-1689792283/record/63156,DPL_2023_Consolidated ,2022-12-31,2023-01-01,1,0,-,-,-,-,-,-,-,-,-,-,-,-,-,-,-,-,-,-,-,-,-,-,-,-,-,-,-,-,-,-,-,-,-,-,-,-,-,-,-,-,-,-,-,-,-,-,-,-,-,-,-,-,-,-,-,-,-,-,-,-,-,-,-,-,-,-,-,-,-,-,-,-,-,-,-,-,-,-,-,-,-,-,-,-,-,-,-,-,-,-,-,-,-,-,-,-,-,-,-,-,-,-,-,-,-,-,-
"Clarksville, Montgomery County, Tennessee, United States",city,https://app.monqcle.com/org/cphlr/project/drug-paraphernalia-laws-1689792283/record/75606,DPL_2025_Consolidated,2022-12-31,2024-12-31,1,0,-,-,-,-,-,-,-,-,-,-,-,-,-,-,-,-,-,-,-,-,-,-,-,-,-,-,-,-,-,-,-,-,-,-,-,-,-,-,-,-,-,-,-,-,-,-,-,-,-,-,-,-,-,-,-,-,-,-,-,-,-,-,-,-,-,-,-,-,-,-,-,-,-,-,-,-,-,-,-,-,-,-,-,-,-,-,-,-,-,-,-,-,-,-,-,-,-,-,-,-,-,-,-,-,-,-,-
"Clarksville, Montgomery County, Tennessee, United States",city,https://app.monqcle.com/org/cphlr/project/drug-paraphernalia-laws-1689792283/record/63828,DPL_2023_Consolidated,2022-12-31,2023-01-01,1,0,-,-,-,-,-,-,-,-,-,-,-,-,-,-,-,-,-,-,-,-,-,-,-,-,-,-,-,-,-,-,-,-,-,-,-,-,-,-,-,-,-,-,-,-,-,-,-,-,-,-,-,-,-,-,-,-,-,-,-,-,-,-,-,-,-,-,-,-,-,-,-,-,-,-,-,-,-,-,-,-,-,-,-,-,-,-,-,-,-,-,-,-,-,-,-,-,-,-,-,-,-,-,-,-,-,-,-
"Clearwater, Pinellas County, Florida, United States",city,https://app.monqcle.com/org/cphlr/project/drug-paraphernalia-laws-1689792283/record/63928,DPL_2023_Consolidated ,2022-12-31,2023-01-01,1,0,-,-,-,-,-,-,-,-,-,-,-,-,-,-,-,-,-,-,-,-,-,-,-,-,-,-,-,-,-,-,-,-,-,-,-,-,-,-,-,-,-,-,-,-,-,-,-,-,-,-,-,-,-,-,-,-,-,-,-,-,-,-,-,-,-,-,-,-,-,-,-,-,-,-,-,-,-,-,-,-,-,-,-,-,-,-,-,-,-,-,-,-,-,-,-,-,-,-,-,-,-,-,-,-,-,-,-
"Clearwater, Pinellas County, Florida, United States",city,https://app.monqcle.com/org/cphlr/project/drug-paraphernalia-laws-1689792283/record/76222,DPL_2025_Consolidated,2022-12-31,2024-12-31,1,0,-,-,-,-,-,-,-,-,-,-,-,-,-,-,-,-,-,-,-,-,-,-,-,-,-,-,-,-,-,-,-,-,-,-,-,-,-,-,-,-,-,-,-,-,-,-,-,-,-,-,-,-,-,-,-,-,-,-,-,-,-,-,-,-,-,-,-,-,-,-,-,-,-,-,-,-,-,-,-,-,-,-,-,-,-,-,-,-,-,-,-,-,-,-,-,-,-,-,-,-,-,-,-,-,-,-,-
"Cleveland, Cuyahoga County, Ohio, United States",city,https://app.monqcle.com/org/cphlr/project/drug-paraphernalia-laws-1689792283/record/63726,DPL_2023_Consolidated ,2022-12-31,2023-01-01,12,1,-,-,-,ALP,-,-,-,https://codelibrary.amlegal.com/codes/cleveland/latest/cleveland_oh/0-0-0-32000,-,-,-,01/27/2020,-,-,-,01/29/2020,-,-,-,10/23/2023,-,-,-,"Known, current through date published in ordinance",-,-,-,Both (ARCHIVE) ,"§ 607.17 Possession, Manu,§ 607.16",-,-,-,-,-,-,-,-,-,-,"Syringes, hypodermic needles, other inject/ion/ing equipment/instrument/supplies , Pipes, other smoke/ing or inhal/ing/ation equipment or supplies, Drug test/ing or check/ing equipment or supplies, Other",§ 607.16 Definitions,-,-,"Sales (ARCHIVE), Non-sale distribution/delivery (ARCHIVE), Possession, possession with intent to use, keep, Use, Advertising, display, Manufacturing, manufacture with intent to deliver or sell","§ 607.17 Possession, Manu,§ 607.17 Possession, Manu,§ 607.17 Possession, Manu",-,-,"Criminal (ARCHIVE) , Forfeiture/Seizure","§ 607.18,§ 607.17 Possession, Manu",-,-,"Syringes for approved medical use (i.e. diabetes) , Professionals acting in their course of business [e.g. pharmacists, physicians, manufacturers]",§ 607.17,-,-,-,-,-,-,-,-,-,-,-,-,-,-,-,-,-,-,-,-,-,-,-,-,-,-,-,-,-,-,-,-,-,-,-,-,-,-,-,-,-,-,-,-,-,-,-,-,-,-,-,-,-,-
"Cleveland, Cuyahoga County, Ohio, United States",city,https://app.monqcle.com/org/cphlr/project/drug-paraphernalia-laws-1689792283/record/74959,DPL_2025_Consolidated,2022-12-31,2024-12-31,13,1,-,-,-,ALP,-,-,-,https://codelibrary.amlegal.com/codes/cleveland/latest/cleveland_oh/0-0-0-32000,-,-,-,01/27/2020,-,-,-,01/29/2020,-,-,-,10/13/2025,-,-,-,"Known, current through date published in ordinance",-,-,-,Both (ARCHIVE) ,-,-,-,0,-,-,-,-,-,-,-,"Syringes, hypodermic needles, other inject/ion/ing equipment/instrument/supplies , Pipes, other smoke/ing or inhal/ing/ation equipment or supplies, Drug test/ing or check/ing equipment or supplies, Other",§ 607.16 Definitions,-,-,"Sales, possession with intent to sell, offer for sale (NEW), Delivery, possession with intent to deliver/distribute, distribution, transfer, furnish, exchange (NEW), Possession, possession with intent to use, keep, Use, Advertising, display, Manufacturing, manufacture with intent to deliver or sell","§ 607.17 Possession, Manu,§ 607.17 Possession, Manu,§ 607.17 Possession, Manu",-,-,"Misdemeanor (NEW), Forfeiture/Seizure","§ 607.17 Possession, Manu,§ 607.18",-,-,"Syringes for approved medical use (i.e. diabetes) , Professionals acting in their course of business [e.g. pharmacists, physicians, manufacturers]","§ 607.17 Possession, Manu,§ 607.17","This section shall not be construed to prohibit any possession, manufacture or use of hypodermics made lawful by Section 607.10 of the General Offenses Code of the Codified Ordinances",-,-,-,-,-,-,-,-,-,-,-,-,-,-,-,-,-,-,-,-,-,-,-,-,-,-,-,-,-,-,-,-,-,-,-,-,-,-,-,-,-,-,-,-,-,-,-,-,-,-,-,-,-
"Clifton, Passaic County, New Jersey, United States",city,https://app.monqcle.com/org/cphlr/project/drug-paraphernalia-laws-1689792283/record/63635,DPL_2023_Consolidated,2022-12-31,2023-01-01,1,0,-,-,-,-,-,-,-,-,-,-,-,-,-,-,-,-,-,-,-,-,-,-,-,-,-,-,-,-,-,-,-,-,-,-,-,-,-,-,-,-,-,-,-,-,-,-,-,-,-,-,-,-,-,-,-,-,-,-,-,-,-,-,-,-,-,-,-,-,-,-,-,-,-,-,-,-,-,-,-,-,-,-,-,-,-,-,-,-,-,-,-,-,-,-,-,-,-,-,-,-,-,-,-,-,-,-,-
"Clifton, Passaic County, New Jersey, United States",city,https://app.monqcle.com/org/cphlr/project/drug-paraphernalia-laws-1689792283/record/77255,DPL_2025_Consolidated,2022-12-31,2024-12-31,1,0,-,-,-,-,-,-,-,-,-,-,-,-,-,-,-,-,-,-,-,-,-,-,-,-,-,-,-,-,-,-,-,-,-,-,-,-,-,-,-,-,-,-,-,-,-,-,-,-,-,-,-,-,-,-,-,-,-,-,-,-,-,-,-,-,-,-,-,-,-,-,-,-,-,-,-,-,-,-,-,-,-,-,-,-,-,-,-,-,-,-,-,-,-,-,-,-,-,-,-,-,-,-,-,-,-,-,-
"Clovis, Fresno County, California, United States",city,https://app.monqcle.com/org/cphlr/project/drug-paraphernalia-laws-1689792283/record/62872,DPL_2023_Consolidated,2022-12-31,2023-01-01,1,0,-,-,-,-,-,-,-,-,-,-,-,-,-,-,-,-,-,-,-,-,-,-,-,-,-,-,-,-,-,-,-,-,-,-,-,-,-,-,-,-,-,-,-,-,-,-,-,-,-,-,-,-,-,-,-,-,-,-,-,-,-,-,-,-,-,-,-,-,-,-,-,-,-,-,-,-,-,-,-,-,-,-,-,-,-,-,-,-,-,-,-,-,-,-,-,-,-,-,-,-,-,-,-,-,-,-,-
"Clovis, Fresno County, California, United States",city,https://app.monqcle.com/org/cphlr/project/drug-paraphernalia-laws-1689792283/record/76091,DPL_2025_Consolidated,2022-12-31,2024-12-31,1,0,-,-,-,-,-,-,-,-,-,-,-,-,-,-,-,-,-,-,-,-,-,-,-,-,-,-,-,-,-,-,-,-,-,-,-,-,-,-,-,-,-,-,-,-,-,-,-,-,-,-,-,-,-,-,-,-,-,-,-,-,-,-,-,-,-,-,-,-,-,-,-,-,-,-,-,-,-,-,-,-,-,-,-,-,-,-,-,-,-,-,-,-,-,-,-,-,-,-,-,-,-,-,-,-,-,-,-
"College Station, Brazos County, Texas, United States",city,https://app.monqcle.com/org/cphlr/project/drug-paraphernalia-laws-1689792283/record/64048,DPL_2023_Consolidated,2022-12-31,2023-01-01,1,0,-,-,-,-,-,-,-,-,-,-,-,-,-,-,-,-,-,-,-,-,-,-,-,-,-,-,-,-,-,-,-,-,-,-,-,-,-,-,-,-,-,-,-,-,-,-,-,-,-,-,-,-,-,-,-,-,-,-,-,-,-,-,-,-,-,-,-,-,-,-,-,-,-,-,-,-,-,-,-,-,-,-,-,-,-,-,-,-,-,-,-,-,-,-,-,-,-,-,-,-,-,-,-,-,-,-,-
"College Station, Brazos County, Texas, United States",city,https://app.monqcle.com/org/cphlr/project/drug-paraphernalia-laws-1689792283/record/76226,DPL_2025_Consolidated,2022-12-31,2024-12-31,1,0,-,-,-,-,-,-,-,-,-,-,-,-,-,-,-,-,-,-,-,-,-,-,-,-,-,-,-,-,-,-,-,-,-,-,-,-,-,-,-,-,-,-,-,-,-,-,-,-,-,-,-,-,-,-,-,-,-,-,-,-,-,-,-,-,-,-,-,-,-,-,-,-,-,-,-,-,-,-,-,-,-,-,-,-,-,-,-,-,-,-,-,-,-,-,-,-,-,-,-,-,-,-,-,-,-,-,-
"Colorado Springs, El Paso County, Colorado, United States",city,https://app.monqcle.com/org/cphlr/project/drug-paraphernalia-laws-1689792283/record/74795,DPL_2025_Consolidated,2022-12-31,2024-12-31,1,0,-,-,-,-,-,-,-,-,-,-,-,-,-,-,-,-,-,-,-,-,-,-,-,-,-,-,-,-,-,-,-,-,-,-,-,-,-,-,-,-,-,-,-,-,-,-,-,-,-,-,-,-,-,-,-,-,-,-,-,-,-,-,-,-,-,-,-,-,-,-,-,-,-,-,-,-,-,-,-,-,-,-,-,-,-,-,-,-,-,-,-,-,-,-,-,-,-,-,-,-,-,-,-,-,-,-,-
"Colorado Springs, El Paso County, Colorado, United States",city,https://app.monqcle.com/org/cphlr/project/drug-paraphernalia-laws-1689792283/record/63616,DPL_2023_Consolidated,2022-12-31,2023-01-01,1,0,-,-,-,-,-,-,-,-,-,-,-,-,-,-,-,-,-,-,-,-,-,-,-,-,-,-,-,-,-,-,-,-,-,-,-,-,-,-,-,-,-,-,-,-,-,-,-,-,-,-,-,-,-,-,-,-,-,-,-,-,-,-,-,-,-,-,-,-,-,-,-,-,-,-,-,-,-,-,-,-,-,-,-,-,-,-,-,-,-,-,-,-,-,-,-,-,-,-,-,-,-,-,-,-,-,-,-
"Columbia, Boone County, Missouri, United States",city,https://app.monqcle.com/org/cphlr/project/drug-paraphernalia-laws-1689792283/record/76267,DPL_2025_Consolidated,2023-07-17,2024-12-31,13,1,-,-,-,Municode,-,-,-,https://library.municode.com/mo/columbia/codes/code_of_ordinances?nodeId=PTIICOOR_CH16OFMIPR_ARTIICOOF_DIV23MIOF_S16-255PODRPA,-,-,-,07/17/2023,-,-,-,-,-,-,-,09/19/2025,-,-,-,"Known, current through date published in ordinance",-,-,-,State (ARCHIVE) ,-,-,-,0,-,-,-,-,-,-,-,"Syringes, hypodermic needles, other inject/ion/ing equipment/instrument/supplies , Pipes, other smoke/ing or inhal/ing/ation equipment or supplies, Other",DIVISION 23. - MISCELLANE,-,-,"Possession, possession with intent to use, keep",DIVISION 23. - MISCELLANE,-,-,"Infraction (NEW), Unspecified Fine (NEW)","DIVISION 23. - MISCELLANE,DIVISION 23. - MISCELLANE",-,-,"Paraphernalia for consumption of cannabis, generally or medical use (NEW)",DIVISION 23. - MISCELLANE,-,-,-,-,-,-,-,-,-,-,Possession,-,-,-,-,-,-,-,-,-,-,-,-,-,-,-,-,-,-,-,-,-,-,-,-,-,-,-,-,-,-,-,-,-,-,-,-,-,-,-,-,-,-,-
"Columbia, Boone County, Missouri, United States",city,https://app.monqcle.com/org/cphlr/project/drug-paraphernalia-laws-1689792283/record/76008,DPL_2025_JD,2023-07-17,2024-12-31,13,1,-,-,-,Municode,-,-,-,https://library.municode.com/mo/columbia/codes/code_of_ordinances?nodeId=PTIICOOR_CH16OFMIPR_ARTIICOOF_DIV23MIOF_S16-255PODRPA,-,-,-,07/17/2023,-,-,-,-,-,-,-,09/19/2025,-,-,-,"Known, current through date published in ordinance",-,-,-,State (ARCHIVE) ,-,-,-,0,-,-,-,-,-,-,-,"Syringes, hypodermic needles, other inject/ion/ing equipment/instrument/supplies , Pipes, other smoke/ing or inhal/ing/ation equipment or supplies, Other",DIVISION 23. - MISCELLANE,-,-,"Possession, possession with intent to use, keep",DIVISION 23. - MISCELLANE,-,-,"Infraction (NEW), Misdemeanor (NEW), Unspecified Fine (NEW)","DIVISION 23. - MISCELLANE,DIVISION 23. - MISCELLANE",-,-,"Paraphernalia for consumption of cannabis, generally (ARCHIVE)",DIVISION 23. - MISCELLANE,-,-,-,-,-,-,-,-,-,-,Possession,-,-,-,-,-,-,-,-,-,-,-,-,-,-,-,-,-,-,-,-,-,-,-,-,-,-,-,-,-,-,-,-,-,-,-,-,-,-,-,-,-,-,-
"Columbia, Boone County, Missouri, United States",city,https://app.monqcle.com/org/cphlr/project/drug-paraphernalia-laws-1689792283/record/76153,DPL_2025_PS,2023-07-17,2024-12-31,13,1,-,-,-,Municode,-,-,-,https://library.municode.com/mo/columbia/codes/code_of_ordinances?nodeId=PTIICOOR_CH16OFMIPR_ARTIICOOF_DIV23MIOF_S16-255PODRPA,-,-,-,07/17/2023,-,-,-,-,-,-,-,09/19/2025,-,-,-,"Known, current through date published in ordinance",-,-,-,State (ARCHIVE) ,-,-,-,0,-,-,-,-,-,-,-,"Syringes, hypodermic needles, other inject/ion/ing equipment/instrument/supplies , Pipes, other smoke/ing or inhal/ing/ation equipment or supplies, Other",DIVISION 23. - MISCELLANE,-,-,"Possession, possession with intent to use, keep",DIVISION 23. - MISCELLANE,-,-,"Infraction (NEW), Unspecified Fine (NEW)","DIVISION 23. - MISCELLANE,DIVISION 23. - MISCELLANE",-,-,"Paraphernalia for consumption of cannabis, generally or medical use (NEW)",DIVISION 23. - MISCELLANE,-,-,-,-,-,-,-,-,-,-,Possession,-,-,-,-,-,-,-,-,-,-,-,-,-,-,-,-,-,-,-,-,-,-,-,-,-,-,-,-,-,-,-,-,-,-,-,-,-,-,-,-,-,-,-
"Columbia, Boone County, Missouri, United States",city,https://app.monqcle.com/org/cphlr/project/drug-paraphernalia-laws-1689792283/record/76266,DPL_2025_Consolidated,2022-12-31,2023-07-16,12,1,-,-,-,Municode,-,-,-,https://library.municode.com/mo/columbia/codes/code_of_ordinances?nodeId=PTIICOOR_CH16OFMIPR_ARTIICOOF_DIV23MIOF_S16-255PODRPA,-,-,-,08/02/2004,-,unknown date at bottom of ordinance,-,-,-,-,-,07/17/2023,-,-,-,"Known, current through date published in ordinance",-,-,-,State (ARCHIVE) ,-,-,-,0,-,-,-,-,-,-,-,"Syringes, hypodermic needles, other inject/ion/ing equipment/instrument/supplies , Pipes, other smoke/ing or inhal/ing/ation equipment or supplies, Other",DIVISION 23. - MISCELLANE,-,-,"Possession, possession with intent to use, keep",DIVISION 23. - MISCELLANE,-,-,Misdemeanor (NEW),DIVISION 23. - MISCELLANE,-,-,None,DIVISION 23. - MISCELLANE,-,-,-,-,-,-,-,-,-,-,-,-,-,-,-,-,-,-,-,-,-,-,-,-,-,-,-,-,-,-,-,-,-,-,-,-,-,-,-,-,-,-,-,-,-,-,-,-,-,-,-,-,-,-
"Columbia, Boone County, Missouri, United States",city,https://app.monqcle.com/org/cphlr/project/drug-paraphernalia-laws-1689792283/record/63352,DPL_2023_Consolidated,2022-12-31,2023-01-01,11,1,-,-,-,Municode,-,-,-,https://library.municode.com/mo/columbia/codes/code_of_ordinances?nodeId=PTIICOOR_CH16OFMIPR_ARTIICOOF_DIV23MIOF_S16-255PODRPA,-,-,-,08/02/2004,-,unknown date below ordinance,-,-,-,-,-,10/11/2023,-,-,-,"Known, current through date published in ordinance",-,-,-,State (ARCHIVE) ,DIVISION 23. - MISCELLANE,-,-,-,-,-,-,-,-,-,-,"Syringes, hypodermic needles, other inject/ion/ing equipment/instrument/supplies , Pipes, other smoke/ing or inhal/ing/ation equipment or supplies, Other",DIVISION 23. - MISCELLANE,-,-,"Possession, possession with intent to use, keep",DIVISION 23. - MISCELLANE,-,-,Criminal (ARCHIVE) ,DIVISION 23. - MISCELLANE,-,-,Other paraphernalia for approved medical use,-,-,-,-,-,-,-,-,-,-,-,-,-,-,-,-,-,-,-,-,-,-,-,-,-,-,-,-,-,-,-,-,-,-,-,-,-,-,-,-,-,-,-,-,-,-,-,-,-,-,-,-,-,-,-
"Columbia, Richland County, South Carolina, United States",city,https://app.monqcle.com/org/cphlr/project/drug-paraphernalia-laws-1689792283/record/75828,DPL_2025_PS,2023-08-15,2024-12-31,11,1,-,-,-,Municode,-,-,-,https://library.municode.com/sc/columbia/codes/code_of_ordinances?nodeId=COOR_CH14OFMIPR_ARTXIIDRPA,-,-,-,08/15/2023,-,-,-,-,-,-,-,02/12/2025,-,-,-,"Known, current through date published in ordinance",-,-,-,-,-,-,-,0,-,-,-,-,-,-,-,"Syringes, hypodermic needles, other inject/ion/ing equipment/instrument/supplies , Pipes, other smoke/ing or inhal/ing/ation equipment or supplies, Drug test/ing or check/ing equipment or supplies, Other",ARTICLE XII. - DRUG PARAP,-,-,"Delivery, possession with intent to deliver/distribute, distribution, transfer, furnish, exchange (NEW), Possession, possession with intent to use, keep, Use, Manufacturing, manufacture with intent to deliver or sell",ARTICLE XII. - DRUG PARAP,-,-,"Unspecified Fine (NEW), Incarceration (NEW)",ARTICLE XII. - DRUG PARAP,-,-,None,-,-,-,-,-,-,-,-,-,-,-,-,-,-,-,-,-,-,-,-,-,-,-,-,-,-,-,-,-,-,-,-,-,-,-,-,-,-,-,-,-,-,-,-,-,-,-,-,-,-,-,-,-,-,-
"Columbia, Richland County, South Carolina, United States",city,https://app.monqcle.com/org/cphlr/project/drug-paraphernalia-laws-1689792283/record/75918,DPL_2025_Consolidated,2023-08-15,2024-12-31,11,1,-,-,-,Municode,-,-,-,https://library.municode.com/sc/columbia/codes/code_of_ordinances?nodeId=COOR_CH14OFMIPR_ARTXIIDRPA,-,-,-,08/15/2023,-,-,-,-,-,-,-,02/12/2025,-,-,-,"Known, current through date published in ordinance",-,-,-,-,-,-,-,0,-,-,-,-,-,-,-,"Syringes, hypodermic needles, other inject/ion/ing equipment/instrument/supplies , Pipes, other smoke/ing or inhal/ing/ation equipment or supplies, Drug test/ing or check/ing equipment or supplies, Other",ARTICLE XII. - DRUG PARAP,-,-,"Delivery, possession with intent to deliver/distribute, distribution, transfer, furnish, exchange (NEW), Possession, possession with intent to use, keep, Use, Manufacturing, manufacture with intent to deliver or sell",ARTICLE XII. - DRUG PARAP,-,-,"Unspecified Fine (NEW), Incarceration (NEW)",ARTICLE XII. - DRUG PARAP,-,-,None,-,-,-,-,-,-,-,-,-,-,-,-,-,-,-,-,-,-,-,-,-,-,-,-,-,-,-,-,-,-,-,-,-,-,-,-,-,-,-,-,-,-,-,-,-,-,-,-,-,-,-,-,-,-,-
"Columbia, Richland County, South Carolina, United States",city,https://app.monqcle.com/org/cphlr/project/drug-paraphernalia-laws-1689792283/record/75568,DPL_2025_JD,2023-08-15,2024-12-31,11,0,-,-,-,Municode,-,-,-,https://library.municode.com/sc/columbia/codes/code_of_ordinances?nodeId=COOR_CH14OFMIPR_ARTXIIDRPA,-,-,-,08/15/2023,-,-,-,-,-,-,-,02/12/2025,-,-,-,"Known, current through date published in ordinance",-,-,-,-,-,-,-,0,-,-,-,-,-,-,-,"Syringes, hypodermic needles, other inject/ion/ing equipment/instrument/supplies , Pipes, other smoke/ing or inhal/ing/ation equipment or supplies, Drug test/ing or check/ing equipment or supplies, Other",ARTICLE XII. - DRUG PARAP,-,-,"Delivery, possession with intent to deliver/distribute, distribution, transfer, furnish, exchange (NEW), Possession, possession with intent to use, keep, Use, Manufacturing, manufacture with intent to deliver or sell",ARTICLE XII. - DRUG PARAP,-,-,"Unspecified Fine (NEW), Incarceration (NEW)",ARTICLE XII. - DRUG PARAP,-,-,None,-,-,-,-,-,-,-,-,-,-,-,-,-,-,-,-,-,-,-,-,-,-,-,-,-,-,-,-,-,-,-,-,-,-,-,-,-,-,-,-,-,-,-,-,-,-,-,-,-,-,-,-,-,-,-
"Columbia, Richland County, South Carolina, United States",city,https://app.monqcle.com/org/cphlr/project/drug-paraphernalia-laws-1689792283/record/63984,DPL_2023_Consolidated,2022-12-31,2023-01-01,1,0,-,-,-,-,-,-,-,-,-,-,-,-,-,-,-,-,-,-,-,-,-,-,-,-,-,-,-,-,-,-,-,-,-,-,-,-,-,-,-,-,-,-,-,-,-,-,-,-,-,-,-,-,-,-,-,-,-,-,-,-,-,-,-,-,-,-,-,-,-,-,-,-,-,-,-,-,-,-,-,-,-,-,-,-,-,-,-,-,-,-,-,-,-,-,-,-,-,-,-,-,-,-,-,-,-,-,-
"Columbia, Richland County, South Carolina, United States",city,https://app.monqcle.com/org/cphlr/project/drug-paraphernalia-laws-1689792283/record/75917,DPL_2025_Consolidated,2022-12-31,2023-08-14,1,0,-,-,-,-,-,-,-,-,-,-,-,-,-,-,-,-,-,-,-,-,-,-,-,-,-,-,-,-,-,-,-,-,-,-,-,-,-,-,-,-,-,-,-,-,-,-,-,-,-,-,-,-,-,-,-,-,-,-,-,-,-,-,-,-,-,-,-,-,-,-,-,-,-,-,-,-,-,-,-,-,-,-,-,-,-,-,-,-,-,-,-,-,-,-,-,-,-,-,-,-,-,-,-,-,-,-,-
"Columbus, Franklin County, Ohio, United States",city,https://app.monqcle.com/org/cphlr/project/drug-paraphernalia-laws-1689792283/record/74559,DPL_2025_PS,2023-12-11,2025-06-30,1,0,-,-,-,-,-,-,-,-,-,-,-,-,-,-,-,-,-,-,-,-,-,-,-,-,-,-,-,-,-,-,-,-,-,-,-,-,-,-,-,-,-,-,-,-,-,-,-,-,-,-,-,-,-,-,-,-,-,-,-,-,-,-,-,-,-,-,-,-,-,-,-,-,-,-,-,-,-,-,-,-,-,-,-,-,-,-,-,-,-,-,-,-,-,-,-,-,-,-,-,-,-,-,-,-,-,-,-
"Columbus, Franklin County, Ohio, United States",city,https://app.monqcle.com/org/cphlr/project/drug-paraphernalia-laws-1689792283/record/74672,DPL_2025_Consolidated,2023-12-11,2024-12-31,1,0,-,-,-,-,-,-,-,-,-,-,-,-,-,-,-,-,-,-,-,-,-,-,-,-,-,-,-,-,-,-,-,-,-,-,-,-,-,-,-,-,-,-,-,-,-,-,-,-,-,-,-,-,-,-,-,-,-,-,-,-,-,-,-,-,-,-,-,-,-,-,-,-,-,-,-,-,-,-,-,-,-,-,-,-,-,-,-,-,-,-,-,-,-,-,-,-,-,-,-,-,-,-,-,-,-,-,-
"Columbus, Franklin County, Ohio, United States",city,https://app.monqcle.com/org/cphlr/project/drug-paraphernalia-laws-1689792283/record/74524,DPL_2025_JD,2023-12-11,2025-06-30,1,0,-,-,-,-,-,-,-,-,-,-,-,-,-,-,-,-,-,-,-,-,-,-,-,-,-,-,-,-,-,-,-,-,-,-,-,-,-,-,-,-,"Section 2925.14 | Illegal",-,-,-,-,-,-,-,-,-,-,-,2329.15(B) of the Columbu,-,-,-,-,-,-,-,-,-,-,-,-,-,-,-,-,-,-,-,-,-,-,-,-,-,-,-,-,-,-,-,-,-,-,-,-,-,-,-,-,-,-,-,-,-,-,-,-,-,-,-,-,-,-
"Columbus, Franklin County, Ohio, United States",city,https://app.monqcle.com/org/cphlr/project/drug-paraphernalia-laws-1689792283/record/63234,DPL_2023_Consolidated,2022-12-31,2023-01-01,11,1,-,-,-,Municode,-,-,-,https://library.municode.com/oh/columbus/codes/code_of_ordinances?nodeId=TIT23GEOFCO_CH2329HESASAFERE_2329.16ILUSPOMAPA,-,-,-,07/25/2019,-,unknown date at bottom of ordinance,-,-,-,-,-,08/07/2023,-,-,-,"Known, current through date published in ordinance",-,-,-,State (ARCHIVE) ,2329.16 - Illegal use or ,-,-,-,-,-,-,-,-,-,-,"Syringes, hypodermic needles, other inject/ion/ing equipment/instrument/supplies , Pipes, other smoke/ing or inhal/ing/ation equipment or supplies, Drug test/ing or check/ing equipment or supplies, Other","Section 2925.14 | Illegal",-,-,"Possession, possession with intent to use, keep, Use",2329.16 -,-,-,Criminal (ARCHIVE) ,2329.16 -,-,-,"Syringes for approved medical use (i.e. diabetes) , Other paraphernalia for approved medical use, Professionals acting in their course of business [e.g. pharmacists, physicians, manufacturers]",2329.15(B) of the Columbu,-,-,-,-,-,-,-,-,-,-,-,-,-,-,-,-,-,-,-,-,-,-,-,-,-,-,-,-,-,-,-,-,-,-,-,-,-,-,-,-,-,-,-,-,-,-,-,-,-,-,-,-,-,-
"Columbus, Franklin County, Ohio, United States",city,https://app.monqcle.com/org/cphlr/project/drug-paraphernalia-laws-1689792283/record/74627,DPL_2025_Consolidated,2022-12-31,2023-12-10,13,1,-,-,-,Municode,-,-,-,https://library.municode.com/oh/columbus/codes/code_of_ordinances?nodeId=TIT23GEOFCO_CH2329HESASAFERE_2329.16ILUSPOMAPA,-,-,-,07/25/2019,-,unknown date at bottom of ordinance,-,-,-,-,-,12/11/2023,-,-,-,"Known, current through date published in ordinance",-,-,-,State (ARCHIVE) ,2329.16 - Illegal use or ,-,-,1,-,-,-,2925.14 of the Ohio Revised Code,-,-,-,"Syringes, hypodermic needles, other inject/ion/ing equipment/instrument/supplies , Pipes, other smoke/ing or inhal/ing/ation equipment or supplies, Drug test/ing or check/ing equipment or supplies, Other","Section 2925.14 | Illegal",-,-,"Possession, possession with intent to use, keep, Use",2329.16 -,-,-,"Misdemeanor (NEW), Unspecified Fine (NEW)",2329.16 -,-,-,"Syringes for approved medical use (i.e. diabetes) , Other paraphernalia for approved medical use, Professionals acting in their course of business [e.g. pharmacists, physicians, manufacturers]",2329.15(B) of the Columbu,-,-,-,-,-,-,-,-,-,-,-,-,-,-,-,-,-,-,-,-,-,-,-,-,-,-,-,-,-,-,-,-,-,-,-,-,-,-,-,-,-,-,-,-,-,-,-,-,-,-,-,-,-,-
"Columbus, Muscogee County, Georgia, United States",city,https://app.monqcle.com/org/cphlr/project/drug-paraphernalia-laws-1689792283/record/75459,DPL_2025_Consolidated,2022-12-31,2024-12-31,1,0,-,-,-,-,-,-,-,-,-,-,-,-,-,-,-,-,-,-,-,-,-,-,-,-,-,-,-,-,-,-,-,-,-,-,-,-,-,-,-,-,-,-,-,-,-,-,-,-,-,-,-,-,-,-,-,-,-,-,-,-,-,-,-,-,-,-,-,-,-,-,-,-,-,-,-,-,-,-,-,-,-,-,-,-,-,-,-,-,-,-,-,-,-,-,-,-,-,-,-,-,-,-,-,-,-,-,-
"Columbus, Muscogee County, Georgia, United States",city,https://app.monqcle.com/org/cphlr/project/drug-paraphernalia-laws-1689792283/record/64026,DPL_2023_Consolidated,2022-12-31,2023-01-01,1,0,-,-,-,-,-,-,-,-,-,-,-,-,-,-,-,-,-,-,-,-,-,-,-,-,-,-,-,-,-,-,-,-,-,-,-,-,-,-,-,-,-,-,-,-,-,-,-,-,-,-,-,-,-,-,-,-,-,-,-,-,-,-,-,-,-,-,-,-,-,-,-,-,-,-,-,-,-,-,-,-,-,-,-,-,-,-,-,-,-,-,-,-,-,-,-,-,-,-,-,-,-,-,-,-,-,-,-
"Compton, Los Angeles County, California, United States",city,https://app.monqcle.com/org/cphlr/project/drug-paraphernalia-laws-1689792283/record/76979,DPL_2025_Consolidated,2022-12-31,2024-12-31,1,0,-,-,-,-,-,-,-,-,-,-,-,-,-,-,-,-,-,-,-,-,-,-,-,-,-,-,-,-,-,-,-,-,-,-,-,-,-,-,-,-,-,-,-,-,-,-,-,-,-,-,-,-,-,-,-,-,-,-,-,-,-,-,-,-,-,-,-,-,-,-,-,-,-,-,-,-,-,-,-,-,-,-,-,-,-,-,-,-,-,-,-,-,-,-,-,-,-,-,-,-,-,-,-,-,-,-,-
"Compton, Los Angeles County, California, United States",city,https://app.monqcle.com/org/cphlr/project/drug-paraphernalia-laws-1689792283/record/63456,DPL_2023_Consolidated,2022-12-31,2023-01-01,1,0,-,-,-,-,-,-,-,-,-,-,-,-,-,-,-,-,-,-,-,-,-,-,-,-,-,-,-,-,-,-,-,-,-,-,-,-,-,-,-,-,-,-,-,-,-,-,-,-,-,-,-,-,-,-,-,-,-,-,-,-,-,-,-,-,-,-,-,-,-,-,-,-,-,-,-,-,-,-,-,-,-,-,-,-,-,-,-,-,-,-,-,-,-,-,-,-,-,-,-,-,-,-,-,-,-,-,-
"Concord, Cabarrus County, North Carolina, United States",city,https://app.monqcle.com/org/cphlr/project/drug-paraphernalia-laws-1689792283/record/62996,DPL_2023_Consolidated,2022-12-31,2023-01-01,1,0,-,-,-,-,-,-,-,-,-,-,-,-,-,-,-,-,-,-,-,-,-,-,-,-,-,-,-,-,-,-,-,-,-,-,-,-,-,-,-,-,-,-,-,-,-,-,-,-,-,-,-,-,-,-,-,-,-,-,-,-,-,-,-,-,-,-,-,-,-,-,-,-,-,-,-,-,-,-,-,-,-,-,-,-,-,-,-,-,-,-,-,-,-,-,-,-,-,-,-,-,-,-,-,-,-,-,-
"Concord, Cabarrus County, North Carolina, United States",city,https://app.monqcle.com/org/cphlr/project/drug-paraphernalia-laws-1689792283/record/77021,DPL_2025_Consolidated,2022-12-31,2024-12-31,1,0,-,-,-,-,-,-,-,-,-,-,-,-,-,-,-,-,-,-,-,-,-,-,-,-,-,-,-,-,-,-,-,-,-,-,-,-,-,-,-,-,-,-,-,-,-,-,-,-,-,-,-,-,-,-,-,-,-,-,-,-,-,-,-,-,-,-,-,-,-,-,-,-,-,-,-,-,-,-,-,-,-,-,-,-,-,-,-,-,-,-,-,-,-,-,-,-,-,-,-,-,-,-,-,-,-,-,-
"Concord, Contra Costa County, California, United States",city,https://app.monqcle.com/org/cphlr/project/drug-paraphernalia-laws-1689792283/record/63790,DPL_2023_Consolidated,2022-12-31,2023-01-01,1,0,-,-,-,-,-,-,-,-,-,-,-,-,-,-,-,-,-,-,-,-,-,-,-,-,-,-,-,-,-,-,-,-,-,-,-,-,-,-,-,-,-,-,-,-,-,-,-,-,-,-,-,-,-,-,-,-,-,-,-,-,-,-,-,-,-,-,-,-,-,-,-,-,-,-,-,-,-,-,-,-,-,-,-,-,-,-,-,-,-,-,-,-,-,-,-,-,-,-,-,-,-,-,-,-,-,-,-
"Concord, Contra Costa County, California, United States",city,https://app.monqcle.com/org/cphlr/project/drug-paraphernalia-laws-1689792283/record/75859,DPL_2025_Consolidated,2022-12-31,2024-12-31,1,0,-,-,-,-,-,-,-,-,-,-,-,-,-,-,-,-,-,-,-,-,-,-,-,-,-,-,-,-,-,-,-,-,-,-,-,-,-,-,-,-,-,-,-,-,-,-,-,-,-,-,-,-,-,-,-,-,-,-,-,-,-,-,-,-,-,-,-,-,-,-,-,-,-,-,-,-,-,-,-,-,-,-,-,-,-,-,-,-,-,-,-,-,-,-,-,-,-,-,-,-,-,-,-,-,-,-,-
"Conroe, Montgomery County, Texas, United States",city,https://app.monqcle.com/org/cphlr/project/drug-paraphernalia-laws-1689792283/record/77310,DPL_2025_Consolidated,2022-12-31,2024-12-31,12,1,-,-,-,Municode,-,-,-,https://library.municode.com/tx/conroe/codes/code_of_ordinances?nodeId=PTIICOOR_CH46OF_ARTVILSMPR_S46-77USPOINDE,-,-,-,09/23/2010,-,unknown date at bottom of ordinance,-,-,-,-,-,09/23/2025,-,-,-,"Known, current through date published in ordinance",-,-,-,State (ARCHIVE) ,-,-,-,0,-,-,-,-,-,-,-,"Syringes, hypodermic needles, other inject/ion/ing equipment/instrument/supplies , Pipes, other smoke/ing or inhal/ing/ation equipment or supplies, Other","ARTICLE V. - ILLEGAL SMOK,ARTICLE V. - ILLEGAL SMOK","Only prohibited for possesion/use with ""illegal smoking product"" defined as 

(1)

Salviadivinorum or salvinorum A: all parts of the plant presently classified botanically as salvia divinorum, whether growing or not, the seeds thereof, any extract from any part of such plant, and every compound, manufacture, salts derivative, mixture or preparation of such plant, its seeds or extracts;

(2)

2-[(1R, 3S)-3-hydroxycyclohexyl]-5-(2-methylocatan-2-yl) phenol (also known as CP47, 497) and homologues;

(3)

(6aS, 10aS)-9-(hydroxmethyl)-6, 6-dimethyl-3-(2-methyloctan-2-yl)-6a, 7, 10, 10a-tetrahydrobenzo [c] chormen-1-ol) (also known as HU-211 or Dexanabinol);

(4)

1-Pentyl-3-(1-naphthoyl)indole (also known as JWH~018/spice); or

(5)

I-Butyl-3-(1-naphthoyl)indole (also known as JWH-073).",-,"Possession, possession with intent to use, keep, Use",ARTICLE V. - ILLEGAL SMOK,"Only prohibited for possesion/use with ""illegal smoking product"" defined as 

(1)

Salviadivinorum or salvinorum A: all parts of the plant presently classified botanically as salvia divinorum, whether growing or not, the seeds thereof, any extract from any part of such plant, and every compound, manufacture, salts derivative, mixture or preparation of such plant, its seeds or extracts;

(2)

2-[(1R, 3S)-3-hydroxycyclohexyl]-5-(2-methylocatan-2-yl) phenol (also known as CP47, 497) and homologues;

(3)

(6aS, 10aS)-9-(hydroxmethyl)-6, 6-dimethyl-3-(2-methyloctan-2-yl)-6a, 7, 10, 10a-tetrahydrobenzo [c] chormen-1-ol) (also known as HU-211 or Dexanabinol);

(4)

1-Pentyl-3-(1-naphthoyl)indole (also known as JWH~018/spice); or

(5)

I-Butyl-3-(1-naphthoyl)indole (also known as JWH-073).",-,Unspecified Fine (NEW),Sec. 1-13. -,-,-,None,-,-,-,-,-,-,-,-,-,-,-,-,-,-,-,-,-,-,-,-,-,-,-,-,-,-,-,-,-,-,-,-,-,-,-,-,-,-,-,-,-,-,-,-,-,-,-,-,-,-,-,-,-,-,-
"Conroe, Montgomery County, Texas, United States",city,https://app.monqcle.com/org/cphlr/project/drug-paraphernalia-laws-1689792283/record/64105,DPL_2023_Consolidated,2022-12-31,2023-01-01,11,1,-,-,-,Municode,-,-,-,https://library.municode.com/tx/conroe/codes/code_of_ordinances?nodeId=PTIICOOR_CH46OF_ARTVILSMPR_S46-77USPOINDE,-,-,-,09/23/2010,-,unknown date at bottom of ordinance,-,-,-,-,-,12/12/2023,-,-,-,"Known, current through date published in ordinance",-,-,-,State (ARCHIVE) ,ARTICLE V. - ILLEGAL SMOK,-,-,-,-,-,-,-,-,-,-,"Syringes, hypodermic needles, other inject/ion/ing equipment/instrument/supplies , Pipes, other smoke/ing or inhal/ing/ation equipment or supplies, Other","ARTICLE V. - ILLEGAL SMOK,ARTICLE V. - ILLEGAL SMOK","paraphernalia only prohibited when used for ""illegal smoking material"" defined as:

(1)

Salviadivinorum or salvinorum A: all parts of the plant presently classified botanically as salvia divinorum, whether growing or not, the seeds thereof, any extract from any part of such plant, and every compound, manufacture, salts derivative, mixture or preparation of such plant, its seeds or extracts;

(2)

2-[(1R, 3S)-3-hydroxycyclohexyl]-5-(2-methylocatan-2-yl) phenol (also known as CP47, 497) and homologues;

(3)

(6aS, 10aS)-9-(hydroxmethyl)-6, 6-dimethyl-3-(2-methyloctan-2-yl)-6a, 7, 10, 10a-tetrahydrobenzo [c] chormen-1-ol) (also known as HU-211 or Dexanabinol);

(4)

1-Pentyl-3-(1-naphthoyl)indole (also known as JWH~018/spice); or

(5)

I-Butyl-3-(1-naphthoyl)indole (also known as JWH-073).",-,"Possession, possession with intent to use, keep, Use",ARTICLE V. - ILLEGAL SMOK,-,-,Criminal (ARCHIVE) ,Sec. 1-13. -,-,-,None,-,-,-,-,-,-,-,-,-,-,-,-,-,-,-,-,-,-,-,-,-,-,-,-,-,-,-,-,-,-,-,-,-,-,-,-,-,-,-,-,-,-,-,-,-,-,-,-,-,-,-,-,-,-,-
"Coral Springs, Broward County, Florida, United States",city,https://app.monqcle.com/org/cphlr/project/drug-paraphernalia-laws-1689792283/record/75836,DPL_2025_Consolidated,2022-12-31,2024-12-31,1,0,-,-,-,-,-,-,-,-,-,-,-,-,-,-,-,-,-,-,-,-,-,-,-,-,-,-,-,-,-,-,-,-,-,-,-,-,-,-,-,-,-,-,-,-,-,-,-,-,-,-,-,-,-,-,-,-,-,-,-,-,-,-,-,-,-,-,-,-,-,-,-,-,-,-,-,-,-,-,-,-,-,-,-,-,-,-,-,-,-,-,-,-,-,-,-,-,-,-,-,-,-,-,-,-,-,-,-
"Coral Springs, Broward County, Florida, United States",city,https://app.monqcle.com/org/cphlr/project/drug-paraphernalia-laws-1689792283/record/63048,DPL_2023_Consolidated,2022-12-31,2023-01-01,1,0,-,-,-,-,-,-,-,-,-,-,-,-,-,-,-,-,-,-,-,-,-,-,-,-,-,-,-,-,-,-,-,-,-,-,-,-,-,-,-,-,-,-,-,-,-,-,-,-,-,-,-,-,-,-,-,-,-,-,-,-,-,-,-,-,-,-,-,-,-,-,-,-,-,-,-,-,-,-,-,-,-,-,-,-,-,-,-,-,-,-,-,-,-,-,-,-,-,-,-,-,-,-,-,-,-,-,-
"Corona, Riverside County, California, United States",city,https://app.monqcle.com/org/cphlr/project/drug-paraphernalia-laws-1689792283/record/75659,DPL_2025_Consolidated,2022-12-31,2024-12-31,12,1,-,-,-,ALP,-,-,-,https://codelibrary.amlegal.com/codes/corona/latest/corona_ca/0-0-0-40674,-,-,-,07/15/2006,-,unknown date at bottom of ordinance,-,-,-,-,-,06/04/2025,-,-,-,"Known, current through date published in ordinance",-,-,-,Both (ARCHIVE) ,-,-,-,0,-,-,-,-,-,-,-,"Syringes, hypodermic needles, other inject/ion/ing equipment/instrument/supplies , Pipes, other smoke/ing or inhal/ing/ation equipment or supplies, Drug test/ing or check/ing equipment or supplies, Other",CHAPTER 9.10 SALE OF DRUG,-,-,"Sales, possession with intent to sell, offer for sale (NEW), Delivery, possession with intent to deliver/distribute, distribution, transfer, furnish, exchange (NEW), Manufacturing, manufacture with intent to deliver or sell, Other",CHAPTER 9.10 SALE OF DRUG,-,-,"Misdemeanor (NEW), Unspecified Fine (NEW), Incarceration (NEW)","CHAPTER 1.08 PENALTIES,CHAPTER 1.08",-,-,"Professionals acting in their course of business [e.g. pharmacists, physicians, manufacturers]",CHAPTER 9.10,-,-,-,-,-,-,-,-,-,-,-,-,-,-,-,-,-,-,-,-,-,-,-,-,-,-,-,-,-,-,-,-,-,-,-,-,-,-,-,-,-,-,-,-,-,-,-,-,-,-,-,-,-,-
"Corona, Riverside County, California, United States",city,https://app.monqcle.com/org/cphlr/project/drug-paraphernalia-laws-1689792283/record/63329,DPL_2023_Consolidated ,2022-12-31,2023-01-01,11,1,-,-,-,ALP,-,-,-,https://codelibrary.amlegal.com/codes/corona/latest/corona_ca/0-0-0-40674,-,-,-,07/15/2006,-,unknown date at bottom of ordinance,-,-,-,-,-,06/21/2023,-,-,-,"Known, current through date published in ordinance",-,-,-,Both (ARCHIVE) ,"CHAPTER 9.10,CHAPTER 9.10",-,-,-,-,-,-,-,-,-,-,"Syringes, hypodermic needles, other inject/ion/ing equipment/instrument/supplies , Pipes, other smoke/ing or inhal/ing/ation equipment or supplies, Drug test/ing or check/ing equipment or supplies, Other",CHAPTER 9.10 SALE OF DRUG,-,-,"Sales (ARCHIVE), Non-sale distribution/delivery (ARCHIVE), Manufacturing, manufacture with intent to deliver or sell, Other",CHAPTER 9.10 SALE OF DRUG,"furnish, transfer, maintain or operate any place of business in which drug paraphernalia is kept, displayed, or offered in any manner ",-,Criminal (ARCHIVE) ,"CHAPTER 1.08,CHAPTER 1.08 PENALTIES",-,-,"Professionals acting in their course of business [e.g. pharmacists, physicians, manufacturers]",CHAPTER 9.10,"as authorized by federal law, state law that is not preempted by federal law ",-,-,-,-,-,-,-,-,-,-,-,-,-,-,-,-,-,-,-,-,-,-,-,-,-,-,-,-,-,-,-,-,-,-,-,-,-,-,-,-,-,-,-,-,-,-,-,-,-,-,-,-,-
"Corpus Christi, Nueces County, Texas, United States",city,https://app.monqcle.com/org/cphlr/project/drug-paraphernalia-laws-1689792283/record/63268,DPL_2023_Consolidated,2022-12-31,2023-01-01,11,1,-,-,-,Municode,-,-,-,https://library.municode.com/tx/corpus_christi/codes/code_of_ordinances?nodeId=PTIIITHCOOR_CH33OFMIPR_ARTIXILSMPRREPA,-,-,-,05/15/2012,-,-,-,-,-,-,-,12/12/2023,-,-,-,"Known, current through date published in ordinance",-,-,-,Neither (ARCHIVE),-,-,-,-,-,-,-,-,-,-,-,"Syringes, hypodermic needles, other inject/ion/ing equipment/instrument/supplies , Pipes, other smoke/ing or inhal/ing/ation equipment or supplies, Other","ARTICLE IX. - ILLEGAL SMO,ARTICLE IX. - ILLEGAL SMO","paraphernalia only prohibited when used for ""illegal smoking material"" defined as:

1.

Salvia divinorum or salvinorin A; all parts of the plant presently classified botanically as salvia divinorum, whether growing or not, the seeds thereof, any extract from any part of such plant, and every compound, manufacture, salts, derivative, mixture or preparation of such plant, its seeds or extracts, including Salvinorin A;

2.

2-[(1R, 3S)-3-hydroxycyclohexyl]-5-(2-methyloctan-2-yl) phenol (also known as CP47, 497) and homologues;

3.

(6aS,10aS)-9-(hydroxymethyl)-6, 6-dimethyl-3(2-methyloctan-2-yl)-6a,7,10, 10a-tetrahydrobenzo[c]chromen-1-ol)(also known as HU-211 or dexanabinol);

4.

1-pentyl-3-(1-naphthoyl)indole (also known as JWH-018);

5.

1-butyl-3-(1-naphthoyl)indole (also known as JWH-073);

6.

1-pentyl-3-(4-methoxynaphthoyl)indole (also known as JWH-081);

7.

1-[2-(4-morpholinyl)ethyl]-3-(1-naphthoyl)indole (JWH-200);

8.

5-(1,1-dimethylheptyl)-2-[(1R,3S)-3-hydroxycyclohexanol;CP-47, 497; or

9.

 5-1, 1-dimethyloctyl)-2-[1R,3S-3-hydroxycyclohexyl]-phenol(cannabicyclohexanol; CP-47, 497 C8 homologue).",-,"Sales (ARCHIVE), Non-sale distribution/delivery (ARCHIVE), Possession, possession with intent to use, keep, Use, Other","ARTICLE IX. - ILLEGAL SMO,ARTICLE IX. - ILLEGAL SMO","Purchase, barter, publicly display, transfer",-,Civil (ARCHIVE),ARTICLE IX. - ILLEGA...,-,-,None,-,-,-,-,-,-,-,-,-,-,-,-,-,-,-,-,-,-,-,-,-,-,-,-,-,-,-,-,-,-,-,-,-,-,-,-,-,-,-,-,-,-,-,-,-,-,-,-,-,-,-,-,-,-,-
"Corpus Christi, Nueces County, Texas, United States",city,https://app.monqcle.com/org/cphlr/project/drug-paraphernalia-laws-1689792283/record/74963,DPL_2025_Consolidated,2022-12-31,2024-12-31,12,1,-,-,-,Municode,-,-,-,https://library.municode.com/tx/corpus_christi/codes/code_of_ordinances?nodeId=PTIIITHCOOR_CH33OFMIPR_ARTIXILSMPRREPA,-,-,-,05/15/2012,-,-,-,-,-,-,-,08/06/2025,-,-,-,"Known, current through date published in ordinance",-,-,-,Neither (ARCHIVE),-,-,-,0,-,-,-,-,-,-,-,"Syringes, hypodermic needles, other inject/ion/ing equipment/instrument/supplies , Pipes, other smoke/ing or inhal/ing/ation equipment or supplies, Other","ARTICLE IX. - ILLEGAL SMO,ARTICLE IX. - ILLEGAL SMO","paraphernalia only prohibited when used for ""illegal smoking material"" defined as:

1.

Salvia divinorum or salvinorin A; all parts of the plant presently classified botanically as salvia divinorum, whether growing or not, the seeds thereof, any extract from any part of such plant, and every compound, manufacture, salts, derivative, mixture or preparation of such plant, its seeds or extracts, including Salvinorin A;

2.

2-[(1R, 3S)-3-hydroxycyclohexyl]-5-(2-methyloctan-2-yl) phenol (also known as CP47, 497) and homologues;

3.

(6aS,10aS)-9-(hydroxymethyl)-6, 6-dimethyl-3(2-methyloctan-2-yl)-6a,7,10, 10a-tetrahydrobenzo[c]chromen-1-ol)(also known as HU-211 or dexanabinol);

4.

1-pentyl-3-(1-naphthoyl)indole (also known as JWH-018);

5.

1-butyl-3-(1-naphthoyl)indole (also known as JWH-073);

6.

1-pentyl-3-(4-methoxynaphthoyl)indole (also known as JWH-081);

7.

1-[2-(4-morpholinyl)ethyl]-3-(1-naphthoyl)indole (JWH-200);

8.

5-(1,1-dimethylheptyl)-2-[(1R,3S)-3-hydroxycyclohexanol;CP-47, 497; or

9.

 5-1, 1-dimethyloctyl)-2-[1R,3S-3-hydroxycyclohexyl]-phenol(cannabicyclohexanol; CP-47, 497 C8 homologue).",-,"Sales, possession with intent to sell, offer for sale (NEW), Delivery, possession with intent to deliver/distribute, distribution, transfer, furnish, exchange (NEW), Give away, give, gift, free distribution (NEW), Possession, possession with intent to use, keep, Use, Advertising, display, Other","ARTICLE IX. - ILLEGAL SMO,ARTICLE IX. - ILLEGAL SMO","Purchase, barter",-,Unspecified Fine (NEW),ARTICLE IX. - ILLEGA...,-,-,None,-,-,-,-,-,-,-,-,-,-,-,-,-,-,-,-,-,-,-,-,-,-,-,-,-,-,-,-,-,-,-,-,-,-,-,-,-,-,-,-,-,-,-,-,-,-,-,-,-,-,-,-,-,-,-
"Costa Mesa, Orange County, California, United States",city,https://app.monqcle.com/org/cphlr/project/drug-paraphernalia-laws-1689792283/record/76088,DPL_2025_Consolidated,2022-12-31,2024-12-31,1,0,-,-,-,-,-,-,-,-,-,-,-,-,-,-,-,-,-,-,-,-,-,-,-,-,-,-,-,-,-,-,-,-,-,-,-,-,-,-,-,-,-,-,-,-,-,-,-,-,-,-,-,-,-,-,-,-,-,-,-,-,-,-,-,-,-,-,-,-,-,-,-,-,-,-,-,-,-,-,-,-,-,-,-,-,-,-,-,-,-,-,-,-,-,-,-,-,-,-,-,-,-,-,-,-,-,-,-
"Costa Mesa, Orange County, California, United States",city,https://app.monqcle.com/org/cphlr/project/drug-paraphernalia-laws-1689792283/record/64015,DPL_2023_Consolidated,2022-12-31,2023-01-01,1,0,-,-,-,-,-,-,-,-,-,-,-,-,-,-,-,-,-,-,-,-,-,-,-,-,-,-,-,-,-,-,-,-,-,-,-,-,-,-,-,-,-,-,-,-,-,-,-,-,-,-,-,-,-,-,-,-,-,-,-,-,-,-,-,-,-,-,-,-,-,-,-,-,-,-,-,-,-,-,-,-,-,-,-,-,-,-,-,-,-,-,-,-,-,-,-,-,-,-,-,-,-,-,-,-,-,-,-
"Cranston, Providence County, Rhode Island, United States",city,https://app.monqcle.com/org/cphlr/project/drug-paraphernalia-laws-1689792283/record/76924,DPL_2025_Consolidated,2022-12-31,2024-12-31,1,0,-,-,-,-,-,-,-,-,-,-,-,-,-,-,-,-,-,-,-,-,-,-,-,-,-,-,-,-,-,-,-,-,-,-,-,-,-,-,-,-,-,-,-,-,-,-,-,-,-,-,-,-,-,-,-,-,-,-,-,-,-,-,-,-,-,-,-,-,-,-,-,-,-,-,-,-,-,-,-,-,-,-,-,-,-,-,-,-,-,-,-,-,-,-,-,-,-,-,-,-,-,-,-,-,-,-,-
"Cranston, Providence County, Rhode Island, United States",city,https://app.monqcle.com/org/cphlr/project/drug-paraphernalia-laws-1689792283/record/63590,DPL_2023_Consolidated,2022-12-31,2023-01-01,1,0,-,-,-,-,-,-,-,-,-,-,-,-,-,-,-,-,-,-,-,-,-,-,-,-,-,-,-,-,-,-,-,-,-,-,-,-,-,-,-,-,-,-,-,-,-,-,-,-,-,-,-,-,-,-,-,-,-,-,-,-,-,-,-,-,-,-,-,-,-,-,-,-,-,-,-,-,-,-,-,-,-,-,-,-,-,-,-,-,-,-,-,-,-,-,-,-,-,-,-,-,-,-,-,-,-,-,-
"Dallas, Dallas County, Texas, United States",city,https://app.monqcle.com/org/cphlr/project/drug-paraphernalia-laws-1689792283/record/63599,DPL_2023_Consolidated,2022-12-31,2023-01-01,12,1,-,-,-,ALP,-,-,-,https://codelibrary.amlegal.com/codes/dallas/latest/dallas_tx/0-0-0-114532,-,-,-,08/10/2010,-,-,-,08/15/2010,-,-,-,09/12/2023,-,-,-,"Known, current through date published in ordinance",-,-,-,Neither (ARCHIVE),-,-,-,-,-,-,-,-,-,-,-,"Pipes, other smoke/ing or inhal/ing/ation equipment or supplies, Other",SEC. 31-32.1.   ILLEGAL S,"paraphernalia only prohibited when used for ""illegal smoking material"" defined as:

(A)   Salvia divinorum, including:

            (i)   all parts of the plant, whether growing or not;

            (ii)   the seeds of the plant;

            (iii)   any extract from any part of the plant; and

            (iv)   any compound, salt, derivative, mixture, or preparation of the plant, its seeds, or its extracts, including Salvinorin A;

         (B)   2-[(1R,3S)-3-hydroxycyclo-hexyl]-5- (2-methyloctan-2-yl)phenol (also known as CP47, 497) and homologues;

         (C)   [(6aS,10aS)-9-(hydroxy-methyl)-6,6- dimethyl-3-(2-methyloctan-2-yl)-6a, 7,10,10a- tetrahydrobenzo[c]chromen-1-ol] (also known as HU- 211 or Dexanabinol);

         (D)   1-pentyl-3-(1-napthoyl)indole (also known as JWH-018);

         (E)   1-butyl-3-(1-napthoyl)indole (also known as JWH-073); or

         (F)   1-pentyl-3-(4-methoxynaph- tholy)indole (also known as JWH-081).
",-,"Possession, possession with intent to use, keep, Use",SEC. 31-32.1.   ILLEGAL S,-,-,Civil (ARCHIVE),SEC. 31-32.1,-,-,"Other paraphernalia for approved medical use, Professionals acting in their course of business [e.g. pharmacists, physicians, manufacturers], Public officials in the course of their duties, generally, Other",SEC. 31-32.1.   ILLEGAL S,a part of a bona fide religious ritual or ceremony.,-,-,-,-,-,-,-,-,-,-,-,-,-,-,-,-,-,-,-,-,-,-,-,-,-,-,-,-,-,-,-,-,-,-,-,-,-,-,-,-,-,-,-,-,-,-,-,-,-,-,-,-,-
"Dallas, Dallas County, Texas, United States",city,https://app.monqcle.com/org/cphlr/project/drug-paraphernalia-laws-1689792283/record/73734,DPL_2025_Consolidated,2022-12-31,2024-12-31,13,1,-,-,-,ALP,-,-,-,https://codelibrary.amlegal.com/codes/dallas/latest/dallas_tx/0-0-0-114532,-,-,-,08/10/2010,-,-,-,08/15/2010,-,-,-,03/26/2025,-,-,-,"Known, current through date published in ordinance",-,-,-,Neither (ARCHIVE),-,-,-,0,-,-,-,-,-,-,-,"Syringes, hypodermic needles, other inject/ion/ing equipment/instrument/supplies , Pipes, other smoke/ing or inhal/ing/ation equipment or supplies, Other",SEC. 31-32.1.   ILLEGAL S,"Salvia divinorum, including:

(i) all parts of the plant, whether growing or not;

(ii) the seeds of the plant;

(iii) any extract from any part of the plant; and

(iv) any compound, salt, derivative, mixture, or preparation of the plant, its seeds, or its extracts, including Salvinorin A;

(B) 2-[(1R,3S)-3-hydroxycyclo-hexyl]-5- (2-methyloctan-2-yl)phenol (also known as CP47, 497) and homologues;

(C) [(6aS,10aS)-9-(hydroxy-methyl)-6,6- dimethyl-3-(2-methyloctan-2-yl)-6a, 7,10,10a- tetrahydrobenzo[c]chromen-1-ol] (also known as HU- 211 or Dexanabinol);

(D) 1-pentyl-3-(1-napthoyl)indole (also known as JWH-018);

(E) 1-butyl-3-(1-napthoyl)indole (also known as JWH-073); or

(F) 1-pentyl-3-(4-methoxynaph- tholy)indole (also known as JWH-081).",-,"Possession, possession with intent to use, keep, Use",SEC. 31-32.1.   ILLEGAL S,-,-,Unspecified Fine (NEW),SEC. 31-32.1,-,-,"Syringes for approved medical use (i.e. diabetes) , Other paraphernalia for approved medical use, Professionals acting in their course of business [e.g. pharmacists, physicians, manufacturers], Public officials in the course of their duties, generally, Other",SEC. 31-32.1.   ILLEGAL S,a part of a bona fide religious ritual or ceremony.,-,-,-,-,-,-,-,-,-,-,-,-,-,-,-,-,-,-,-,-,-,-,-,-,-,-,-,-,-,-,-,-,-,-,-,-,-,-,-,-,-,-,-,-,-,-,-,-,-,-,-,-,-
"Daly City, San Mateo County, California, United States",city,https://app.monqcle.com/org/cphlr/project/drug-paraphernalia-laws-1689792283/record/62707,DPL_2023_Consolidated,2022-12-31,2023-01-01,1,0,-,-,-,-,-,-,-,-,-,-,-,-,-,-,-,-,-,-,-,-,-,-,-,-,-,-,-,-,-,-,-,-,-,-,-,-,-,-,-,-,-,-,-,-,-,-,-,-,-,-,-,-,-,-,-,-,-,-,-,-,-,-,-,-,-,-,-,-,-,-,-,-,-,-,-,-,-,-,-,-,-,-,-,-,-,-,-,-,-,-,-,-,-,-,-,-,-,-,-,-,-,-,-,-,-,-,-
"Daly City, San Mateo County, California, United States",city,https://app.monqcle.com/org/cphlr/project/drug-paraphernalia-laws-1689792283/record/76543,DPL_2025_Consolidated,2022-12-31,2024-12-31,1,0,-,-,-,-,-,-,-,-,-,-,-,-,-,-,-,-,-,-,-,-,-,-,-,-,-,-,-,-,-,-,-,-,-,-,-,-,-,-,-,-,-,-,-,-,-,-,-,-,-,-,-,-,-,-,-,-,-,-,-,-,-,-,-,-,-,-,-,-,-,-,-,-,-,-,-,-,-,-,-,-,-,-,-,-,-,-,-,-,-,-,-,-,-,-,-,-,-,-,-,-,-,-,-,-,-,-,-
"Danbury, Western Connecticut Planning Region, Connecticut, United States",city,https://app.monqcle.com/org/cphlr/project/drug-paraphernalia-laws-1689792283/record/63334,DPL_2023_Consolidated,2022-12-31,2023-01-01,1,0,-,-,-,-,-,-,-,-,-,-,-,-,-,-,-,-,-,-,-,-,-,-,-,-,-,-,-,-,-,-,-,-,-,-,-,-,-,-,-,-,-,-,-,-,-,-,-,-,-,-,-,-,-,-,-,-,-,-,-,-,-,-,-,-,-,-,-,-,-,-,-,-,-,-,-,-,-,-,-,-,-,-,-,-,-,-,-,-,-,-,-,-,-,-,-,-,-,-,-,-,-,-,-,-,-,-,-
"Danbury, Western Connecticut Planning Region, Connecticut, United States",city,https://app.monqcle.com/org/cphlr/project/drug-paraphernalia-laws-1689792283/record/76833,DPL_2025_Consolidated,2022-12-31,2024-12-31,1,0,-,-,-,-,-,-,-,-,-,-,-,-,-,-,-,-,-,-,-,-,-,-,-,-,-,-,-,-,-,-,-,-,-,-,-,-,-,-,-,-,-,-,-,-,-,-,-,-,-,-,-,-,-,-,-,-,-,-,-,-,-,-,-,-,-,-,-,-,-,-,-,-,-,-,-,-,-,-,-,-,-,-,-,-,-,-,-,-,-,-,-,-,-,-,-,-,-,-,-,-,-,-,-,-,-,-,-
"Davenport, Scott County, Iowa, United States",city,https://app.monqcle.com/org/cphlr/project/drug-paraphernalia-laws-1689792283/record/63791,DPL_2023_Consolidated,2022-12-31,2023-01-01,11,1,-,-,-,Ecode 360 ,-,-,-,https://ecode360.com/35576994?highlight=drug%20paraphernalia&searchId=15629375941506573#35576994,-,-,-,12/03/1980,-,-,-,-,-,-,-,06/28/2023,-,-,-,"Known, current through date published in ordinance",-,-,-,State (ARCHIVE) ,Chapter 9.48 DRUG PARAPHE,-,-,-,-,-,-,-,-,-,-,"Syringes, hypodermic needles, other inject/ion/ing equipment/instrument/supplies , Pipes, other smoke/ing or inhal/ing/ation equipment or supplies, Drug test/ing or check/ing equipment or supplies, Other",Chapter 9.48 DRUG PARAPHE,-,-,"Non-sale distribution/delivery (ARCHIVE), Possession, possession with intent to use, keep, Use, Advertising, display, Manufacturing, manufacture with intent to deliver or sell",Chapter 9.48 DRUG PARAPHE,-,-,Criminal (ARCHIVE) ,Chapter 9.48,-,-,None,-,-,-,-,-,-,-,-,-,-,-,-,-,-,-,-,-,-,-,-,-,-,-,-,-,-,-,-,-,-,-,-,-,-,-,-,-,-,-,-,-,-,-,-,-,-,-,-,-,-,-,-,-,-,-
"Davenport, Scott County, Iowa, United States",city,https://app.monqcle.com/org/cphlr/project/drug-paraphernalia-laws-1689792283/record/76630,DPL_2025_Consolidated,2022-12-31,2024-12-31,12,1,-,-,-,Ecode 360 ,-,-,-,https://ecode360.com/35576994?highlight=drug%20paraphernalia&searchId=15629375941506573#35576994,-,-,-,12/03/1980,-,-,-,-,-,-,-,05/28/2025,-,-,-,"Known, current through date published in ordinance",-,-,-,State (ARCHIVE) ,-,-,-,0,-,-,-,-,-,-,-,"Syringes, hypodermic needles, other inject/ion/ing equipment/instrument/supplies , Pipes, other smoke/ing or inhal/ing/ation equipment or supplies, Drug test/ing or check/ing equipment or supplies, Other",Chapter 9.48 DRUG PARAPHE,-,-,"Delivery, possession with intent to deliver/distribute, distribution, transfer, furnish, exchange (NEW), Possession, possession with intent to use, keep, Use, Advertising, display, Manufacturing, manufacture with intent to deliver or sell",Chapter 9.48 DRUG PARAPHE,-,-,"Misdemeanor (NEW), Unspecified Fine (NEW), Incarceration (NEW)",Chapter 9.48,-,-,None,-,-,-,-,-,-,-,-,-,-,-,-,-,-,-,-,-,-,-,-,-,-,-,-,-,-,-,-,-,-,-,-,-,-,-,-,-,-,-,-,-,-,-,-,-,-,-,-,-,-,-,-,-,-,-
"Davie, Broward County, Florida, United States",city,https://app.monqcle.com/org/cphlr/project/drug-paraphernalia-laws-1689792283/record/63141,DPL_2023_Consolidated,2022-12-31,2023-01-01,1,0,-,-,-,-,-,-,-,-,-,-,-,-,-,-,-,-,-,-,-,-,-,-,-,-,-,-,-,-,-,-,-,-,-,-,-,-,-,-,-,-,-,-,-,-,-,-,-,-,-,-,-,-,-,-,-,-,-,-,-,-,-,-,-,-,-,-,-,-,-,-,-,-,-,-,-,-,-,-,-,-,-,-,-,-,-,-,-,-,-,-,-,-,-,-,-,-,-,-,-,-,-,-,-,-,-,-,-
"Davie, Broward County, Florida, United States",city,https://app.monqcle.com/org/cphlr/project/drug-paraphernalia-laws-1689792283/record/76528,DPL_2025_Consolidated,2022-12-31,2024-12-31,1,0,-,-,-,-,-,-,-,-,-,-,-,-,-,-,-,-,-,-,-,-,-,-,-,-,-,-,-,-,-,-,-,-,-,-,-,-,-,-,-,-,-,-,-,-,-,-,-,-,-,-,-,-,-,-,-,-,-,-,-,-,-,-,-,-,-,-,-,-,-,-,-,-,-,-,-,-,-,-,-,-,-,-,-,-,-,-,-,-,-,-,-,-,-,-,-,-,-,-,-,-,-,-,-,-,-,-,-
"Dayton, Montgomery County, Ohio, United States",city,https://app.monqcle.com/org/cphlr/project/drug-paraphernalia-laws-1689792283/record/63989,DPL_2023_Consolidated,2022-12-31,2023-01-01,11,1,-,-,-,Municode,-,-,-,https://library.municode.com/oh/dayton/codes/code_of_ordinances?nodeId=TITXIIIGEOF_CH139DROF_S139.13DRPA,-,-,-,01/09/2019,-,-,-,-,-,-,-,04/03/2023,-,-,-,"Known, current through date published in ordinance",-,-,-,State (ARCHIVE) ,Sec. 139.13. -,-,-,-,-,-,-,-,-,-,-,"Syringes, hypodermic needles, other inject/ion/ing equipment/instrument/supplies , Pipes, other smoke/ing or inhal/ing/ation equipment or supplies, Drug test/ing or check/ing equipment or supplies, Other","Sec. 139.13. - Drug parap,Sec. 139.04. - Possessing",-,-,"Sales (ARCHIVE), Possession, possession with intent to use, keep, Use, Advertising, display, Manufacturing, manufacture with intent to deliver or sell","Sec. 139.04. -,Sec. 139.13. - Drug parap",-,-,"Criminal (ARCHIVE) , Forfeiture/Seizure",Sec. 139.13. - Drug parap,-,-,"Syringes for approved medical use (i.e. diabetes) , Professionals acting in their course of business [e.g. pharmacists, physicians, manufacturers]",Sec. 139.13. -,-,-,-,-,-,-,-,-,-,-,-,-,-,-,-,-,-,-,-,-,-,-,-,-,-,-,-,-,-,-,-,-,-,-,-,-,-,-,-,-,-,-,-,-,-,-,-,-,-,-,-,-,-,-
"Dayton, Montgomery County, Ohio, United States",city,https://app.monqcle.com/org/cphlr/project/drug-paraphernalia-laws-1689792283/record/79338,DPL_2025_Consolidated,2022-12-31,2024-12-31,13,1,-,-,-,Municode,-,-,-,https://library.municode.com/oh/dayton/codes/code_of_ordinances?nodeId=TITXIIIGEOF_CH139DROF_S139.13DRPA,-,-,-,01/09/2019,-,-,-,-,-,-,-,10/28/2025,-,-,-,"Known, current through date published in ordinance",-,-,-,State (ARCHIVE) ,-,-,-,0,-,-,-,-,-,-,-,"Syringes, hypodermic needles, other inject/ion/ing equipment/instrument/supplies , Pipes, other smoke/ing or inhal/ing/ation equipment or supplies, Drug test/ing or check/ing equipment or supplies, Other","Sec. 139.04. - Possessing,Sec. 139.13. - Drug parap",-,-,"Sales, possession with intent to sell, offer for sale (NEW), Possession, possession with intent to use, keep, Use, Advertising, display, Manufacturing, manufacture with intent to deliver or sell, Other","Sec. 139.04. -,Sec. 139.13. - Drug parap","make, obtain (only in reference to hypodermics)",-,"Misdemeanor (NEW), Forfeiture/Seizure","Sec. 139.04. - Possessing,Sec. 139.13. - Drug parap,Sec. 139.13. - Drug parap",-,-,"Paraphernalia for consumption of cannabis, generally or medical use (NEW), Professionals acting in their course of business [e.g. pharmacists, physicians, manufacturers]","Sec. 139.04. - Possessing,Sec. 139.13. -",Cannabis exemption only for hypodermics,-,-,-,-,-,-,-,-,-,"Possession, Use, Other",-,"make, obtain ",-,-,-,-,-,-,-,-,-,-,-,-,-,-,-,-,-,-,-,-,-,-,-,-,-,-,-,-,-,-,-,-,-,-,-,-,-,-,-,-,-
"Dearborn, Wayne County, Michigan, United States",city,https://app.monqcle.com/org/cphlr/project/drug-paraphernalia-laws-1689792283/record/63354,DPL_2023_Consolidated,2022-12-31,2023-01-01,11,1,-,-,-,ALP,-,-,-,https://codelibrary.amlegal.com/codes/dearborn/latest/dearborn_mi/0-0-0-10975,-,-,-,01/16/2001,-,unknown date at bottom of ordinance,-,-,-,-,-,01/09/2024,-,-,-,"Known, current through date published in ordinance",-,-,-,State (ARCHIVE) ,Sec. 14-157. -,-,-,-,-,-,-,-,-,-,-,"Syringes, hypodermic needles, other inject/ion/ing equipment/instrument/supplies , Pipes, other smoke/ing or inhal/ing/ation equipment or supplies, Other",Sec. 14-157. -,-,-,"Sales (ARCHIVE), Non-sale distribution/delivery (ARCHIVE), Possession, possession with intent to use, keep, Use, Manufacturing, manufacture with intent to deliver or sell",Sec. 14-157. - Controlled,-,-,"Criminal (ARCHIVE) , Other",Sec. 14-157. - Controlled,"If a person is convicted of a violation of this section, the court, as part of his sentence, during either the period of his confinement or the period of his probation, or both, may require him to attend a course of instruction or rehabilitation program approved by the department of mental health on the medical, psychological, and social effects of the misuse of drugs. ",-,"Paraphernalia for consumption of cannabis, generally (ARCHIVE)",Sec. 14-157. - Controlled,-,-,-,-,-,-,-,-,-,-,-,-,-,-,-,-,-,-,-,-,-,-,-,-,-,-,-,-,-,-,-,-,-,-,-,-,-,-,-,-,-,-,-,-,-,-,-,-,-,-,-,-,-,-
"Dearborn, Wayne County, Michigan, United States",city,https://app.monqcle.com/org/cphlr/project/drug-paraphernalia-laws-1689792283/record/77295,DPL_2025_Consolidated,2022-12-31,2024-12-31,13,1,-,-,-,ALP,-,-,-,https://codelibrary.amlegal.com/codes/dearborn/latest/dearborn_mi/0-0-0-10975,-,-,-,01/16/2001,-,unknown date at bottom of ordinance,-,-,-,-,-,09/09/2025,-,-,-,"Known, current through date published in ordinance",-,-,-,State (ARCHIVE) ,-,-,-,0,-,-,-,-,-,-,-,"Syringes, hypodermic needles, other inject/ion/ing equipment/instrument/supplies , Pipes, other smoke/ing or inhal/ing/ation equipment or supplies, Other",Sec. 14-157. -,-,-,"Sales, possession with intent to sell, offer for sale (NEW), Delivery, possession with intent to deliver/distribute, distribution, transfer, furnish, exchange (NEW), Possession, possession with intent to use, keep, Use, Manufacturing, manufacture with intent to deliver or sell",Sec. 14-157. - Controlled,-,-,"Unspecified Fine (NEW), Incarceration (NEW)",Sec. 14-157. - Controlled,-,-,"Paraphernalia for consumption of cannabis, generally or medical use (NEW)",Sec. 14-157. - Controlled,-,-,-,-,-,-,-,-,-,-,"Possession, Use, Sales",-,-,-,-,-,-,-,-,-,-,-,-,-,-,-,-,-,-,-,-,-,-,-,-,-,-,-,-,-,-,-,-,-,-,-,-,-,-,-,-,-,-,-
"Deerfield Beach, Broward County, Florida, United States",city,https://app.monqcle.com/org/cphlr/project/drug-paraphernalia-laws-1689792283/record/77418,DPL_2025_Consolidated,2022-12-31,2024-12-31,1,0,-,-,-,-,-,-,-,-,-,-,-,-,-,-,-,-,-,-,-,-,-,-,-,-,-,-,-,-,-,-,-,-,-,-,-,-,-,-,-,-,-,-,-,-,-,-,-,-,-,-,-,-,-,-,-,-,-,-,-,-,-,-,-,-,-,-,-,-,-,-,-,-,-,-,-,-,-,-,-,-,-,-,-,-,-,-,-,-,-,-,-,-,-,-,-,-,-,-,-,-,-,-,-,-,-,-,-
"Deerfield Beach, Broward County, Florida, United States",city,https://app.monqcle.com/org/cphlr/project/drug-paraphernalia-laws-1689792283/record/63561,DPL_2023_Consolidated,2022-12-31,2023-01-01,1,0,-,-,-,-,-,-,-,-,-,-,-,-,-,-,-,-,-,-,-,-,-,-,-,-,-,-,-,-,-,-,-,-,-,-,-,-,-,-,-,-,-,-,-,-,-,-,-,-,-,-,-,-,-,-,-,-,-,-,-,-,-,-,-,-,-,-,-,-,-,-,-,-,-,-,-,-,-,-,-,-,-,-,-,-,-,-,-,-,-,-,-,-,-,-,-,-,-,-,-,-,-,-,-,-,-,-,-
"Deltona, Volusia County, Florida, United States",city,https://app.monqcle.com/org/cphlr/project/drug-paraphernalia-laws-1689792283/record/76706,DPL_2025_Consolidated,2022-12-31,2024-12-31,1,0,-,-,-,-,-,-,-,-,-,-,-,-,-,-,-,-,-,-,-,-,-,-,-,-,-,-,-,-,-,-,-,-,-,-,-,-,-,-,-,-,-,-,-,-,-,-,-,-,-,-,-,-,-,-,-,-,-,-,-,-,-,-,-,-,-,-,-,-,-,-,-,-,-,-,-,-,-,-,-,-,-,-,-,-,-,-,-,-,-,-,-,-,-,-,-,-,-,-,-,-,-,-,-,-,-,-,-
"Deltona, Volusia County, Florida, United States",city,https://app.monqcle.com/org/cphlr/project/drug-paraphernalia-laws-1689792283/record/63547,DPL_2023_Consolidated,2022-12-31,2023-01-01,1,0,-,-,-,-,-,-,-,-,-,-,-,-,-,-,-,-,-,-,-,-,-,-,-,-,-,-,-,-,-,-,-,-,-,-,-,-,-,-,-,-,-,-,-,-,-,-,-,-,-,-,-,-,-,-,-,-,-,-,-,-,-,-,-,-,-,-,-,-,-,-,-,-,-,-,-,-,-,-,-,-,-,-,-,-,-,-,-,-,-,-,-,-,-,-,-,-,-,-,-,-,-,-,-,-,-,-,-
"Denton, Denton County, Texas, United States",city,https://app.monqcle.com/org/cphlr/project/drug-paraphernalia-laws-1689792283/record/75910,DPL_2025_Consolidated,2022-12-31,2024-12-31,12,1,-,-,-,Municode,-,-,-,https://library.municode.com/tx/denton/codes/code_of_ordinances?nodeId=SPACOOR_CH14HEHUSE_ARTIV.AILSMPR_S14-94USPOINDE,-,-,-,09/07/2010,-,unknown date below ordinance,-,-,-,-,-,08/11/2025,-,-,-,"Known, current through date published in ordinance",-,-,-,Neither (ARCHIVE),-,-,-,0,-,-,-,-,-,-,-,"Syringes, hypodermic needles, other inject/ion/ing equipment/instrument/supplies , Pipes, other smoke/ing or inhal/ing/ation equipment or supplies, Other","ARTICLE IV.A. - ILLEGAL S,ARTICLE IV.A. - ILLEGAL S","Only prohibited for possesion/use with ""illegal smoking product"" defined as 

(a)

Salviadivinorum or salvinorum A; all parts of the plant presently classified botanically as salvia divinorum, whether growing or not, the seeds thereof, any extract from any part of such plant, and every compound, manufacture, salts derivative, mixture or preparation of such plant, its seeds or extracts, or any synthetic cannabinoid commonly known or sold under such names as ""Spice"", ""Spice Diamond"", ""Spice Gold"", ""Pep Spice"", ""Yucatan Fire"", ""Solar Flare"", ""Fire N' Ice"", ""Genie"", ""Dascents"", ""Zohai"", ""Sage"", ""Salvia Divinorum"", ""K-2 Summet"" and ""KO Knock-Out 2"" and the same synthetic cannabinoid and any analogue or variant thereof by whatsoever name it may be called or any substance similar in nature and sold for the purpose of inducing intoxication in the human body.

(b)

2-[(1R, 3S)-3-hydroxycyclohexyl1}-5-(2-methylocatan-2-yl) phenol ( also known as CP47, 497) and homologues;

(c)

(6aS, 10aS)-9-(hydroxmethyl)-6, 6-dimethyl-3-(2-methloctan-2-yl)-6a, 7, 10, 10a- tetrahydrobenzo [c] chormen-1-o1) (also known as HU-211 or Dexanabinol);

(d)

1-Penty1-3-(1-naphthoy1) indole (also known as JWH-018);

(e)

Buty1-3-(1-naphthoy1) indole (also known as JWH-073).",-,"Possession, possession with intent to use, keep, Use",ARTICLE IV.A. - ILLEGAL S,"Only prohibited for possesion/use with ""illegal smoking product"" defined as 

(a)

Salviadivinorum or salvinorum A; all parts of the plant presently classified botanically as salvia divinorum, whether growing or not, the seeds thereof, any extract from any part of such plant, and every compound, manufacture, salts derivative, mixture or preparation of such plant, its seeds or extracts, or any synthetic cannabinoid commonly known or sold under such names as ""Spice"", ""Spice Diamond"", ""Spice Gold"", ""Pep Spice"", ""Yucatan Fire"", ""Solar Flare"", ""Fire N' Ice"", ""Genie"", ""Dascents"", ""Zohai"", ""Sage"", ""Salvia Divinorum"", ""K-2 Summet"" and ""KO Knock-Out 2"" and the same synthetic cannabinoid and any analogue or variant thereof by whatsoever name it may be called or any substance similar in nature and sold for the purpose of inducing intoxication in the human body.

(b)

2-[(1R, 3S)-3-hydroxycyclohexyl1}-5-(2-methylocatan-2-yl) phenol ( also known as CP47, 497) and homologues;

(c)

(6aS, 10aS)-9-(hydroxmethyl)-6, 6-dimethyl-3-(2-methloctan-2-yl)-6a, 7, 10, 10a- tetrahydrobenzo [c] chormen-1-o1) (also known as HU-211 or Dexanabinol);

(d)

1-Penty1-3-(1-naphthoy1) indole (also known as JWH-018);

(e)

Buty1-3-(1-naphthoy1) indole (also known as JWH-073).",-,Unspecified Fine (NEW),Sec. 1-12. - General pena,-,-,"Syringes for approved medical use (i.e. diabetes) , Other paraphernalia for approved medical use",ARTICLE IV.A. - ILLE...,-,-,-,-,-,-,-,-,-,-,-,-,-,-,-,-,-,-,-,-,-,-,-,-,-,-,-,-,-,-,-,-,-,-,-,-,-,-,-,-,-,-,-,-,-,-,-,-,-,-,-,-,-,-
"Denton, Denton County, Texas, United States",city,https://app.monqcle.com/org/cphlr/project/drug-paraphernalia-laws-1689792283/record/62685,DPL_2023_Consolidated ,2022-12-31,2023-01-01,11,1,-,-,-,Municode,-,-,-,https://library.municode.com/tx/denton/codes/code_of_ordinances?nodeId=SPACOOR_CH14HEHUSE_ARTIV.AILSMPR_S14-94USPOINDE,-,-,-,09/07/2010,-,unknown date below ordinance,-,-,-,-,-,08/28/2023,-,-,-,"Known, current through date published in ordinance",-,-,-,Neither (ARCHIVE),-,-,-,-,-,-,-,-,-,-,-,"Syringes, hypodermic needles, other inject/ion/ing equipment/instrument/supplies , Pipes, other smoke/ing or inhal/ing/ation equipment or supplies, Other","ARTICLE IV.A. - ILLEGAL S,ARTICLE IV.A. - ILLEGAL S"," paraphernalia only prohibited when used for ""illegal smoking material"" defined as:

(a)

Salviadivinorum or salvinorum A; all parts of the plant presently classified botanically as salvia divinorum, whether growing or not, the seeds thereof, any extract from any part of such plant, and every compound, manufacture, salts derivative, mixture or preparation of such plant, its seeds or extracts, or any synthetic cannabinoid commonly known or sold under such names as ""Spice"", ""Spice Diamond"", ""Spice Gold"", ""Pep Spice"", ""Yucatan Fire"", ""Solar Flare"", ""Fire N' Ice"", ""Genie"", ""Dascents"", ""Zohai"", ""Sage"", ""Salvia Divinorum"", ""K-2 Summet"" and ""KO Knock-Out 2"" and the same synthetic cannabinoid and any analogue or variant thereof by whatsoever name it may be called or any substance similar in nature and sold for the purpose of inducing intoxication in the human body.

(b)

2-[(1R, 3S)-3-hydroxycyclohexyl1}-5-(2-methylocatan-2-yl) phenol ( also known as CP47, 497) and homologues;

(c)

(6aS, 10aS)-9-(hydroxmethyl)-6, 6-dimethyl-3-(2-methloctan-2-yl)-6a, 7, 10, 10a- tetrahydrobenzo [c] chormen-1-o1) (also known as HU-211 or Dexanabinol);

(d)

1-Penty1-3-(1-naphthoy1) indole (also known as JWH-018);

(e)

Buty1-3-(1-naphthoy1) indole (also known as JWH-073).",-,"Possession, possession with intent to use, keep, Use",ARTICLE IV.A. - ILLEGAL S,-,-,Criminal (ARCHIVE) ,-,-,-,"Other paraphernalia for approved medical use, Professionals acting in their course of business [e.g. pharmacists, physicians, manufacturers]",ARTICLE IV.A. - ILLE...,-,-,-,-,-,-,-,-,-,-,-,-,-,-,-,-,-,-,-,-,-,-,-,-,-,-,-,-,-,-,-,-,-,-,-,-,-,-,-,-,-,-,-,-,-,-,-,-,-,-,-,-,-,-
"Denver, Colorado, United States",city,https://app.monqcle.com/org/cphlr/project/drug-paraphernalia-laws-1689792283/record/63757,DPL_2023_Consolidated,2022-12-31,2023-01-01,11,1,-,-,-,Municode,-,-,-,https://library.municode.com/co/denver/codes/code_of_ordinances?nodeId=TITIIREMUCO_CH38OFMIPR_ARTVOFREMO_DIV3OFREDRIN_S38-173POINDE,-,-,-,11/26/2018,-,Unknown date at bottom of ordinance,-,-,-,-,-,09/29/2023,-,-,-,"Known, current through date published in ordinance",-,-,-,Neither (ARCHIVE),-,-,-,-,-,-,-,-,-,-,-,"Syringes, hypodermic needles, other inject/ion/ing equipment/instrument/supplies ",Sec. 38-173. - Possession,-,-,"Possession, possession with intent to use, keep",Sec. 38-173. - Possession,-,-,Criminal (ARCHIVE) ,Sec. 38-173. -,-,-,"Syringes for approved medical use (i.e. diabetes) , Syringe services or harm reduction programs specifically, supervised use sites (ARCHIVE), Professionals acting in their course of business [e.g. pharmacists, physicians, manufacturers]",Sec. 38-173. - Possession,-,-,-,-,-,-,-,-,-,-,-,-,-,-,-,-,-,-,-,-,-,-,-,-,-,-,-,-,-,-,-,-,-,-,-,-,-,-,-,-,-,-,-,-,-,-,-,-,-,-,-,-,-,-
"Denver, Colorado, United States",city,https://app.monqcle.com/org/cphlr/project/drug-paraphernalia-laws-1689792283/record/74478,DPL_2025_Consolidated,2022-12-31,2024-12-31,13,1,-,-,-,Municode,-,-,-,https://library.municode.com/co/denver/codes/code_of_ordinances?nodeId=TITIIREMUCO_CH38OFMIPR_ARTVOFREMO_DIV3OFREDRIN_S38-173POINDE,-,-,-,11/26/2018,-,Unknown date at bottom of ordinance,-,-,-,-,-,10/08/2025,-,-,-,"Known, current through date published in ordinance",-,-,-,Neither (ARCHIVE),-,-,-,0,-,-,-,-,-,-,-,"Syringes, hypodermic needles, other inject/ion/ing equipment/instrument/supplies ",Sec. 38-173. - Possession,-,-,"Possession, possession with intent to use, keep",Sec. 38-173. - Possession,-,-,"""Unlawful"" only (NEW)",Sec. 38-173. -,-,-,"Syringes for approved medical use (i.e. diabetes) , Syringes from syringe services, harm reduction programs, or supervised use sites (NEW), Professionals acting in their course of business [e.g. pharmacists, physicians, manufacturers]",Sec. 38-173. - Possession,-,-,-,-,-,-,Possession,-,-,-,-,-,-,-,-,-,-,-,-,-,-,-,-,-,-,-,-,-,-,-,-,-,-,-,-,-,-,-,-,-,-,-,-,-,-,-,-,-,-,-,-,-,-,-
"Des Moines, Polk County, Iowa, United States",city,https://app.monqcle.com/org/cphlr/project/drug-paraphernalia-laws-1689792283/record/75481,DPL_2025_Consolidated,2022-12-31,2024-12-31,12,1,-,-,-,municode ,-,-,-,https://library.municode.com/ia/des_moines/codes/code_of_ordinances?nodeId=MUCO_CH70OFMIPR_ARTVOFAGPUMO_DIV2VINA_S70-184DRPA,-,-,-,07/15/1991,-,unknown date at bottom of ordinance; month and date imputed ,-,-,-,-,-,09/30/2025,-,-,-,"Known, current through date published in ordinance",-,-,-,Both (ARCHIVE) ,-,-,-,0,-,-,-,-,-,-,-,"Syringes, hypodermic needles, other inject/ion/ing equipment/instrument/supplies , Pipes, other smoke/ing or inhal/ing/ation equipment or supplies, Drug test/ing or check/ing equipment or supplies, Other","Sec. 70-184. - Drug parap,Sec. 70-184. - Drug parap",-,-,"Delivery, possession with intent to deliver/distribute, distribution, transfer, furnish, exchange (NEW), Possession, possession with intent to use, keep, Use, Manufacturing, manufacture with intent to deliver or sell","Sec. 70-184. -,Sec. 70-184. -",-,-,"Misdemeanor (NEW), Unspecified Fine (NEW)",Sec. 1-15. - General pena,-,-,None,-,-,-,-,-,-,-,-,-,-,-,-,-,-,-,-,-,-,-,-,-,-,-,-,-,-,-,-,-,-,-,-,-,-,-,-,-,-,-,-,-,-,-,-,-,-,-,-,-,-,-,-,-,-,-
"Des Moines, Polk County, Iowa, United States",city,https://app.monqcle.com/org/cphlr/project/drug-paraphernalia-laws-1689792283/record/63007,DPL_2023_Consolidated ,2022-12-31,2023-01-01,11,1,-,-,-,municode ,-,-,-,https://library.municode.com/ia/des_moines/codes/code_of_ordinances?nodeId=MUCO_CH70OFMIPR_ARTVOFAGPUMO_DIV2VINA_S70-184DRPA,-,-,-,07/15/1991,-,unknown date at bottom of ordinance; month and date imputed ,-,-,-,-,-,09/29/2023,-,-,-,"Known, current through date published in ordinance",-,-,-,Both (ARCHIVE) ,"Sec. 70-184. -,Sec. 70-184. -",-,-,-,-,-,-,-,-,-,-,"Syringes, hypodermic needles, other inject/ion/ing equipment/instrument/supplies , Pipes, other smoke/ing or inhal/ing/ation equipment or supplies, Drug test/ing or check/ing equipment or supplies, Other",Sec. 70-184. - Drug parap,-,-,"Non-sale distribution/delivery (ARCHIVE), Possession, possession with intent to use, keep, Use, Manufacturing, manufacture with intent to deliver or sell","Sec. 70-184. -,Sec. 70-184. -",-,-,Criminal (ARCHIVE) ,-,-,-,None,-,-,-,-,-,-,-,-,-,-,-,-,-,-,-,-,-,-,-,-,-,-,-,-,-,-,-,-,-,-,-,-,-,-,-,-,-,-,-,-,-,-,-,-,-,-,-,-,-,-,-,-,-,-,-
"Detroit, Wayne County, Michigan, United States",city,https://app.monqcle.com/org/cphlr/project/drug-paraphernalia-laws-1689792283/record/74473,DPL_2025_Consolidated,2022-12-31,2024-12-31,16,1,-,-,-,Municode,-,-,-,https://library.municode.com/mi/detroit/codes/code_of_ordinances?nodeId=CICOCH21--43_CH31OF_ARTIXCOSUDRPA_DIV2DRPA_S31-9-21DE,-,-,-,-,-,-,-,08/16/1996,-,-,-,10/09/2025,-,-,-,"Known, current through date published in ordinance",-,-,-,State (ARCHIVE) ,-,-,-,0,-,-,-,-,-,-,-,"Syringes, hypodermic needles, other inject/ion/ing equipment/instrument/supplies , Pipes, other smoke/ing or inhal/ing/ation equipment or supplies, Drug test/ing or check/ing equipment or supplies, Other",DIVISION 2. - DRUG PARAPH,-,-,"Sales, possession with intent to sell, offer for sale (NEW), Delivery, possession with intent to deliver/distribute, distribution, transfer, furnish, exchange (NEW), Give away, give, gift, free distribution (NEW), Possession, possession with intent to use, keep, Use, Advertising, display, Manufacturing, manufacture with intent to deliver or sell","DIVISION 2. - DRUG PARAPH,DIVISION 2. - DRUG PARAPH",give away only applies to hypodermic needles,-,"Misdemeanor (NEW), Unspecified Fine (NEW), Incarceration (NEW), Forfeiture/Seizure","DIVISION 2. - DRUG PARAPH,Sec. 31-1-1. -",-,-,"Syringes for approved medical use (i.e. diabetes) , Paraphernalia for consumption of cannabis, generally or medical use (NEW), Syringes from syringe services, harm reduction programs, or supervised use sites (NEW), Drug checking equipment, in the context of syringe services, harm reduction programs, or supervised use sites (NEW), Pipes/smoking equipment, in the context syringe services, harm reduction programs, or supervised use sites (NEW), Professionals acting in their course of business [e.g. pharmacists, physicians, manufacturers], Public officials in the course of their duties, generally","DIVISION 2. - DRUG PARAPH,DIVISION 2. - DRUG PARAPH,DIVISION 2. - DRUG PARAPH",-,-,-,-,-,-,Possession,-,-,-,"Possession, Use",-,-,-,-,-,-,-,-,-,-,-,-,-,-,-,Possession,-,-,-,-,-,-,-,-,-,-,-,-,-,-,-,Possession,-,-,-,-,-,-,-,-,-,-,-
"Detroit, Wayne County, Michigan, United States",city,https://app.monqcle.com/org/cphlr/project/drug-paraphernalia-laws-1689792283/record/63734,DPL_2023_Consolidated,2022-12-31,2023-01-01,11,1,-,-,-,Municode,-,-,-,https://library.municode.com/mi/detroit/codes/code_of_ordinances?nodeId=CICOCH21--43_CH31OF_ARTIXCOSUDRPA_DIV2DRPA_S31-9-21DE,-,-,-,-,-,-,-,08/16/1996,-,-,-,02/06/2023,-,-,-,"Known, current through date published in ordinance",-,-,-,State (ARCHIVE) ,DIVISION 2. - DRUG PARAPH,-,-,-,-,-,-,-,-,-,-,"Syringes, hypodermic needles, other inject/ion/ing equipment/instrument/supplies , Pipes, other smoke/ing or inhal/ing/ation equipment or supplies, Drug test/ing or check/ing equipment or supplies, Other",DIVISION 2. - DRUG PARAPH,-,-,"Sales (ARCHIVE), Non-sale distribution/delivery (ARCHIVE), Possession, possession with intent to use, keep, Use, Advertising, display, Manufacturing, manufacture with intent to deliver or sell, Other",DIVISION 2. - DRUG PARAPH," furnish, supply, or give away to any person any hypodermic syringe or needle, Any fraud, deceit, misrepresentation, subterfuge, or concealment of a material fact, including providing a false name or a false address for the purpose of obtaining any hypodermic syringe or needle or other instrument or implement or providing a false statement upon any prescription form, shall be deemed a violation of this division,  Presence in places where hypodermic syringes or needles are illegally stored or kept prohibited.",-,"Civil (ARCHIVE), Criminal (ARCHIVE) , Forfeiture/Seizure","DIVISION 2. - DRUG PARAPH,Sec. 31-1-1. -",-,-,"Syringes for approved medical use (i.e. diabetes) , Other paraphernalia for approved medical use, Syringe services or harm reduction programs specifically, supervised use sites (ARCHIVE), Professionals acting in their course of business [e.g. pharmacists, physicians, manufacturers], Public officials in the course of their duties, generally","DIVISION 2. - DRUG PARAPH,DIVISION 2. -,DIVISION 2. - DRUG PARAPH,DIVISION 2. - DRUG PARAPH",medical marijuana,-,-,-,-,-,-,-,-,-,-,-,-,-,-,-,-,-,-,-,-,-,-,-,-,-,-,-,-,-,-,-,-,-,-,-,-,-,-,-,-,-,-,-,-,-,-,-,-,-,-,-,-,-
"Dover, Kent County, Delaware, United States",city,https://app.monqcle.com/org/cphlr/project/drug-paraphernalia-laws-1689792283/record/63341,DPL_2023_Consolidated,2022-12-31,2023-01-01,1,0,-,-,-,-,-,-,-,-,-,-,-,-,-,-,-,-,-,-,-,-,-,-,-,-,-,-,-,-,-,-,-,-,-,-,-,-,-,-,-,-,-,-,-,-,-,-,-,-,-,-,-,-,-,-,-,-,-,-,-,-,-,-,-,-,-,-,-,-,-,-,-,-,-,-,-,-,-,-,-,-,-,-,-,-,-,-,-,-,-,-,-,-,-,-,-,-,-,-,-,-,-,-,-,-,-,-,-
"Dover, Kent County, Delaware, United States",city,https://app.monqcle.com/org/cphlr/project/drug-paraphernalia-laws-1689792283/record/77375,DPL_2025_Consolidated,2022-12-31,2024-12-31,1,0,-,-,-,-,-,-,-,-,-,-,-,-,-,-,-,-,-,-,-,-,-,-,-,-,-,-,-,-,-,-,-,-,-,-,-,-,-,-,-,-,-,-,-,-,-,-,-,-,-,-,-,-,-,-,-,-,-,-,-,-,-,-,-,-,-,-,-,-,-,-,-,-,-,-,-,-,-,-,-,-,-,-,-,-,-,-,-,-,-,-,-,-,-,-,-,-,-,-,-,-,-,-,-,-,-,-,-
"Downey, Los Angeles County, California, United States",city,https://app.monqcle.com/org/cphlr/project/drug-paraphernalia-laws-1689792283/record/64144,DPL_2023_Consolidated,2022-12-31,2023-01-01,1,0,-,-,-,-,-,-,-,-,-,-,-,-,-,-,-,-,-,-,-,-,-,-,-,-,-,-,-,-,-,-,-,-,-,-,-,-,-,-,-,-,-,-,-,-,-,-,-,-,-,-,-,-,-,-,-,-,-,-,-,-,-,-,-,-,-,-,-,-,-,-,-,-,-,-,-,-,-,-,-,-,-,-,-,-,-,-,-,-,-,-,-,-,-,-,-,-,-,-,-,-,-,-,-,-,-,-,-
"Downey, Los Angeles County, California, United States",city,https://app.monqcle.com/org/cphlr/project/drug-paraphernalia-laws-1689792283/record/76116,DPL_2025_Consolidated,2022-12-31,2024-12-31,1,0,-,-,-,-,-,-,-,-,-,-,-,-,-,-,-,-,-,-,-,-,-,-,-,-,-,-,-,-,-,-,-,-,-,-,-,-,-,-,-,-,-,-,-,-,-,-,-,-,-,-,-,-,-,-,-,-,-,-,-,-,-,-,-,-,-,-,-,-,-,-,-,-,-,-,-,-,-,-,-,-,-,-,-,-,-,-,-,-,-,-,-,-,-,-,-,-,-,-,-,-,-,-,-,-,-,-,-
"Duluth, Saint Louis County, Minnesota, United States",city,https://app.monqcle.com/org/cphlr/project/drug-paraphernalia-laws-1689792283/record/77237,DPL_2025_Consolidated,2022-12-31,2024-12-31,1,0,-,-,-,-,-,-,-,-,-,-,-,-,-,-,-,-,-,-,-,-,-,-,-,-,-,-,-,-,-,-,-,-,-,-,-,-,-,-,-,-,-,-,-,-,-,-,-,-,-,-,-,-,-,-,-,-,-,-,-,-,-,-,-,-,-,-,-,-,-,-,-,-,-,-,-,-,-,-,-,-,-,-,-,-,-,-,-,-,-,-,-,-,-,-,-,-,-,-,-,-,-,-,-,-,-,-,-
"Duluth, Saint Louis County, Minnesota, United States",city,https://app.monqcle.com/org/cphlr/project/drug-paraphernalia-laws-1689792283/record/63817,DPL_2023_Consolidated,2022-12-31,2023-01-01,1,0,-,-,-,-,-,-,-,-,-,-,-,-,-,-,-,-,-,-,-,-,-,-,-,-,-,-,-,-,-,-,-,-,-,-,-,-,-,-,-,-,-,-,-,-,-,-,-,-,-,-,-,-,-,-,-,-,-,-,-,-,-,-,-,-,-,-,-,-,-,-,-,-,-,-,-,-,-,-,-,-,-,-,-,-,-,-,-,-,-,-,-,-,-,-,-,-,-,-,-,-,-,-,-,-,-,-,-
"Durham, Durham County, North Carolina, United States",city,https://app.monqcle.com/org/cphlr/project/drug-paraphernalia-laws-1689792283/record/62933,DPL_2023_Consolidated,2022-12-31,2023-01-01,11,1,-,-,-,Municode,-,-,-,https://library.municode.com/nc/durham/codes/code_of_ordinances?nodeId=PTIICOOR_CH46PUSA_ARTVDRALLAOF_S46-151SADRSTINILDRUS,-,-,-,04/07/2008,-,Unknown date at bottom of ordinance,-,-,-,-,-,03/27/2024,-,-,-,"Known, current through date published in ordinance",-,-,-,Both (ARCHIVE) ,"Sec. 46-151. -,Sec. 46-151. - Sale of dr,Sec. 46-151. -",-,-,-,-,-,-,-,-,-,-,"Pipes, other smoke/ing or inhal/ing/ation equipment or supplies, Other",Sec. 46-151. -,Ingestion,-,Sales (ARCHIVE),Sec. 46-151. - Sale of dr,-,-,"Civil (ARCHIVE), Forfeiture/Seizure",Sec. 46-151. - Sale of dr,-,-,"Xylazine checking/testing equipment specifically, in the context syringe services, harm reduction programs, or supervised use sites (NEW)",Sec. 46-151. - Sale of dr,It is a defense to a violation of this section that the drug stem is primarily designed and used for a legitimate purpose unrelated to the ingestion of a controlled substance into the human body.,-,-,-,-,-,-,-,-,-,-,-,-,-,-,-,-,-,-,-,-,-,-,-,-,-,-,-,-,-,-,-,-,-,-,-,-,-,-,-,-,-,-,-,-,-,-,-,-,-,-,-,-,-
"Durham, Durham County, North Carolina, United States",city,https://app.monqcle.com/org/cphlr/project/drug-paraphernalia-laws-1689792283/record/75468,DPL_2025_Consolidated,2022-12-31,2024-12-31,12,1,-,-,-,Municode,-,-,-,https://library.municode.com/nc/durham/codes/code_of_ordinances?nodeId=PTIICOOR_CH46PUSA_ARTVDRALLAOF_S46-151SADRSTINILDRUS,-,-,-,04/07/2008,-,Unknown date at bottom of ordinance,-,-,-,-,-,08/27/2025,-,-,-,"Known, current through date published in ordinance",-,-,-,Both (ARCHIVE) ,-,-,-,0,-,-,-,-,-,-,-,"Pipes, other smoke/ing or inhal/ing/ation equipment or supplies, Other",Sec. 46-151. -,-,-,"Sales, possession with intent to sell, offer for sale (NEW)","Sec. 46-151. - Sale of dr,Sec. 46-151. - Sale of dr",-,-,"Civil Fine (NEW), Forfeiture/Seizure",Sec. 46-151. - Sale of dr,-,-,Other,Sec. 46-151. - Sale of dr,It is a defense to a violation of this section that the drug stem is primarily designed and used for a legitimate purpose unrelated to the ingestion of a controlled substance into the human body.,-,-,-,-,-,-,-,-,-,-,-,-,-,-,-,-,-,-,-,-,-,-,-,-,-,-,-,-,-,-,-,-,-,-,-,-,-,-,-,-,-,-,-,-,-,-,-,-,-,-,-,-,-
"Edinburg, Hidalgo County, Texas, United States",city,https://app.monqcle.com/org/cphlr/project/drug-paraphernalia-laws-1689792283/record/62899,DPL_2023_Consolidated,2022-12-31,2023-01-01,1,0,-,-,-,-,-,-,-,-,-,-,-,-,-,-,-,-,-,-,-,-,-,-,-,-,-,-,-,-,-,-,-,-,-,-,-,-,-,-,-,-,-,-,-,-,-,-,-,-,-,-,-,-,-,-,-,-,-,-,-,-,-,-,-,-,-,-,-,-,-,-,-,-,-,-,-,-,-,-,-,-,-,-,-,-,-,-,-,-,-,-,-,-,-,-,-,-,-,-,-,-,-,-,-,-,-,-,-
"Edinburg, Hidalgo County, Texas, United States",city,https://app.monqcle.com/org/cphlr/project/drug-paraphernalia-laws-1689792283/record/76511,DPL_2025_Consolidated,2022-12-31,2024-12-31,1,0,-,-,-,-,-,-,-,-,-,-,-,-,-,-,-,-,-,-,-,-,-,-,-,-,-,-,-,-,-,-,-,-,-,-,-,-,-,-,-,-,-,-,-,-,-,-,-,-,-,-,-,-,-,-,-,-,-,-,-,-,-,-,-,-,-,-,-,-,-,-,-,-,-,-,-,-,-,-,-,-,-,-,-,-,-,-,-,-,-,-,-,-,-,-,-,-,-,-,-,-,-,-,-,-,-,-,-
"Edmond, Oklahoma County, Oklahoma, United States",city,https://app.monqcle.com/org/cphlr/project/drug-paraphernalia-laws-1689792283/record/62778,DPL_2023_Consolidated,2022-12-31,2023-01-01,11,1,-,-,-,Municode,-,-,-,https://library.municode.com/ok/edmond/codes/code_of_ordinances?nodeId=COOR_TIT8OFNU_CH8.08DEMOPUPO_8.08.311POSADRREPA,-,-,-,10/11/1999,-,unknown date at bottom of ordinance,-,-,-,-,-,09/07/2023,-,-,-,"Known, current through date published in ordinance",-,-,-,State (ARCHIVE) ,8.08.311 -,-,-,-,-,-,-,-,-,-,-,"Syringes, hypodermic needles, other inject/ion/ing equipment/instrument/supplies , Pipes, other smoke/ing or inhal/ing/ation equipment or supplies, Drug test/ing or check/ing equipment or supplies, Other",8.08.311 -,-,-,"Non-sale distribution/delivery (ARCHIVE), Possession, possession with intent to use, keep, Use, Manufacturing, manufacture with intent to deliver or sell",8.08.311 -,-,-,Criminal (ARCHIVE) ,8.08.311 -,-,-,None,-,-,-,-,-,-,-,-,-,-,-,-,-,-,-,-,-,-,-,-,-,-,-,-,-,-,-,-,-,-,-,-,-,-,-,-,-,-,-,-,-,-,-,-,-,-,-,-,-,-,-,-,-,-,-
"Edmond, Oklahoma County, Oklahoma, United States",city,https://app.monqcle.com/org/cphlr/project/drug-paraphernalia-laws-1689792283/record/78361,DPL_2_2025_Consolidated,2022-12-31,2024-12-31,11,1,-,-,-,Municode,-,-,-,https://library.municode.com/ok/edmond/codes/code_of_ordinances?nodeId=COOR_TIT2ADPE_CH2.56MUCO_2.56.210PEVI,-,-,-,08/25/2008,-,unknown date at bottom of ordinance,-,-,-,-,-,09/25/2025,-,-,-,"Known, current through date published in ordinance",-,-,-,-,-,-,-,0,-,-,-,-,-,-,-,"Syringes, hypodermic needles, other inject/ion/ing equipment/instrument/supplies ",8.08.316 - Hypodermic Syr,-,-,"Sales, possession with intent to sell, offer for sale (NEW)",8.08.316 - Hypodermic Syr,-,-,Unspecified Fine (NEW),"8.08.316 - Hypodermic Syr,2.56.210 - Penalties for ",-,-,"Professionals acting in their course of business [e.g. pharmacists, physicians, manufacturers], Public officials in the course of their duties, generally",8.08.316 - Hypodermic Syr,"No person may sell a hypodermic syringe of any type to any person, company, hospital, medical facility or other organization or pharmacist not licensed for the medical treatment of people, animals or fowl or licensed to sell drugs or medical supplies at retail without first requiring identification of the purchaser and production by the purchaser of a certificate of need or a prescription for the purchase of the hypodermic syringe from a licensed physician, surgeon, or official of a state, county, or city-county health department, and if the need is for use of the hypodermic syringe with animals or fowl the certificate or prescription may be from a doctor of veterinary medicine.",-,-,-,-,-,-,-,-,-,-,-,-,-,-,-,-,-,-,-,-,-,-,-,-,-,-,-,-,-,-,-,-,-,-,-,-,-,-,-,-,-,-,-,-,-,-,-,-,-,-,-,-,-
"Edmond, Oklahoma County, Oklahoma, United States",city,https://app.monqcle.com/org/cphlr/project/drug-paraphernalia-laws-1689792283/record/78336,DPL_2_2025_JD,2022-12-31,2024-12-31,11,1,-,-,-,Municode,-,-,-,https://library.municode.com/ok/edmond/codes/code_of_ordinances?nodeId=COOR_TIT2ADPE_CH2.56MUCO_2.56.210PEVI,-,-,-,08/25/2008,-,unknown date at bottom of ordinance,-,-,-,-,-,09/25/2025,-,-,-,"Known, current through date published in ordinance",-,-,-,-,-,-,-,0,-,-,-,-,-,-,-,"Syringes, hypodermic needles, other inject/ion/ing equipment/instrument/supplies ",8.08.316 - Hypodermic Syr,-,-,"Sales, possession with intent to sell, offer for sale (NEW)",8.08.316 - Hypodermic Syr,-,-,Unspecified Fine (NEW),"2.56.210 - Penalties for ,8.08.316 - Hypodermic Syr",-,-,"Professionals acting in their course of business [e.g. pharmacists, physicians, manufacturers], Public officials in the course of their duties, generally, Other",8.08.316 - Hypodermic Syr,"without first requiring identification of the purchaser and production by the purchaser of a certificate of need or a prescription for the purchase of the hypodermic syringe from a licensed physician, surgeon, or official of a state, county, or city-county health department",-,-,-,-,-,-,-,-,-,-,-,-,-,-,-,-,-,-,-,-,-,-,-,-,-,-,-,-,-,-,-,-,-,-,-,-,-,-,-,-,-,-,-,-,-,-,-,-,-,-,-,-,-
"Edmond, Oklahoma County, Oklahoma, United States",city,https://app.monqcle.com/org/cphlr/project/drug-paraphernalia-laws-1689792283/record/77300,DPL_2025_Consolidated,2022-12-31,2024-12-31,12,1,-,-,-,Municode,-,-,-,https://library.municode.com/ok/edmond/codes/code_of_ordinances?nodeId=COOR_TIT8OFNU_CH8.08DEMOPUPO_8.08.311POSADRREPA,-,-,-,10/11/1999,-,unknown date at bottom of ordinance,-,-,-,-,-,09/25/2025,-,-,-,"Known, current through date published in ordinance",-,-,-,State (ARCHIVE) ,-,-,-,0,-,-,-,-,-,-,-,"Syringes, hypodermic needles, other inject/ion/ing equipment/instrument/supplies , Pipes, other smoke/ing or inhal/ing/ation equipment or supplies, Drug test/ing or check/ing equipment or supplies, Other",8.08.311 -,-,-,"Delivery, possession with intent to deliver/distribute, distribution, transfer, furnish, exchange (NEW), Possession, possession with intent to use, keep, Use, Manufacturing, manufacture with intent to deliver or sell",8.08.311 -,-,-,Unspecified Fine (NEW),"8.08.311 -,2.56.210 - Penalties for ",-,-,"Professionals acting in their course of business [e.g. pharmacists, physicians, manufacturers]",8.08.311 - Possession or ,-,-,-,-,-,-,-,-,-,-,-,-,-,-,-,-,-,-,-,-,-,-,-,-,-,-,-,-,-,-,-,-,-,-,-,-,-,-,-,-,-,-,-,-,-,-,-,-,-,-,-,-,-,-
"El Cajon, San Diego County, California, United States",city,https://app.monqcle.com/org/cphlr/project/drug-paraphernalia-laws-1689792283/record/64103,DPL_2023_Consolidated ,2022-12-31,2023-01-01,1,0,-,-,-,-,-,-,-,-,-,-,-,-,-,-,-,-,-,-,-,-,-,-,-,-,-,-,-,-,-,-,-,-,-,-,-,-,-,-,-,-,-,-,-,-,-,-,-,-,-,-,-,-,-,-,-,-,-,-,-,-,-,-,-,-,-,-,-,-,-,-,-,-,-,-,-,-,-,-,-,-,-,-,-,-,-,-,-,-,-,-,-,-,-,-,-,-,-,-,-,-,-,-,-,-,-,-,-
"El Cajon, San Diego County, California, United States",city,https://app.monqcle.com/org/cphlr/project/drug-paraphernalia-laws-1689792283/record/76394,DPL_2025_Consolidated,2022-12-31,2024-12-31,1,0,-,-,-,-,-,-,-,-,-,-,-,-,-,-,-,-,-,-,-,-,-,-,-,-,-,-,-,-,-,-,-,-,-,-,-,-,-,-,-,-,-,-,-,-,-,-,-,-,-,-,-,-,-,-,-,-,-,-,-,-,-,-,-,-,-,-,-,-,-,-,-,-,-,-,-,-,-,-,-,-,-,-,-,-,-,-,-,-,-,-,-,-,-,-,-,-,-,-,-,-,-,-,-,-,-,-,-
"Elgin, Kane County, Illinois, United States",city,https://app.monqcle.com/org/cphlr/project/drug-paraphernalia-laws-1689792283/record/76288,DPL_2025_Consolidated,2024-01-01,2024-12-31,16,1,-,-,-,Municode,-,-,-,https://library.municode.com/il/elgin/codes/code_of_ordinances?nodeId=MUCO_TIT10PUPEMOWE_IVOFAGPUPE_CH10.25DRPACO,-,-,-,-,-,-,-,01/01/2024,-,-,-,08/05/2025,-,-,-,"Known, current through date published in ordinance",-,-,-,State (ARCHIVE) ,CHAPTER 10.25. -,-,-,1,-,-,-,720 ILCS 600/1 et seq.; 720 ILCS 635/1,-,-,-,"Syringes, hypodermic needles, other inject/ion/ing equipment/instrument/supplies , Pipes, other smoke/ing or inhal/ing/ation equipment or supplies, Drug test/ing or check/ing equipment or supplies, Other",Sec. 1. This Act shall be,-,-,"Sales, possession with intent to sell, offer for sale (NEW), Possession, possession with intent to use, keep","CRIMINAL OFFENSES (720 ILCS 600/),CRIMINAL OFFENSES (720 IL",-,-,"Unspecified Fine (NEW), Forfeiture/Seizure","CRIMINAL OFFENSES (720 IL,CHAPTER 10.25. - DRUG PAR",-,-,"Syringes for approved medical use (i.e. diabetes) , Paraphernalia for consumption of cannabis, generally or medical use (NEW), Drug checking/testing equipment for fentanyl or fentanyl analogues , Professionals acting in their course of business [e.g. pharmacists, physicians, manufacturers], Public officials in the course of their duties, generally","CRIMINAL OFFENSES (720 IL,(720 ILCS 635/1) (from Ch,Sec. 1. This Act shall be,Sec. 1. This Act shall be",-,-,-,-,-,-,Possession,-,-,-,"Possession, Sales",-,-,-,-,-,-,-,"Possession, Sales",-,-,-,-,-,-,-,-,-,-,-,-,-,-,-,-,-,-,-,-,-,-,-,-,-,-,-,-,-,-,-,-,-,-,-
"Elgin, Kane County, Illinois, United States",city,https://app.monqcle.com/org/cphlr/project/drug-paraphernalia-laws-1689792283/record/76232,DPL_2025_JD,2024-01-01,2024-12-31,16,1,-,-,-,Municode,-,-,-,https://library.municode.com/il/elgin/codes/code_of_ordinances?nodeId=MUCO_TIT10PUPEMOWE_IVOFAGPUPE_CH10.25DRPACO,-,-,-,-,-,-,-,01/01/2024,-,-,-,08/05/2025,-,-,-,"Known, current through date published in ordinance",-,-,-,State (ARCHIVE) ,-,-,-,1,CHAPTER 10.25. -,-,-,"Drug Paraphernalia Control Act (720 ILCS 600/1 et seq.), Hypodermic Syringes and Needles Act",-,-,-,"Syringes, hypodermic needles, other inject/ion/ing equipment/instrument/supplies , Pipes, other smoke/ing or inhal/ing/ation equipment or supplies, Drug test/ing or check/ing equipment or supplies, Other",CRIMINAL OFFENSES (720 IL,-,-,"Sales, possession with intent to sell, offer for sale (NEW), Delivery, possession with intent to deliver/distribute, distribution, transfer, furnish, exchange (NEW), Possession, possession with intent to use, keep","CRIMINAL OFFENSES (720 ILCS 600/),CRIMINAL OFFENSES (720 IL",-,-,"Unspecified Fine (NEW), Forfeiture/Seizure","CHAPTER 10.25. - DRUG PAR,CRIMINAL OFFENSES (720 IL",-,-,"Syringes for approved medical use (i.e. diabetes) , Paraphernalia for consumption of cannabis, generally or medical use (NEW), Syringes from syringe services, harm reduction programs, or supervised use sites (NEW), Drug checking/testing equipment for fentanyl or fentanyl analogues , Professionals acting in their course of business [e.g. pharmacists, physicians, manufacturers], Public officials in the course of their duties, generally","CRIMINAL OFFENSES (720 IL,CRIMINAL OFFENSES (720 IL",-,-,-,-,-,-,Possession,-,-,-,"Possession, Distribution, Sales",-,-,-,-,-,-,-,"Possession, Distribution, Sales",-,-,-,-,-,-,-,-,-,-,-,-,-,-,-,-,-,-,-,-,-,-,-,-,-,-,-,-,-,-,-,-,-,-,-
"Elgin, Kane County, Illinois, United States",city,https://app.monqcle.com/org/cphlr/project/drug-paraphernalia-laws-1689792283/record/76241,DPL_2025_PS,2024-01-01,2024-12-31,16,1,-,-,-,Municode,-,-,-,https://library.municode.com/il/elgin/codes/code_of_ordinances?nodeId=MUCO_TIT10PUPEMOWE_IVOFAGPUPE_CH10.25DRPACO,-,-,-,03/15/2019,-,unknown date at bottom of ordinance,-,-,-,-,-,01/01/2024,-,-,-,"Known, current through date published in ordinance",-,-,-,State (ARCHIVE) ,CHAPTER 10.25. -,-,-,1,-,-,-,720 ILCS 600/1 et seq.,-,-,-,"Syringes, hypodermic needles, other inject/ion/ing equipment/instrument/supplies , Pipes, other smoke/ing or inhal/ing/ation equipment or supplies, Drug test/ing or check/ing equipment or supplies, Other",Sec. 1. This Act shall be,-,-,"Sales, possession with intent to sell, offer for sale (NEW), Delivery, possession with intent to deliver/distribute, distribution, transfer, furnish, exchange (NEW), Possession, possession with intent to use, keep","CRIMINAL OFFENSES (720 IL,CRIMINAL OFFENSES (720 ILCS 600/)",-,-,"Unspecified Fine (NEW), Forfeiture/Seizure","CRIMINAL OFFENSES (720 IL,CHAPTER 10.25. - DRUG PAR",-,-,"Syringes for approved medical use (i.e. diabetes) , Paraphernalia for consumption of cannabis, generally or medical use (NEW), Syringe services or harm reduction programs specifically, supervised use sites (ARCHIVE), Drug checking/testing equipment for fentanyl or fentanyl analogues , Professionals acting in their course of business [e.g. pharmacists, physicians, manufacturers], Public officials in the course of their duties, generally","Sec. 1. This Act shall be,Sec. 1. This Act shall be,(720 ILCS 635/1) (from Ch,CRIMINAL OFFENSES (720 IL",-,-,-,-,-,-,Possession,-,-,-,"Possession, Distribution, Sales",-,-,-,-,-,-,-,"Possession, Distribution, Sales",-,-,-,-,-,-,-,-,-,-,-,-,-,-,-,-,-,-,-,-,-,-,-,-,-,-,-,-,-,-,-,-,-,-,-
"Elgin, Kane County, Illinois, United States",city,https://app.monqcle.com/org/cphlr/project/drug-paraphernalia-laws-1689792283/record/76287,DPL_2025_Consolidated,2022-12-31,2023-12-31,15,1,-,-,-,Municode,-,-,-,https://library.municode.com/il/elgin/codes/code_of_ordinances?nodeId=MUCO_TIT10PUPEMOWE_IVOFAGPUPE_CH10.25DRPACO,-,-,-,03/15/2019,-,unknown date at bottom of ordinance,-,-,-,-,-,01/01/2024,-,-,-,"Known, current through date published in ordinance",-,-,-,State (ARCHIVE) ,CHAPTER 10.25. -,-,-,1,-,-,-,720 ILCS 600/1 et seq.; 720 ILCS 635/1,-,-,-,"Syringes, hypodermic needles, other inject/ion/ing equipment/instrument/supplies , Pipes, other smoke/ing or inhal/ing/ation equipment or supplies, Drug test/ing or check/ing equipment or supplies, Other",Sec. 1. This Act shall be,-,-,"Sales, possession with intent to sell, offer for sale (NEW), Possession, possession with intent to use, keep","CRIMINAL OFFENSES (720 ILCS 600/),CRIMINAL OFFENSES (720 IL",-,-,"Unspecified Fine (NEW), Forfeiture/Seizure","CHAPTER 10.25. - DRUG PAR,CRIMINAL OFFENSES (720 IL",-,-,"Syringes for approved medical use (i.e. diabetes) , Paraphernalia for consumption of cannabis, generally or medical use (NEW), Syringes from syringe services, harm reduction programs, or supervised use sites (NEW), Professionals acting in their course of business [e.g. pharmacists, physicians, manufacturers], Public officials in the course of their duties, generally","CRIMINAL OFFENSES (720 IL,Sec. 1. This Act shall be,(720 ILCS 635/1) (from Ch",-,-,-,-,-,-,Possession,-,-,-,"Possession, Sales",-,-,-,-,-,-,-,-,-,-,-,-,-,-,-,-,-,-,-,-,-,-,-,-,-,-,-,-,-,-,-,-,-,-,-,-,-,-,-,-,-,-,-
"Elgin, Kane County, Illinois, United States",city,https://app.monqcle.com/org/cphlr/project/drug-paraphernalia-laws-1689792283/record/63464,DPL_2023_Consolidated,2022-12-31,2023-01-01,11,1,-,-,-,Municode,-,-,-,https://library.municode.com/il/elgin/codes/code_of_ordinances?nodeId=MUCO_TIT10PUPEMOWE_IVOFAGPUPE_CH10.25DRPACO,-,-,-,03/15/2019,-,unknown date at bottom of ordinance,-,-,-,-,-,12/21/2023,-,-,-,"Known, current through date published in ordinance",-,-,-,State (ARCHIVE) ,CHAPTER 10.25. -,-,-,-,-,-,-,-,-,-,-,"Syringes, hypodermic needles, other inject/ion/ing equipment/instrument/supplies , Pipes, other smoke/ing or inhal/ing/ation equipment or supplies, Drug test/ing or check/ing equipment or supplies, Other",CRIMINAL OFFENSES (720 ILCS 600/),-,-,"Sales (ARCHIVE), Non-sale distribution/delivery (ARCHIVE), Possession, possession with intent to use, keep","CRIMINAL OFFENSES (720 ILCS 600/),CRIMINAL OFFENSES (720 IL",-,-,Criminal (ARCHIVE) ,CHAPTER 10.25. - DRUG PAR,-,-,"Syringes for approved medical use (i.e. diabetes) , Paraphernalia for consumption of cannabis, generally (ARCHIVE), Syringes, generally, Xylazine checking/testing equipment specifically, in the context syringe services, harm reduction programs, or supervised use sites (NEW), Professionals acting in their course of business [e.g. pharmacists, physicians, manufacturers], Public officials in the course of their duties, generally",CRIMINAL OFFENSES (720 IL,"Items listed in Section 2 of this Act which are used for decorative purposes, when such items have been rendered completely inoperable or incapable of being used for any illicit purpose prohibited by this Act.

A person who is legally authorized to possess hypodermic syringes or needles under the Hypodermic Syringes and Needles Act.

""Drug paraphernalia"" means all equipment, products and materials of any kind, other than methamphetamine manufacturing materials as defined in Section 10 of the Methamphetamine Control and Community Protection Act and cannabis paraphernalia as defined in Section 1-10 of the Cannabis Regulation and Tax Act

syringe use generally limited to 18+",-,-,-,-,-,-,-,-,-,-,-,-,-,-,-,-,-,-,-,-,-,-,-,-,-,-,-,-,-,-,-,-,-,-,-,-,-,-,-,-,-,-,-,-,-,-,-,-,-,-,-,-,-
"Elizabeth, Union County, New Jersey, United States",city,https://app.monqcle.com/org/cphlr/project/drug-paraphernalia-laws-1689792283/record/75867,DPL_2025_Consolidated,2022-12-31,2024-12-31,1,0,-,-,-,-,-,-,-,-,-,-,-,-,-,-,-,-,-,-,-,-,-,-,-,-,-,-,-,-,-,-,-,-,-,-,-,-,-,-,-,-,-,-,-,-,-,-,-,-,-,-,-,-,-,-,-,-,-,-,-,-,-,-,-,-,-,-,-,-,-,-,-,-,-,-,-,-,-,-,-,-,-,-,-,-,-,-,-,-,-,-,-,-,-,-,-,-,-,-,-,-,-,-,-,-,-,-,-
"Elizabeth, Union County, New Jersey, United States",city,https://app.monqcle.com/org/cphlr/project/drug-paraphernalia-laws-1689792283/record/63965,DPL_2023_Consolidated,2022-12-31,2023-01-01,1,0,-,-,-,-,-,-,-,-,-,-,-,-,-,-,-,-,-,-,-,-,-,-,-,-,-,-,-,-,-,-,-,-,-,-,-,-,-,-,-,-,-,-,-,-,-,-,-,-,-,-,-,-,-,-,-,-,-,-,-,-,-,-,-,-,-,-,-,-,-,-,-,-,-,-,-,-,-,-,-,-,-,-,-,-,-,-,-,-,-,-,-,-,-,-,-,-,-,-,-,-,-,-,-,-,-,-,-
"Elk Grove, Sacramento County, California, 95624, United States",city,https://app.monqcle.com/org/cphlr/project/drug-paraphernalia-laws-1689792283/record/63011,DPL_2023_Consolidated ,2022-12-31,2023-01-01,11,1,-,-,-,self-published ,-,-,-,https://www.codepublishing.com/CA/ElkGrove/#!/ElkGrove04/ElkGrove0454.html#4.54.200,-,-,-,-,-,-,-,05/01/2009,-,-,-,10/11/2023,-,-,-,"Known, current through date published in ordinance",-,-,-,State (ARCHIVE) ,Article III. Drug Paraphe,-,-,-,-,-,-,-,-,-,-,"Syringes, hypodermic needles, other inject/ion/ing equipment/instrument/supplies , Pipes, other smoke/ing or inhal/ing/ation equipment or supplies, Drug test/ing or check/ing equipment or supplies, Other",Article III. Drug Paraphe,-,-,"Sales (ARCHIVE), Non-sale distribution/delivery (ARCHIVE)",Article III. Drug Paraphe,-,-,Criminal (ARCHIVE) ,-,-,-,None,-,-,-,-,-,-,-,-,-,-,-,-,-,-,-,-,-,-,-,-,-,-,-,-,-,-,-,-,-,-,-,-,-,-,-,-,-,-,-,-,-,-,-,-,-,-,-,-,-,-,-,-,-,-,-
"Elk Grove, Sacramento County, California, 95624, United States",city,https://app.monqcle.com/org/cphlr/project/drug-paraphernalia-laws-1689792283/record/74475,DPL_2025_Consolidated,2022-12-31,2024-12-31,12,1,-,-,-,Code Publishing Company,-,-,-,https://www.codepublishing.com/CA/ElkGrove/#!/ElkGrove04/ElkGrove0454.html#4.54.200,-,-,-,-,-,-,-,05/01/2009,-,-,-,08/13/2025,-,-,-,"Known, current through date published in ordinance",-,-,-,State (ARCHIVE) ,-,-,-,0,-,-,-,-,-,-,-,"Syringes, hypodermic needles, other inject/ion/ing equipment/instrument/supplies , Pipes, other smoke/ing or inhal/ing/ation equipment or supplies, Drug test/ing or check/ing equipment or supplies, Other",Article III. Drug Paraphe,-,-,"Delivery, possession with intent to deliver/distribute, distribution, transfer, furnish, exchange (NEW)",Article III. Drug Paraphe,-,-,"Infraction (NEW), Misdemeanor (NEW), Unspecified Fine (NEW), Other","Article III. Drug Paraphe,Chapter 1.08 ENFORCEMENT ,Chapter 1.08 ENFORCEMENT ","A violation of this code may be enforced by any civil remedy, including by a civil injunction",-,None,-,-,-,-,-,-,-,-,-,-,-,-,-,-,-,-,-,-,-,-,-,-,-,-,-,-,-,-,-,-,-,-,-,-,-,-,-,-,-,-,-,-,-,-,-,-,-,-,-,-,-,-,-,-,-
"El Monte, Los Angeles County, California, United States",city,https://app.monqcle.com/org/cphlr/project/drug-paraphernalia-laws-1689792283/record/76073,DPL_2025_Consolidated,2022-12-31,2024-12-31,1,0,-,-,-,-,-,-,-,-,-,-,-,-,-,-,-,-,-,-,-,-,-,-,-,-,-,-,-,-,-,-,-,-,-,-,-,-,-,-,-,-,-,-,-,-,-,-,-,-,-,-,-,-,-,-,-,-,-,-,-,-,-,-,-,-,-,-,-,-,-,-,-,-,-,-,-,-,-,-,-,-,-,-,-,-,-,-,-,-,-,-,-,-,-,-,-,-,-,-,-,-,-,-,-,-,-,-,-
"El Monte, Los Angeles County, California, United States",city,https://app.monqcle.com/org/cphlr/project/drug-paraphernalia-laws-1689792283/record/64131,DPL_2023_Consolidated,2022-12-31,2023-01-01,1,0,-,-,-,-,-,-,-,-,-,-,-,-,-,-,-,-,-,-,-,-,-,-,-,-,-,-,-,-,-,-,-,-,-,-,-,-,-,-,-,-,-,-,-,-,-,-,-,-,-,-,-,-,-,-,-,-,-,-,-,-,-,-,-,-,-,-,-,-,-,-,-,-,-,-,-,-,-,-,-,-,-,-,-,-,-,-,-,-,-,-,-,-,-,-,-,-,-,-,-,-,-,-,-,-,-,-,-
"El Paso, El Paso County, Texas, United States",city,https://app.monqcle.com/org/cphlr/project/drug-paraphernalia-laws-1689792283/record/74915,DPL_2025_Consolidated,2022-12-31,2024-12-31,1,0,-,-,-,-,-,-,-,-,-,-,-,-,-,-,-,-,-,-,-,-,-,-,-,-,-,-,-,-,-,-,-,-,-,-,-,-,-,-,-,-,-,-,-,-,-,-,-,-,-,-,-,-,-,-,-,-,-,-,-,-,-,-,-,-,-,-,-,-,-,-,-,-,-,-,-,-,-,-,-,-,-,-,-,-,-,-,-,-,-,-,-,-,-,-,-,-,-,-,-,-,-,-,-,-,-,-,-
"El Paso, El Paso County, Texas, United States",city,https://app.monqcle.com/org/cphlr/project/drug-paraphernalia-laws-1689792283/record/63152,DPL_2023_Consolidated,2022-12-31,2023-01-01,1,0,-,-,-,-,-,-,-,-,-,-,-,-,-,-,-,-,-,-,-,-,-,-,-,-,-,-,-,-,-,-,-,-,-,-,-,-,-,-,-,-,-,-,-,-,-,-,-,-,-,-,-,-,-,-,-,-,-,-,-,-,-,-,-,-,-,-,-,-,-,-,-,-,-,-,-,-,-,-,-,-,-,-,-,-,-,-,-,-,-,-,-,-,-,-,-,-,-,-,-,-,-,-,-,-,-,-,-
"Erie, Erie County, Pennsylvania, United States",city,https://app.monqcle.com/org/cphlr/project/drug-paraphernalia-laws-1689792283/record/77292,DPL_2025_Consolidated,2022-12-31,2024-12-31,14,1,-,-,-,Ecode 360,-,-,-,https://ecode360.com/33836314?highlight=paraphernalia&searchId=15731000715460422,-,-,-,01/17/2018,-,-,-,-,-,-,-,01/13/2025,-,-,-,"Known, current through date published in ordinance",-,-,-,State (ARCHIVE) ,-,-,-,1,§ 714.02 Possession or sm,-,-, P.S. § 780-102.,-,-,-,"Syringes, hypodermic needles, other inject/ion/ing equipment/instrument/supplies , Pipes, other smoke/ing or inhal/ing/ation equipment or supplies, Drug test/ing or check/ing equipment or supplies, Other",Pennsylvania Statutes Tit,-,-,"Possession, possession with intent to use, keep",§ 714.02 Possession or sm,-,-,Unspecified Fine (NEW),§ 714.02,-,-,"Drug checking/testing equipment, generally",Pennsylvania Statutes Tit,-,-,-,-,-,-,-,-,-,-,-,-,-,-,Possession,-,-,-,-,-,-,-,-,-,-,-,-,-,-,-,-,-,-,-,-,-,-,-,-,-,-,-,-,-,-,-,-,-,-,-,-,-,-,-
"Erie, Erie County, Pennsylvania, United States",city,https://app.monqcle.com/org/cphlr/project/drug-paraphernalia-laws-1689792283/record/63102,DPL_2023_Consolidated,2022-12-31,2023-01-01,11,1,-,-,-,Ecode 360,-,-,-,https://ecode360.com/33836314?highlight=paraphernalia&searchId=15731000715460422,-,-,-,01/17/2018,-,-,-,-,-,-,-,10/18/2023,-,-,-,"Known, current through date published in ordinance",-,-,-,State (ARCHIVE) ,§ 714.02,-,-,-,-,-,-,-,-,-,-,"Syringes, hypodermic needles, other inject/ion/ing equipment/instrument/supplies , Pipes, other smoke/ing or inhal/ing/ation equipment or supplies, Drug test/ing or check/ing equipment or supplies, Other",-,-,-,"Possession, possession with intent to use, keep","§ 714.02 Possession or sm,§ 714.02",-,-,Criminal (ARCHIVE) ,§ 714.02,-,-,None,-,-,-,-,-,-,-,-,-,-,-,-,-,-,-,-,-,-,-,-,-,-,-,-,-,-,-,-,-,-,-,-,-,-,-,-,-,-,-,-,-,-,-,-,-,-,-,-,-,-,-,-,-,-,-
"Escondido, San Diego County, California, United States",city,https://app.monqcle.com/org/cphlr/project/drug-paraphernalia-laws-1689792283/record/75647,DPL_2025_Consolidated,2022-12-31,2024-12-31,1,0,-,-,-,-,-,-,-,-,-,-,-,-,-,-,-,-,-,-,-,-,-,-,-,-,-,-,-,-,-,-,-,-,-,-,-,-,-,-,-,-,-,-,-,-,-,-,-,-,-,-,-,-,-,-,-,-,-,-,-,-,-,-,-,-,-,-,-,-,-,-,-,-,-,-,-,-,-,-,-,-,-,-,-,-,-,-,-,-,-,-,-,-,-,-,-,-,-,-,-,-,-,-,-,-,-,-,-
"Escondido, San Diego County, California, United States",city,https://app.monqcle.com/org/cphlr/project/drug-paraphernalia-laws-1689792283/record/63291,DPL_2023_Consolidated,2022-12-31,2023-01-01,1,0,-,-,-,-,-,-,-,-,-,-,-,-,-,-,-,-,-,-,-,-,-,-,-,-,-,-,-,-,-,-,-,-,-,-,-,-,-,-,-,-,-,-,-,-,-,-,-,-,-,-,-,-,-,-,-,-,-,-,-,-,-,-,-,-,-,-,-,-,-,-,-,-,-,-,-,-,-,-,-,-,-,-,-,-,-,-,-,-,-,-,-,-,-,-,-,-,-,-,-,-,-,-,-,-,-,-,-
"Eugene, Lane County, Oregon, United States",city,https://app.monqcle.com/org/cphlr/project/drug-paraphernalia-laws-1689792283/record/75500,DPL_2025_Consolidated,2022-12-31,2024-12-31,1,0,-,-,-,-,-,-,-,-,-,-,-,-,-,-,-,-,-,-,-,-,-,-,-,-,-,-,-,-,-,-,-,-,-,-,-,-,-,-,-,-,-,-,-,-,-,-,-,-,-,-,-,-,-,-,-,-,-,-,-,-,-,-,-,-,-,-,-,-,-,-,-,-,-,-,-,-,-,-,-,-,-,-,-,-,-,-,-,-,-,-,-,-,-,-,-,-,-,-,-,-,-,-,-,-,-,-,-
"Eugene, Lane County, Oregon, United States",city,https://app.monqcle.com/org/cphlr/project/drug-paraphernalia-laws-1689792283/record/62737,DPL_2023_Consolidated,2022-12-31,2023-01-01,1,0,-,-,-,-,-,-,-,-,-,-,-,-,-,-,-,-,-,-,-,-,-,-,-,-,-,-,-,-,-,-,-,-,-,-,-,-,-,-,-,-,-,-,-,-,-,-,-,-,-,-,-,-,-,-,-,-,-,-,-,-,-,-,-,-,-,-,-,-,-,-,-,-,-,-,-,-,-,-,-,-,-,-,-,-,-,-,-,-,-,-,-,-,-,-,-,-,-,-,-,-,-,-,-,-,-,-,-
"Evansville, Vanderburgh County, Indiana, United States",city,https://app.monqcle.com/org/cphlr/project/drug-paraphernalia-laws-1689792283/record/62806,DPL_2023_Consolidated ,2022-12-31,2023-01-01,1,0,-,-,-,-,-,-,-,-,-,-,-,-,-,-,-,-,-,-,-,-,-,-,-,-,-,-,-,-,-,-,-,-,-,-,-,-,-,-,-,-,-,-,-,-,-,-,-,-,-,-,-,-,-,-,-,-,-,-,-,-,-,-,-,-,-,-,-,-,-,-,-,-,-,-,-,-,-,-,-,-,-,-,-,-,-,-,-,-,-,-,-,-,-,-,-,-,-,-,-,-,-,-,-,-,-,-,-
"Evansville, Vanderburgh County, Indiana, United States",city,https://app.monqcle.com/org/cphlr/project/drug-paraphernalia-laws-1689792283/record/76188,DPL_2025_Consolidated,2022-12-31,2024-12-31,1,0,-,-,-,-,-,-,-,-,-,-,-,-,-,-,-,-,-,-,-,-,-,-,-,-,-,-,-,-,-,-,-,-,-,-,-,-,-,-,-,-,-,-,-,-,-,-,-,-,-,-,-,-,-,-,-,-,-,-,-,-,-,-,-,-,-,-,-,-,-,-,-,-,-,-,-,-,-,-,-,-,-,-,-,-,-,-,-,-,-,-,-,-,-,-,-,-,-,-,-,-,-,-,-,-,-,-,-
"Everett, Snohomish County, Washington, United States",city,https://app.monqcle.com/org/cphlr/project/drug-paraphernalia-laws-1689792283/record/64099,DPL_2023_Consolidated,2022-12-31,2023-01-01,11,1,-,-,-,self-published,-,-,-,https://everett.municipal.codes/EMC/10.35.010,-,-,-,08/15/2021,-,unknown date at bottom of ordinance,-,-,-,-,-,12/20/2023,-,-,-,"Known, current through date published in ordinance",-,-,-,State (ARCHIVE) ,Chapter 10.35 DRUG PARAPH,-,-,-,-,-,-,-,-,-,-,"Syringes, hypodermic needles, other inject/ion/ing equipment/instrument/supplies , Pipes, other smoke/ing or inhal/ing/ation equipment or supplies, Drug test/ing or check/ing equipment or supplies, Other",10.02.078 Drug parapherna,-,-,"Sales (ARCHIVE), Non-sale distribution/delivery (ARCHIVE), Use, Advertising, display, Manufacturing, manufacture with intent to deliver or sell","RCW 69.50.412 Prohibited ,RCW 69.50.412 Prohibited ,RCW 69.50.412 Prohibited ,Chapter 10.35",-,-,"Civil (ARCHIVE), Criminal (ARCHIVE) ","RCW 69.50.412 Prohibited ,Chapter 10.35",-,-,"Syringes for approved medical use (i.e. diabetes) , Paraphernalia for consumption of cannabis, generally (ARCHIVE), Syringe services or harm reduction programs specifically, supervised use sites (ARCHIVE), Professionals acting in their course of business [e.g. pharmacists, physicians, manufacturers]","Chapter 10.35 DRUG PARAPH,RCW 69.50.412 Prohibited ,RCW 69.50.412 Prohibited ",-,-,-,-,-,-,-,-,-,-,-,-,-,-,-,-,-,-,-,-,-,-,-,-,-,-,-,-,-,-,-,-,-,-,-,-,-,-,-,-,-,-,-,-,-,-,-,-,-,-,-,-,-,-
"Everett, Snohomish County, Washington, United States",city,https://app.monqcle.com/org/cphlr/project/drug-paraphernalia-laws-1689792283/record/76292,DPL_2025_Consolidated,2022-12-31,2024-12-31,15,1,-,-,-,Code Publishing Company ,-,-,-,https://everett.municipal.codes/EMC/10.35.010,-,-,-,08/15/2021,-,unknown date at bottom of ordinance,-,-,-,-,-,06/11/2025,-,-,-,"Known, current through date published in ordinance",-,-,-,State (ARCHIVE) ,-,-,-,1,Chapter 10.35 DRUG PARAPH,-,-,RCW 69.50.412,-,-,-,"Syringes, hypodermic needles, other inject/ion/ing equipment/instrument/supplies , Pipes, other smoke/ing or inhal/ing/ation equipment or supplies, Drug test/ing or check/ing equipment or supplies, Other","Chapter 10.35 DRUG PARAPH,10.02.078 Drug parapherna",-,-,"Sales, possession with intent to sell, offer for sale (NEW), Delivery, possession with intent to deliver/distribute, distribution, transfer, furnish, exchange (NEW), Give away, give, gift, free distribution (NEW), Use, Advertising, display, Manufacturing, manufacture with intent to deliver or sell","RCW 69.50.412 Prohibited ,RCW 69.50.412 Prohibited ,RCW 69.50.412 Prohibited ,Chapter 10.35",-,-,"Infraction (NEW), Misdemeanor (NEW), Civil Fine (NEW)","RCW 69.50.412 Prohibited ,Chapter 10.35",-,-,"Paraphernalia for consumption of cannabis, generally or medical use (NEW), Syringes from syringe services, harm reduction programs, or supervised use sites (NEW), Other","Chapter 10.35 DRUG PARAPH,Chapter 10.35 DRUG PARAPH,RCW 69.50.412 Prohibited ,RCW 69.50.412 Prohibited ",it is lawful for any person over the age of eighteen to possess sterile hypodermic syringes and needles for the purpose of reducing blood-borne diseases.,-,-,-,-,-,Distribution,-,-,-,"Use, Distribution, Sales, Other",-,manufacture,-,-,-,-,-,-,-,-,-,-,-,-,-,-,-,-,-,-,-,-,-,-,-,-,-,-,-,-,-,-,-,-,-,-,-,-,-,-,-,-,-
"Fairfield, Solano County, California, United States",city,https://app.monqcle.com/org/cphlr/project/drug-paraphernalia-laws-1689792283/record/76218,DPL_2025_Consolidated,2022-12-31,2024-12-31,1,0,-,-,-,-,-,-,-,-,-,-,-,-,-,-,-,-,-,-,-,-,-,-,-,-,-,-,-,-,-,-,-,-,-,-,-,-,-,-,-,-,-,-,-,-,-,-,-,-,-,-,-,-,-,-,-,-,-,-,-,-,-,-,-,-,-,-,-,-,-,-,-,-,-,-,-,-,-,-,-,-,-,-,-,-,-,-,-,-,-,-,-,-,-,-,-,-,-,-,-,-,-,-,-,-,-,-,-
"Fairfield, Solano County, California, United States",city,https://app.monqcle.com/org/cphlr/project/drug-paraphernalia-laws-1689792283/record/62688,DPL_2023_Consolidated ,2022-12-31,2023-01-01,1,0,-,-,-,-,-,-,-,-,-,-,-,-,-,-,-,-,-,-,-,-,-,-,-,-,-,-,-,-,-,-,-,-,-,-,-,-,-,-,-,-,-,-,-,-,-,-,-,-,-,-,-,-,-,-,-,-,-,-,-,-,-,-,-,-,-,-,-,-,-,-,-,-,-,-,-,-,-,-,-,-,-,-,-,-,-,-,-,-,-,-,-,-,-,-,-,-,-,-,-,-,-,-,-,-,-,-,-
"Fall River, Bristol County, Massachusetts, United States",city,https://app.monqcle.com/org/cphlr/project/drug-paraphernalia-laws-1689792283/record/62708,DPL_2023_Consolidated,2022-12-31,2023-01-01,1,0,-,-,-,-,-,-,-,-,-,-,-,-,-,-,-,-,-,-,-,-,-,-,-,-,-,-,-,-,-,-,-,-,-,-,-,-,-,-,-,-,-,-,-,-,-,-,-,-,-,-,-,-,-,-,-,-,-,-,-,-,-,-,-,-,-,-,-,-,-,-,-,-,-,-,-,-,-,-,-,-,-,-,-,-,-,-,-,-,-,-,-,-,-,-,-,-,-,-,-,-,-,-,-,-,-,-,-
"Fargo, Cass County, North Dakota, United States",city,https://app.monqcle.com/org/cphlr/project/drug-paraphernalia-laws-1689792283/record/76141,DPL_2025_Consolidated,2022-12-31,2024-12-31,1,0,-,-,-,-,-,-,-,-,-,-,-,-,-,-,-,-,-,-,-,-,-,-,-,-,-,-,-,-,-,-,-,-,-,-,-,-,-,-,-,-,-,-,-,-,-,-,-,-,-,-,-,-,-,-,-,-,-,-,-,-,-,-,-,-,-,-,-,-,-,-,-,-,-,-,-,-,-,-,-,-,-,-,-,-,-,-,-,-,-,-,-,-,-,-,-,-,-,-,-,-,-,-,-,-,-,-,-
"Fargo, Cass County, North Dakota, United States",city,https://app.monqcle.com/org/cphlr/project/drug-paraphernalia-laws-1689792283/record/63921,DPL_2023_Consolidated,2022-12-31,2023-01-01,1,0,-,-,-,-,-,-,-,-,-,-,-,-,-,-,-,-,-,-,-,-,-,-,-,-,-,-,-,-,-,-,-,-,-,-,-,-,-,-,-,-,-,-,-,-,-,-,-,-,-,-,-,-,-,-,-,-,-,-,-,-,-,-,-,-,-,-,-,-,-,-,-,-,-,-,-,-,-,-,-,-,-,-,-,-,-,-,-,-,-,-,-,-,-,-,-,-,-,-,-,-,-,-,-,-,-,-,-
"Farmington Hills, Oakland County, Michigan, United States",city,https://app.monqcle.com/org/cphlr/project/drug-paraphernalia-laws-1689792283/record/63051,DPL_2023_Consolidated,2022-12-31,2023-01-01,11,1,-,-,-,Municode,-,-,-,https://library.municode.com/mi/farmington_hills/codes/code_of_ordinances?nodeId=PTIICOOR_CH18OF_ARTVIOFAGPUMO_DIV4DRPA,-,-,-,08/31/1987,-,unknown date below ordinance,-,-,-,-,-,04/20/2023,-,-,-,"Known, current through date published in ordinance",-,-,-,Both (ARCHIVE) ,"DIVISION 4. -,DIVISION 4. - DRUG PARAPH",-,-,-,-,-,-,-,-,-,-,"Syringes, hypodermic needles, other inject/ion/ing equipment/instrument/supplies , Pipes, other smoke/ing or inhal/ing/ation equipment or supplies, Drug test/ing or check/ing equipment or supplies, Other",DIVISION 4. -,-,-,"Sales (ARCHIVE), Non-sale distribution/delivery (ARCHIVE), Possession, possession with intent to use, keep, Use, Advertising, display, Manufacturing, manufacture with intent to deliver or sell",DIVISION 4. - DRUG PARAPH,-,-,Forfeiture/Seizure,DIVISION 4. - DRUG PARAPH,-,-,"Syringes for approved medical use (i.e. diabetes) , Professionals acting in their course of business [e.g. pharmacists, physicians, manufacturers]",DIVISION 4. -,-,-,-,-,-,-,-,-,-,-,-,-,-,-,-,-,-,-,-,-,-,-,-,-,-,-,-,-,-,-,-,-,-,-,-,-,-,-,-,-,-,-,-,-,-,-,-,-,-,-,-,-,-,-
"Farmington Hills, Oakland County, Michigan, United States",city,https://app.monqcle.com/org/cphlr/project/drug-paraphernalia-laws-1689792283/record/77527,DPL_2025_Consolidated,2022-12-31,2024-12-31,12,1,-,-,-,Municode,-,-,-,https://library.municode.com/mi/farmington_hills/codes/code_of_ordinances?nodeId=PTIICOOR_CH18OF_ARTVIOFAGPUMO_DIV4DRPA,-,-,-,08/31/1987,-,unknown date below ordinance,-,-,-,-,-,05/06/2025,-,-,-,"Known, current through date published in ordinance",-,-,-,Both (ARCHIVE) ,-,-,-,0,-,-,-,-,-,-,-,"Syringes, hypodermic needles, other inject/ion/ing equipment/instrument/supplies , Pipes, other smoke/ing or inhal/ing/ation equipment or supplies, Drug test/ing or check/ing equipment or supplies, Other",DIVISION 4. -,-,-,"Sales, possession with intent to sell, offer for sale (NEW), Delivery, possession with intent to deliver/distribute, distribution, transfer, furnish, exchange (NEW), Possession, possession with intent to use, keep, Use, Advertising, display, Manufacturing, manufacture with intent to deliver or sell",DIVISION 4. - DRUG PARAPH,-,-,Forfeiture/Seizure,DIVISION 4. - DRUG PARAPH,-,-,"Syringes for approved medical use (i.e. diabetes) , Professionals acting in their course of business [e.g. pharmacists, physicians, manufacturers], Public officials in the course of their duties, generally",DIVISION 4. -,-,-,-,-,-,-,-,-,-,-,-,-,-,-,-,-,-,-,-,-,-,-,-,-,-,-,-,-,-,-,-,-,-,-,-,-,-,-,-,-,-,-,-,-,-,-,-,-,-,-,-,-,-,-
"Fayetteville, Cumberland County, North Carolina, United States",city,https://app.monqcle.com/org/cphlr/project/drug-paraphernalia-laws-1689792283/record/62990,DPL_2023_Consolidated ,2022-12-31,2023-01-01,1,0,-,-,-,-,-,-,-,-,-,-,-,-,-,-,-,-,-,-,-,-,-,-,-,-,-,-,-,-,-,-,-,-,-,-,-,-,-,-,-,-,-,-,-,-,-,-,-,-,-,-,-,-,-,-,-,-,-,-,-,-,-,-,-,-,-,-,-,-,-,-,-,-,-,-,-,-,-,-,-,-,-,-,-,-,-,-,-,-,-,-,-,-,-,-,-,-,-,-,-,-,-,-,-,-,-,-,-
"Fayetteville, Cumberland County, North Carolina, United States",city,https://app.monqcle.com/org/cphlr/project/drug-paraphernalia-laws-1689792283/record/75179,DPL_2025_Consolidated,2022-12-31,2024-12-31,1,0,-,-,-,-,-,-,-,-,-,-,-,-,-,-,-,-,-,-,-,-,-,-,-,-,-,-,-,-,-,-,-,-,-,-,-,-,-,-,-,-,-,-,-,-,-,-,-,-,-,-,-,-,-,-,-,-,-,-,-,-,-,-,-,-,-,-,-,-,-,-,-,-,-,-,-,-,-,-,-,-,-,-,-,-,-,-,-,-,-,-,-,-,-,-,-,-,-,-,-,-,-,-,-,-,-,-,-
"Fayetteville, Washington County, Arkansas, United States",city,https://app.monqcle.com/org/cphlr/project/drug-paraphernalia-laws-1689792283/record/77229,DPL_2025_Consolidated,2022-12-31,2024-12-31,1,0,-,-,-,-,-,-,-,-,-,-,-,-,-,-,-,-,-,-,-,-,-,-,-,-,-,-,-,-,-,-,-,-,-,-,-,-,-,-,-,-,-,-,-,-,-,-,-,-,-,-,-,-,-,-,-,-,-,-,-,-,-,-,-,-,-,-,-,-,-,-,-,-,-,-,-,-,-,-,-,-,-,-,-,-,-,-,-,-,-,-,-,-,-,-,-,-,-,-,-,-,-,-,-,-,-,-,-
"Fayetteville, Washington County, Arkansas, United States",city,https://app.monqcle.com/org/cphlr/project/drug-paraphernalia-laws-1689792283/record/62975,DPL_2023_Consolidated,2022-12-31,2023-01-01,1,0,-,-,-,-,-,-,-,-,-,-,-,-,-,-,-,-,-,-,-,-,-,-,-,-,-,-,-,-,-,-,-,-,-,-,-,-,-,-,-,-,-,-,-,-,-,-,-,-,-,-,-,-,-,-,-,-,-,-,-,-,-,-,-,-,-,-,-,-,-,-,-,-,-,-,-,-,-,-,-,-,-,-,-,-,-,-,-,-,-,-,-,-,-,-,-,-,-,-,-,-,-,-,-,-,-,-,-
"Federal Way, King County, Washington, United States",city,https://app.monqcle.com/org/cphlr/project/drug-paraphernalia-laws-1689792283/record/76961,DPL_2025_Consolidated,2022-12-31,2024-12-31,1,0,-,-,-,-,-,-,-,-,-,-,-,-,-,-,-,-,-,-,-,-,-,-,-,-,-,-,-,-,-,-,-,-,-,-,-,-,-,-,-,-,-,-,-,-,-,-,-,-,-,-,-,-,-,-,-,-,-,-,-,-,-,-,-,-,-,-,-,-,-,-,-,-,-,-,-,-,-,-,-,-,-,-,-,-,-,-,-,-,-,-,-,-,-,-,-,-,-,-,-,-,-,-,-,-,-,-,-
"Federal Way, King County, Washington, United States",city,https://app.monqcle.com/org/cphlr/project/drug-paraphernalia-laws-1689792283/record/63606,DPL_2023_Consolidated,2022-12-31,2023-01-01,1,0,-,-,-,-,-,-,-,-,-,-,-,-,-,-,-,-,-,-,-,-,-,-,-,-,-,-,-,-,-,-,-,-,-,-,-,-,-,-,-,-,-,-,-,-,-,-,-,-,-,-,-,-,-,-,-,-,-,-,-,-,-,-,-,-,-,-,-,-,-,-,-,-,-,-,-,-,-,-,-,-,-,-,-,-,-,-,-,-,-,-,-,-,-,-,-,-,-,-,-,-,-,-,-,-,-,-,-
"Fishers, Hamilton County, Indiana, United States",city,https://app.monqcle.com/org/cphlr/project/drug-paraphernalia-laws-1689792283/record/76684,DPL_2025_Consolidated,2022-12-31,2024-12-31,1,0,-,-,-,-,-,-,-,-,-,-,-,-,-,-,-,-,-,-,-,-,-,-,-,-,-,-,-,-,-,-,-,-,-,-,-,-,-,-,-,-,-,-,-,-,-,-,-,-,-,-,-,-,-,-,-,-,-,-,-,-,-,-,-,-,-,-,-,-,-,-,-,-,-,-,-,-,-,-,-,-,-,-,-,-,-,-,-,-,-,-,-,-,-,-,-,-,-,-,-,-,-,-,-,-,-,-,-
"Fishers, Hamilton County, Indiana, United States",city,https://app.monqcle.com/org/cphlr/project/drug-paraphernalia-laws-1689792283/record/62870,DPL_2023_Consolidated,2022-12-31,2023-01-01,1,0,-,-,-,-,-,-,-,-,-,-,-,-,-,-,-,-,-,-,-,-,-,-,-,-,-,-,-,-,-,-,-,-,-,-,-,-,-,-,-,-,-,-,-,-,-,-,-,-,-,-,-,-,-,-,-,-,-,-,-,-,-,-,-,-,-,-,-,-,-,-,-,-,-,-,-,-,-,-,-,-,-,-,-,-,-,-,-,-,-,-,-,-,-,-,-,-,-,-,-,-,-,-,-,-,-,-,-
"Flower Mound, Denton County, Texas, United States",city,https://app.monqcle.com/org/cphlr/project/drug-paraphernalia-laws-1689792283/record/77531,DPL_2025_Consolidated,2022-12-31,2024-12-31,12,1,-,-,-,Municode,-,-,-,https://library.municode.com/tx/flower_mound/codes/code_of_ordinances?nodeId=SPAGEOR_CH50OF_ARTVSU_S50-300DE,-,-,-,09/07/2010,-,-,-,-,-,-,-,10/30/2025,-,-,-,"Known, current through date published in ordinance",-,-,-,Neither (ARCHIVE),-,-,-,0,-,-,-,-,-,-,-,"Pipes, other smoke/ing or inhal/ing/ation equipment or supplies, Other",ARTICLE V. - SUBSTANCES,-,-,"Possession, possession with intent to use, keep, Use",ARTICLE V. - SUBSTANCES,"Restricted smoking material shall mean any substance, however marketed, which can reasonably be converted for smoking purposes whether it is presented as incense, tobacco, herbs, spices or any blend thereof if it includes any of the following chemicals or a comparable chemical:

(1)

Salvia divinorum or salvinorin A; all parts of the plant presently classified botanically as salvia divinorum, whether growing or not, the seeds thereof, any extract from any part of such plant, and every compound, manufacture, salts, derivative, mixture or preparation of such plant, its seeds or extracts;

(2)

2-[(1R,3S)-3-hydroxycyclohexyl]-5-(2-methyloctan-2-yl)phenol (also known as CP47,497) and homologues;

(3)

(6aS,10aS)-9-(hydroxymethyl)-6,6-dimethyl-3-(2-methyloctan-2-yl)-6a,7,10,10a-tetrahydrobenzo[c]chromen-1-ol (also known as HU-211 or Dexanabinol);

(4)

1-pentyl-3-(1-naphthoyl)indole (also known as JWH-018);

(5)

1-butyl-3-(1-naphthoyl)indole (also known as JWH-073); or

(6)

1-pentyl-3-(4-methoxynaphthoyl)indole (also known as JWH-081).

Products containing some or all of the above substances are currently being marketed under the following commercial names:

""K-2,"" ""K-2 SUMMIT,"" ""K-2 SEX,"" ""GENIE,"" ""DASCENTS,"" ""ZOHAI,"" ""SAGE,"" ""SPICE,"" ""KO KNOCK-OUT 2,"" ""SPICE GOLD,"" ""SPICE DIAMOND,"" ""YUCATAN FIRE,"" ""SOLAR FLARE,"" ""PEP SPICE,"" ""FIRE N' ICE,"" and ""SALVIA DIVINORUM.""

Any product containing any of the chemical compounds set forth above shall be subject to the provisions of this article, regardless of whether they are marketed under alternative names.",-,"Infraction (NEW), Misdemeanor (NEW), Unspecified Fine (NEW)",ARTICLE V. - SUBSTAN...,-,-,Other,-,It shall be a defense to prosecution under the terms of this article if an individual charged with a violation can provide proper and complete historic documentation that the use of such materials is a portion of a religious undertaking or activity of a religious denomination in which they have long standing historic membership supported by documentation from clergy or a spiritual leader recognized by the State of Texas.,-,-,-,-,-,-,-,-,-,-,-,-,-,-,-,-,-,-,-,-,-,-,-,-,-,-,-,-,-,-,-,-,-,-,-,-,-,-,-,-,-,-,-,-,-,-,-,-,-,-,-,-,-
"Flower Mound, Denton County, Texas, United States",city,https://app.monqcle.com/org/cphlr/project/drug-paraphernalia-laws-1689792283/record/64110,DPL_2023_Consolidated,2022-12-31,2023-01-01,11,1,-,-,-,Municode,-,-,-,https://library.municode.com/tx/flower_mound/codes/code_of_ordinances?nodeId=SPAGEOR_CH50OF_ARTVSU_S50-300DE,-,-,-,09/07/2010,-,-,-,-,-,-,-,09/26/2023,-,-,-,"Known, current through date published in ordinance",-,-,-,Neither (ARCHIVE),-,-,-,-,-,-,-,-,-,-,-,"Pipes, other smoke/ing or inhal/ing/ation equipment or supplies",ARTICLE V. - SUBSTANCES,-,-,"Possession, possession with intent to use, keep, Use",ARTICLE V. - SUBSTANCES,violation requires traces of the restricted smoking material on the paraphernalia ,-,Criminal (ARCHIVE) ,ARTICLE V. - SUBSTAN...,-,-,"Xylazine checking/testing equipment specifically, in the context syringe services, harm reduction programs, or supervised use sites (NEW)",-,It shall be a defense to prosecution under the terms of this article if an individual charged with a violation can provide proper and complete historic documentation that the use of such materials is a portion of a religious undertaking or activity of a religious denomination in which they have long standing historic membership supported by documentation from clergy or a spiritual leader recognized by the State of Texas.,-,-,-,-,-,-,-,-,-,-,-,-,-,-,-,-,-,-,-,-,-,-,-,-,-,-,-,-,-,-,-,-,-,-,-,-,-,-,-,-,-,-,-,-,-,-,-,-,-,-,-,-,-
"Folsom, Sacramento County, California, United States",city,https://app.monqcle.com/org/cphlr/project/drug-paraphernalia-laws-1689792283/record/77454,DPL_2025_Consolidated,2022-12-31,2024-12-31,1,0,-,-,-,-,-,-,-,-,-,-,-,-,-,-,-,-,-,-,-,-,-,-,-,-,-,-,-,-,-,-,-,-,-,-,-,-,-,-,-,-,-,-,-,-,-,-,-,-,-,-,-,-,-,-,-,-,-,-,-,-,-,-,-,-,-,-,-,-,-,-,-,-,-,-,-,-,-,-,-,-,-,-,-,-,-,-,-,-,-,-,-,-,-,-,-,-,-,-,-,-,-,-,-,-,-,-,-
"Folsom, Sacramento County, California, United States",city,https://app.monqcle.com/org/cphlr/project/drug-paraphernalia-laws-1689792283/record/64142,DPL_2023_Consolidated,2022-12-31,2023-01-01,1,0,-,-,-,-,-,-,-,-,-,-,-,-,-,-,-,-,-,-,-,-,-,-,-,-,-,-,-,-,-,-,-,-,-,-,-,-,-,-,-,-,-,-,-,-,-,-,-,-,-,-,-,-,-,-,-,-,-,-,-,-,-,-,-,-,-,-,-,-,-,-,-,-,-,-,-,-,-,-,-,-,-,-,-,-,-,-,-,-,-,-,-,-,-,-,-,-,-,-,-,-,-,-,-,-,-,-,-
"Fontana, San Bernardino County, California, United States",city,https://app.monqcle.com/org/cphlr/project/drug-paraphernalia-laws-1689792283/record/63864,DPL_2023_Consolidated,2022-12-31,2023-01-01,1,0,-,-,-,-,-,-,-,-,-,-,-,-,-,-,-,-,-,-,-,-,-,-,-,-,-,-,-,-,-,-,-,-,-,-,-,-,-,-,-,-,-,-,-,-,-,-,-,-,-,-,-,-,-,-,-,-,-,-,-,-,-,-,-,-,-,-,-,-,-,-,-,-,-,-,-,-,-,-,-,-,-,-,-,-,-,-,-,-,-,-,-,-,-,-,-,-,-,-,-,-,-,-,-,-,-,-,-
"Fontana, San Bernardino County, California, United States",city,https://app.monqcle.com/org/cphlr/project/drug-paraphernalia-laws-1689792283/record/75167,DPL_2025_Consolidated,2022-12-31,2024-12-31,1,0,-,-,-,-,-,-,-,-,-,-,-,-,-,-,-,-,-,-,-,-,-,-,-,-,-,-,-,-,-,-,-,-,-,-,-,-,-,-,-,-,-,-,-,-,-,-,-,-,-,-,-,-,-,-,-,-,-,-,-,-,-,-,-,-,-,-,-,-,-,-,-,-,-,-,-,-,-,-,-,-,-,-,-,-,-,-,-,-,-,-,-,-,-,-,-,-,-,-,-,-,-,-,-,-,-,-,-
"Fort Collins, Larimer County, Colorado, United States",city,https://app.monqcle.com/org/cphlr/project/drug-paraphernalia-laws-1689792283/record/75511,DPL_2025_Consolidated,2022-12-31,2024-12-31,1,0,-,-,-,-,-,-,-,-,-,-,-,-,-,-,-,-,-,-,-,-,-,-,-,-,-,-,-,-,-,-,-,-,-,-,-,-,-,-,-,-,-,-,-,-,-,-,-,-,-,-,-,-,-,-,-,-,-,-,-,-,-,-,-,-,-,-,-,-,-,-,-,-,-,-,-,-,-,-,-,-,-,-,-,-,-,-,-,-,-,-,-,-,-,-,-,-,-,-,-,-,-,-,-,-,-,-,-
"Fort Collins, Larimer County, Colorado, United States",city,https://app.monqcle.com/org/cphlr/project/drug-paraphernalia-laws-1689792283/record/63629,DPL_2023_Consolidated,2022-12-31,2023-01-01,1,0,-,-,-,-,-,-,-,-,-,-,-,-,-,-,-,-,-,-,-,-,-,-,-,-,-,-,-,-,-,-,-,-,-,-,-,-,-,-,-,-,-,-,-,-,-,-,-,-,-,-,-,-,-,-,-,-,-,-,-,-,-,-,-,-,-,-,-,-,-,-,-,-,-,-,-,-,-,-,-,-,-,-,-,-,-,-,-,-,-,-,-,-,-,-,-,-,-,-,-,-,-,-,-,-,-,-,-
"Fort Lauderdale, Broward County, Florida, United States",city,https://app.monqcle.com/org/cphlr/project/drug-paraphernalia-laws-1689792283/record/62743,DPL_2023_Consolidated,2022-12-31,2023-01-01,1,0,-,-,-,-,-,-,-,-,-,-,-,-,-,-,-,-,-,-,-,-,-,-,-,-,-,-,-,-,-,-,-,-,-,-,-,-,-,-,-,-,-,-,-,-,-,-,-,-,-,-,-,-,-,-,-,-,-,-,-,-,-,-,-,-,-,-,-,-,-,-,-,-,-,-,-,-,-,-,-,-,-,-,-,-,-,-,-,-,-,-,-,-,-,-,-,-,-,-,-,-,-,-,-,-,-,-,-
"Fort Lauderdale, Broward County, Florida, United States",city,https://app.monqcle.com/org/cphlr/project/drug-paraphernalia-laws-1689792283/record/75345,DPL_2025_Consolidated,2022-12-31,2024-12-31,1,0,-,-,-,-,-,-,-,-,-,-,-,-,-,-,-,-,-,-,-,-,-,-,-,-,-,-,-,-,-,-,-,-,-,-,-,-,-,-,-,-,-,-,-,-,-,-,-,-,-,-,-,-,-,-,-,-,-,-,-,-,-,-,-,-,-,-,-,-,-,-,-,-,-,-,-,-,-,-,-,-,-,-,-,-,-,-,-,-,-,-,-,-,-,-,-,-,-,-,-,-,-,-,-,-,-,-,-
"Fort Myers, Lee County, Florida, United States",city,https://app.monqcle.com/org/cphlr/project/drug-paraphernalia-laws-1689792283/record/76869,DPL_2025_Consolidated,2022-12-31,2024-12-31,1,0,-,-,-,-,-,-,-,-,-,-,-,-,-,-,-,-,-,-,-,-,-,-,-,-,-,-,-,-,-,-,-,-,-,-,-,-,-,-,-,-,-,-,-,-,-,-,-,-,-,-,-,-,-,-,-,-,-,-,-,-,-,-,-,-,-,-,-,-,-,-,-,-,-,-,-,-,-,-,-,-,-,-,-,-,-,-,-,-,-,-,-,-,-,-,-,-,-,-,-,-,-,-,-,-,-,-,-
"Fort Myers, Lee County, Florida, United States",city,https://app.monqcle.com/org/cphlr/project/drug-paraphernalia-laws-1689792283/record/64094,DPL_2023_Consolidated,2022-12-31,2023-01-01,1,0,-,-,-,-,-,-,-,-,-,-,-,-,-,-,-,-,-,-,-,-,-,-,-,-,-,-,-,-,-,-,-,-,-,-,-,-,-,-,-,-,-,-,-,-,-,-,-,-,-,-,-,-,-,-,-,-,-,-,-,-,-,-,-,-,-,-,-,-,-,-,-,-,-,-,-,-,-,-,-,-,-,-,-,-,-,-,-,-,-,-,-,-,-,-,-,-,-,-,-,-,-,-,-,-,-,-,-
"Fort Smith, Sebastian County, Arkansas, United States",city,https://app.monqcle.com/org/cphlr/project/drug-paraphernalia-laws-1689792283/record/77204,DPL_2025_Consolidated,2022-12-31,2024-12-31,1,0,-,-,-,-,-,-,-,-,-,-,-,-,-,-,-,-,-,-,-,-,-,-,-,-,-,-,-,-,-,-,-,-,-,-,-,-,-,-,-,-,-,-,-,-,-,-,-,-,-,-,-,-,-,-,-,-,-,-,-,-,-,-,-,-,-,-,-,-,-,-,-,-,-,-,-,-,-,-,-,-,-,-,-,-,-,-,-,-,-,-,-,-,-,-,-,-,-,-,-,-,-,-,-,-,-,-,-
"Fort Smith, Sebastian County, Arkansas, United States",city,https://app.monqcle.com/org/cphlr/project/drug-paraphernalia-laws-1689792283/record/63558,DPL_2023_Consolidated,2022-12-31,2023-01-01,1,0,-,-,-,-,-,-,-,-,-,-,-,-,-,-,-,-,-,-,-,-,-,-,-,-,-,-,-,-,-,-,-,-,-,-,-,-,-,-,-,-,-,-,-,-,-,-,-,-,-,-,-,-,-,-,-,-,-,-,-,-,-,-,-,-,-,-,-,-,-,-,-,-,-,-,-,-,-,-,-,-,-,-,-,-,-,-,-,-,-,-,-,-,-,-,-,-,-,-,-,-,-,-,-,-,-,-,-
"Fort Wayne, Allen County, Indiana, United States",city,https://app.monqcle.com/org/cphlr/project/drug-paraphernalia-laws-1689792283/record/75210,DPL_2025_Consolidated,2022-12-31,2024-12-31,1,0,-,-,-,-,-,-,-,-,-,-,-,-,-,-,-,-,-,-,-,-,-,-,-,-,-,-,-,-,-,-,-,-,-,-,-,-,-,-,-,-,-,-,-,-,-,-,-,-,-,-,-,-,-,-,-,-,-,-,-,-,-,-,-,-,-,-,-,-,-,-,-,-,-,-,-,-,-,-,-,-,-,-,-,-,-,-,-,-,-,-,-,-,-,-,-,-,-,-,-,-,-,-,-,-,-,-,-
"Fort Wayne, Allen County, Indiana, United States",city,https://app.monqcle.com/org/cphlr/project/drug-paraphernalia-laws-1689792283/record/63028,DPL_2023_Consolidated ,2022-12-31,2023-01-01,1,0,-,-,-,-,-,-,-,-,-,-,-,-,-,-,-,-,-,-,-,-,-,-,-,-,-,-,-,-,-,-,-,-,-,-,-,-,-,-,-,-,-,-,-,-,-,-,-,-,-,-,-,-,-,-,-,-,-,-,-,-,-,-,-,-,-,-,-,-,-,-,-,-,-,-,-,-,-,-,-,-,-,-,-,-,-,-,-,-,-,-,-,-,-,-,-,-,-,-,-,-,-,-,-,-,-,-,-
"Fort Worth, Tarrant County, Texas, United States",city,https://app.monqcle.com/org/cphlr/project/drug-paraphernalia-laws-1689792283/record/64134,DPL_2023_Consolidated,2022-12-31,2023-01-01,1,0,-,-,-,-,-,-,-,-,-,-,-,-,-,-,-,-,-,-,-,-,-,-,-,-,-,-,-,-,-,-,-,-,-,-,-,-,-,-,-,-,-,-,-,-,-,-,-,-,-,-,-,-,-,-,-,-,-,-,-,-,-,-,-,-,-,-,-,-,-,-,-,-,-,-,-,-,-,-,-,-,-,-,-,-,-,-,-,-,-,-,-,-,-,-,-,-,-,-,-,-,-,-,-,-,-,-,-
"Fort Worth, Tarrant County, Texas, United States",city,https://app.monqcle.com/org/cphlr/project/drug-paraphernalia-laws-1689792283/record/74626,DPL_2025_Consolidated,2022-12-31,2024-12-31,1,0,-,-,-,-,-,-,-,-,-,-,-,-,-,-,-,-,-,-,-,-,-,-,-,-,-,-,-,-,-,-,-,-,-,-,-,-,-,-,-,-,-,-,-,-,-,-,-,-,-,-,-,-,-,-,-,-,-,-,-,-,-,-,-,-,-,-,-,-,-,-,-,-,-,-,-,-,-,-,-,-,-,-,-,-,-,-,-,-,-,-,-,-,-,-,-,-,-,-,-,-,-,-,-,-,-,-,-
"Franklin County, Tennessee, United States",county,https://app.monqcle.com/org/cphlr/project/drug-paraphernalia-laws-1689792283/record/63044,DPL_2023_Consolidated,2022-12-31,2023-01-01,1,0,-,-,-,-,-,-,-,-,-,-,-,-,-,-,-,-,-,-,-,-,-,-,-,-,-,-,-,-,-,-,-,-,-,-,-,-,-,-,-,-,-,-,-,-,-,-,-,-,-,-,-,-,-,-,-,-,-,-,-,-,-,-,-,-,-,-,-,-,-,-,-,-,-,-,-,-,-,-,-,-,-,-,-,-,-,-,-,-,-,-,-,-,-,-,-,-,-,-,-,-,-,-,-,-,-,-,-
"Franklin County, Tennessee, United States",county,https://app.monqcle.com/org/cphlr/project/drug-paraphernalia-laws-1689792283/record/77426,DPL_2025_Consolidated,2022-12-31,2024-12-31,1,0,-,-,-,-,-,-,-,-,-,-,-,-,-,-,-,-,-,-,-,-,-,-,-,-,-,-,-,-,-,-,-,-,-,-,-,-,-,-,-,-,-,-,-,-,-,-,-,-,-,-,-,-,-,-,-,-,-,-,-,-,-,-,-,-,-,-,-,-,-,-,-,-,-,-,-,-,-,-,-,-,-,-,-,-,-,-,-,-,-,-,-,-,-,-,-,-,-,-,-,-,-,-,-,-,-,-,-
"Fremont, Alameda County, California, United States",city,https://app.monqcle.com/org/cphlr/project/drug-paraphernalia-laws-1689792283/record/63040,DPL_2023_Consolidated,2022-12-31,2023-01-01,1,0,-,-,-,-,-,-,-,-,-,-,-,-,-,-,-,-,-,-,-,-,-,-,-,-,-,-,-,-,-,-,-,-,-,-,-,-,-,-,-,-,-,-,-,-,-,-,-,-,-,-,-,-,-,-,-,-,-,-,-,-,-,-,-,-,-,-,-,-,-,-,-,-,-,-,-,-,-,-,-,-,-,-,-,-,-,-,-,-,-,-,-,-,-,-,-,-,-,-,-,-,-,-,-,-,-,-,-
"Fremont, Alameda County, California, United States",city,https://app.monqcle.com/org/cphlr/project/drug-paraphernalia-laws-1689792283/record/75068,DPL_2025_Consolidated,2022-12-31,2024-12-31,1,0,-,-,-,-,-,-,-,-,-,-,-,-,-,-,-,-,-,-,-,-,-,-,-,-,-,-,-,-,-,-,-,-,-,-,-,-,-,-,-,-,-,-,-,-,-,-,-,-,-,-,-,-,-,-,-,-,-,-,-,-,-,-,-,-,-,-,-,-,-,-,-,-,-,-,-,-,-,-,-,-,-,-,-,-,-,-,-,-,-,-,-,-,-,-,-,-,-,-,-,-,-,-,-,-,-,-,-
"Fresno, Fresno County, California, United States",city,https://app.monqcle.com/org/cphlr/project/drug-paraphernalia-laws-1689792283/record/74826,DPL_2025_Consolidated,2022-12-31,2024-12-31,1,0,-,-,-,-,-,-,-,-,-,-,-,-,-,-,-,-,-,-,-,-,-,-,-,-,-,-,-,-,-,-,-,-,-,-,-,-,-,-,-,-,-,-,-,-,-,-,-,-,-,-,-,-,-,-,-,-,-,-,-,-,-,-,-,-,-,-,-,-,-,-,-,-,-,-,-,-,-,-,-,-,-,-,-,-,-,-,-,-,-,-,-,-,-,-,-,-,-,-,-,-,-,-,-,-,-,-,-
"Fresno, Fresno County, California, United States",city,https://app.monqcle.com/org/cphlr/project/drug-paraphernalia-laws-1689792283/record/64145,DPL_2023_Consolidated,2022-12-31,2023-01-01,1,0,-,-,-,-,-,-,-,-,-,-,-,-,-,-,-,-,-,-,-,-,-,-,-,-,-,-,-,-,-,-,-,-,-,-,-,-,-,-,-,-,-,-,-,-,-,-,-,-,-,-,-,-,-,-,-,-,-,-,-,-,-,-,-,-,-,-,-,-,-,-,-,-,-,-,-,-,-,-,-,-,-,-,-,-,-,-,-,-,-,-,-,-,-,-,-,-,-,-,-,-,-,-,-,-,-,-,-
"Fresno, Fresno County, California, United States",city,https://app.monqcle.com/org/cphlr/project/drug-paraphernalia-laws-1689792283/record/74825,DPL_2025_JD,2022-12-31,2024-12-31,1,0,-,-,-,-,-,-,-,-,-,-,-,-,-,-,-,-,-,-,-,-,-,-,-,-,-,-,-,-,-,-,-,-,-,-,-,-,-,-,-,-,-,-,-,-,-,-,-,-,-,-,-,-,-,-,-,-,-,-,-,-,-,-,-,-,-,-,-,-,-,-,-,-,-,-,-,-,-,-,-,-,-,-,-,-,-,-,-,-,-,-,-,-,-,-,-,-,-,-,-,-,-,-,-,-,-,-,-
"Frisco, Collin County, Texas, United States",city,https://app.monqcle.com/org/cphlr/project/drug-paraphernalia-laws-1689792283/record/63240,DPL_2023_Consolidated ,2022-12-31,2023-01-01,11,1,-,-,-,ecode360,-,-,-,https://ecode360.com/38351283?highlight=paraphernalia&searchId=9150317831520859#search-highlight-38351283-0,-,-,-,03/05/2019,-,-,-,-,-,-,-,08/15/2023,-,-,-,"Known, current through date published in ordinance",-,-,-,Neither (ARCHIVE),-,authorized to prescribe controlled substances within the State of Texas.,-,-,-,-,-,-,-,-,-,"Pipes, other smoke/ing or inhal/ing/ation equipment or supplies, Other",§ 54-19 Definitions.,-,-,"Possession, possession with intent to use, keep, Use",DIVISION 2 ILLEGAL SMOKIN,-,-,Criminal (ARCHIVE) ,DIVISION 2 ILLEGAL S...,-,-,None,-,-,-,-,-,-,-,-,-,-,-,-,-,-,-,-,-,-,-,-,-,-,-,-,-,-,-,-,-,-,-,-,-,-,-,-,-,-,-,-,-,-,-,-,-,-,-,-,-,-,-,-,-,-,-
"Frisco, Collin County, Texas, United States",city,https://app.monqcle.com/org/cphlr/project/drug-paraphernalia-laws-1689792283/record/75657,DPL_2025_Consolidated,2022-12-31,2024-12-31,12,1,-,-,-,ecode360,-,-,-,https://ecode360.com/38351283?highlight=paraphernalia&searchId=9150317831520859#search-highlight-38351283-0,-,-,-,03/05/2019,-,-,-,-,-,-,-,08/05/2025,-,-,-,"Known, current through date published in ordinance",-,-,-,Neither (ARCHIVE),-,authorized to prescribe controlled substances within the State of Texas.,-,0,-,-,-,-,-,-,-,"Pipes, other smoke/ing or inhal/ing/ation equipment or supplies, Other",§ 54-19 Definitions.,-,-,"Possession, possession with intent to use, keep, Use",DIVISION 2 ILLEGAL SMOKIN,-,-,"""Unlawful"" only (NEW)",DIVISION 2 ILLEGAL S...,-,-,Other,DIVISION 2 ILLEGAL SMOKIN,Religious undertaking,-,-,-,-,-,-,-,-,-,-,-,-,-,-,-,-,-,-,-,-,-,-,-,-,-,-,-,-,-,-,-,-,-,-,-,-,-,-,-,-,-,-,-,-,-,-,-,-,-,-,-,-,-
"Fullerton, Orange County, California, United States",city,https://app.monqcle.com/org/cphlr/project/drug-paraphernalia-laws-1689792283/record/75738,DPL_2025_Consolidated,2022-12-31,2024-12-31,1,0,-,-,-,-,-,-,-,-,-,-,-,-,-,-,-,-,-,-,-,-,-,-,-,-,-,-,-,-,-,-,-,-,-,-,-,-,-,-,-,-,-,-,-,-,-,-,-,-,-,-,-,-,-,-,-,-,-,-,-,-,-,-,-,-,-,-,-,-,-,-,-,-,-,-,-,-,-,-,-,-,-,-,-,-,-,-,-,-,-,-,-,-,-,-,-,-,-,-,-,-,-,-,-,-,-,-,-
"Fullerton, Orange County, California, United States",city,https://app.monqcle.com/org/cphlr/project/drug-paraphernalia-laws-1689792283/record/63018,DPL_2023_Consolidated ,2022-12-31,2023-01-01,1,0,-,-,-,-,-,-,-,-,-,-,-,-,-,-,-,-,-,-,-,-,-,-,-,-,-,-,-,-,-,-,-,-,-,-,-,-,-,-,-,-,-,-,-,-,-,-,-,-,-,-,-,-,-,-,-,-,-,-,-,-,-,-,-,-,-,-,-,-,-,-,-,-,-,-,-,-,-,-,-,-,-,-,-,-,-,-,-,-,-,-,-,-,-,-,-,-,-,-,-,-,-,-,-,-,-,-,-
"Gainesville, Alachua County, Florida, United States",city,https://app.monqcle.com/org/cphlr/project/drug-paraphernalia-laws-1689792283/record/63052,DPL_2023_Consolidated ,2022-12-31,2023-01-01,1,0,-,-,-,-,-,-,-,-,-,-,-,-,-,-,-,-,-,-,-,-,-,-,-,-,-,-,-,-,-,-,-,-,-,-,-,-,-,-,-,-,-,-,-,-,-,-,-,-,-,-,-,-,-,-,-,-,-,-,-,-,-,-,-,-,-,-,-,-,-,-,-,-,-,-,-,-,-,-,-,-,-,-,-,-,-,-,-,-,-,-,-,-,-,-,-,-,-,-,-,-,-,-,-,-,-,-,-
"Gainesville, Alachua County, Florida, United States",city,https://app.monqcle.com/org/cphlr/project/drug-paraphernalia-laws-1689792283/record/75832,DPL_2025_Consolidated,2022-12-31,2024-12-31,1,0,-,-,-,-,-,-,-,-,-,-,-,-,-,-,-,-,-,-,-,-,-,-,-,-,-,-,-,-,-,-,-,-,-,-,-,-,-,-,-,-,-,-,-,-,-,-,-,-,-,-,-,-,-,-,-,-,-,-,-,-,-,-,-,-,-,-,-,-,-,-,-,-,-,-,-,-,-,-,-,-,-,-,-,-,-,-,-,-,-,-,-,-,-,-,-,-,-,-,-,-,-,-,-,-,-,-,-
"Galveston, Galveston County, Texas, United States",city,https://app.monqcle.com/org/cphlr/project/drug-paraphernalia-laws-1689792283/record/77906,DPL_2023_Consolidated,2022-12-31,2023-01-01,1,0,-,-,-,-,-,-,-,-,-,-,-,-,-,-,-,-,-,-,-,-,-,-,-,-,-,-,-,-,-,-,-,-,-,-,-,-,-,-,-,-,-,-,-,-,-,-,-,-,-,-,-,-,-,-,-,-,-,-,-,-,-,-,-,-,-,-,-,-,-,-,-,-,-,-,-,-,-,-,-,-,-,-,-,-,-,-,-,-,-,-,-,-,-,-,-,-,-,-,-,-,-,-,-,-,-,-,-
"Galveston, Galveston County, Texas, United States",city,https://app.monqcle.com/org/cphlr/project/drug-paraphernalia-laws-1689792283/record/77909,DPL_2025_Consolidated,2022-12-31,2024-12-31,1,0,-,-,-,-,-,-,-,-,-,-,-,-,-,-,-,-,-,-,-,-,-,-,-,-,-,-,-,-,-,-,-,-,-,-,-,-,-,-,-,-,-,-,-,-,-,-,-,-,-,-,-,-,-,-,-,-,-,-,-,-,-,-,-,-,-,-,-,-,-,-,-,-,-,-,-,-,-,-,-,-,-,-,-,-,-,-,-,-,-,-,-,-,-,-,-,-,-,-,-,-,-,-,-,-,-,-,-
"Garden Grove, Orange County, California, United States",city,https://app.monqcle.com/org/cphlr/project/drug-paraphernalia-laws-1689792283/record/63340,DPL_2023_Consolidated,2022-12-31,2023-01-01,1,0,-,-,-,-,-,-,-,-,-,-,-,-,-,-,-,-,-,-,-,-,-,-,-,-,-,-,-,-,-,-,-,-,-,-,-,-,-,-,-,-,-,-,-,-,-,-,-,-,-,-,-,-,-,-,-,-,-,-,-,-,-,-,-,-,-,-,-,-,-,-,-,-,-,-,-,-,-,-,-,-,-,-,-,-,-,-,-,-,-,-,-,-,-,-,-,-,-,-,-,-,-,-,-,-,-,-,-
"Garden Grove, Orange County, California, United States",city,https://app.monqcle.com/org/cphlr/project/drug-paraphernalia-laws-1689792283/record/75485,DPL_2025_Consolidated,2022-12-31,2024-12-31,1,0,-,-,-,-,-,-,-,-,-,-,-,-,-,-,-,-,-,-,-,-,-,-,-,-,-,-,-,-,-,-,-,-,-,-,-,-,-,-,-,-,-,-,-,-,-,-,-,-,-,-,-,-,-,-,-,-,-,-,-,-,-,-,-,-,-,-,-,-,-,-,-,-,-,-,-,-,-,-,-,-,-,-,-,-,-,-,-,-,-,-,-,-,-,-,-,-,-,-,-,-,-,-,-,-,-,-,-
"Garland, Dallas County, Texas, United States",city,https://app.monqcle.com/org/cphlr/project/drug-paraphernalia-laws-1689792283/record/63991,DPL_2023_Consolidated,2022-12-31,2023-01-01,1,0,-,-,-,-,-,-,-,-,-,-,-,-,-,-,-,-,-,-,-,-,-,-,-,-,-,-,-,-,-,-,-,-,-,-,-,-,-,-,-,-,-,-,-,-,-,-,-,-,-,-,-,-,-,-,-,-,-,-,-,-,-,-,-,-,-,-,-,-,-,-,-,-,-,-,-,-,-,-,-,-,-,-,-,-,-,-,-,-,-,-,-,-,-,-,-,-,-,-,-,-,-,-,-,-,-,-,-
"Garland, Dallas County, Texas, United States",city,https://app.monqcle.com/org/cphlr/project/drug-paraphernalia-laws-1689792283/record/75082,DPL_2025_Consolidated,2022-12-31,2024-12-31,1,0,-,-,-,-,-,-,-,-,-,-,-,-,-,-,-,-,-,-,-,-,-,-,-,-,-,-,-,-,-,-,-,-,-,-,-,-,-,-,-,-,-,-,-,-,-,-,-,-,-,-,-,-,-,-,-,-,-,-,-,-,-,-,-,-,-,-,-,-,-,-,-,-,-,-,-,-,-,-,-,-,-,-,-,-,-,-,-,-,-,-,-,-,-,-,-,-,-,-,-,-,-,-,-,-,-,-,-
"Gastonia, Gaston County, North Carolina, United States",city,https://app.monqcle.com/org/cphlr/project/drug-paraphernalia-laws-1689792283/record/62716,DPL_2023_Consolidated,2022-12-31,2023-01-01,1,0,-,-,-,-,-,-,-,-,-,-,-,-,-,-,-,-,-,-,-,-,-,-,-,-,-,-,-,-,-,-,-,-,-,-,-,-,-,-,-,-,-,-,-,-,-,-,-,-,-,-,-,-,-,-,-,-,-,-,-,-,-,-,-,-,-,-,-,-,-,-,-,-,-,-,-,-,-,-,-,-,-,-,-,-,-,-,-,-,-,-,-,-,-,-,-,-,-,-,-,-,-,-,-,-,-,-,-
"Gastonia, Gaston County, North Carolina, United States",city,https://app.monqcle.com/org/cphlr/project/drug-paraphernalia-laws-1689792283/record/77123,DPL_2025_Consolidated,2022-12-31,2024-12-31,1,0,-,-,-,-,-,-,-,-,-,-,-,-,-,-,-,-,-,-,-,-,-,-,-,-,-,-,-,-,-,-,-,-,-,-,-,-,-,-,-,-,-,-,-,-,-,-,-,-,-,-,-,-,-,-,-,-,-,-,-,-,-,-,-,-,-,-,-,-,-,-,-,-,-,-,-,-,-,-,-,-,-,-,-,-,-,-,-,-,-,-,-,-,-,-,-,-,-,-,-,-,-,-,-,-,-,-,-
"Georgetown, Williamson County, Texas, 78626, United States",city,https://app.monqcle.com/org/cphlr/project/drug-paraphernalia-laws-1689792283/record/77166,DPL_2025_Consolidated,2022-12-31,2024-12-31,1,0,-,-,-,-,-,-,-,-,-,-,-,-,-,-,-,-,-,-,-,-,-,-,-,-,-,-,-,-,-,-,-,-,-,-,-,-,-,-,-,-,-,-,-,-,-,-,-,-,-,-,-,-,-,-,-,-,-,-,-,-,-,-,-,-,-,-,-,-,-,-,-,-,-,-,-,-,-,-,-,-,-,-,-,-,-,-,-,-,-,-,-,-,-,-,-,-,-,-,-,-,-,-,-,-,-,-,-
"Georgetown, Williamson County, Texas, 78626, United States",city,https://app.monqcle.com/org/cphlr/project/drug-paraphernalia-laws-1689792283/record/63941,DPL_2023_Consolidated,2022-12-31,2023-01-01,1,0,-,-,-,-,-,-,-,-,-,-,-,-,-,-,-,-,-,-,-,-,-,-,-,-,-,-,-,-,-,-,-,-,-,-,-,-,-,-,-,-,-,-,-,-,-,-,-,-,-,-,-,-,-,-,-,-,-,-,-,-,-,-,-,-,-,-,-,-,-,-,-,-,-,-,-,-,-,-,-,-,-,-,-,-,-,-,-,-,-,-,-,-,-,-,-,-,-,-,-,-,-,-,-,-,-,-,-
"Gilbert, Maricopa County, Arizona, United States",city,https://app.monqcle.com/org/cphlr/project/drug-paraphernalia-laws-1689792283/record/75131,DPL_2025_Consolidated,2022-12-31,2024-12-31,1,0,-,-,-,-,-,-,-,-,-,-,-,-,-,-,-,-,-,-,-,-,-,-,-,-,-,-,-,-,-,-,-,-,-,-,-,-,-,-,-,-,-,-,-,-,-,-,-,-,-,-,-,-,-,-,-,-,-,-,-,-,-,-,-,-,-,-,-,-,-,-,-,-,-,-,-,-,-,-,-,-,-,-,-,-,-,-,-,-,-,-,-,-,-,-,-,-,-,-,-,-,-,-,-,-,-,-,-
"Gilbert, Maricopa County, Arizona, United States",city,https://app.monqcle.com/org/cphlr/project/drug-paraphernalia-laws-1689792283/record/62960,DPL_2023_Consolidated,2022-12-31,2023-01-01,1,0,-,-,-,-,-,-,-,-,-,-,-,-,-,-,-,-,-,-,-,-,-,-,-,-,-,-,-,-,-,-,-,-,-,-,-,-,-,-,-,-,-,-,-,-,-,-,-,-,-,-,-,-,-,-,-,-,-,-,-,-,-,-,-,-,-,-,-,-,-,-,-,-,-,-,-,-,-,-,-,-,-,-,-,-,-,-,-,-,-,-,-,-,-,-,-,-,-,-,-,-,-,-,-,-,-,-,-
"Glendale, Los Angeles County, California, United States",city,https://app.monqcle.com/org/cphlr/project/drug-paraphernalia-laws-1689792283/record/62750,DPL_2023_Consolidated,2022-12-31,2023-01-01,1,0,-,-,-,-,-,-,-,-,-,-,-,-,-,-,-,-,-,-,-,-,-,-,-,-,-,-,-,-,-,-,-,-,-,-,-,-,-,-,-,-,-,-,-,-,-,-,-,-,-,-,-,-,-,-,-,-,-,-,-,-,-,-,-,-,-,-,-,-,-,-,-,-,-,-,-,-,-,-,-,-,-,-,-,-,-,-,-,-,-,-,-,-,-,-,-,-,-,-,-,-,-,-,-,-,-,-,-
"Glendale, Los Angeles County, California, United States",city,https://app.monqcle.com/org/cphlr/project/drug-paraphernalia-laws-1689792283/record/75333,DPL_2025_Consolidated,2022-12-31,2024-12-31,1,0,-,-,-,-,-,-,-,-,-,-,-,-,-,-,-,-,-,-,-,-,-,-,-,-,-,-,-,-,-,-,-,-,-,-,-,-,-,-,-,-,-,-,-,-,-,-,-,-,-,-,-,-,-,-,-,-,-,-,-,-,-,-,-,-,-,-,-,-,-,-,-,-,-,-,-,-,-,-,-,-,-,-,-,-,-,-,-,-,-,-,-,-,-,-,-,-,-,-,-,-,-,-,-,-,-,-,-
"Glendale, Maricopa County, Arizona, United States",city,https://app.monqcle.com/org/cphlr/project/drug-paraphernalia-laws-1689792283/record/63337,DPL_2023_Consolidated,2022-12-31,2023-01-01,1,0,-,-,-,-,-,-,-,-,-,-,-,-,-,-,-,-,-,-,-,-,-,-,-,-,-,-,-,-,-,-,-,-,-,-,-,-,-,-,-,-,-,-,-,-,-,-,-,-,-,-,-,-,-,-,-,-,-,-,-,-,-,-,-,-,-,-,-,-,-,-,-,-,-,-,-,-,-,-,-,-,-,-,-,-,-,-,-,-,-,-,-,-,-,-,-,-,-,-,-,-,-,-,-,-,-,-,-
"Glendale, Maricopa County, Arizona, United States",city,https://app.monqcle.com/org/cphlr/project/drug-paraphernalia-laws-1689792283/record/75135,DPL_2025_Consolidated,2022-12-31,2024-12-31,1,0,-,-,-,-,-,-,-,-,-,-,-,-,-,-,-,-,-,-,-,-,-,-,-,-,-,-,-,-,-,-,-,-,-,-,-,-,-,-,-,-,-,-,-,-,-,-,-,-,-,-,-,-,-,-,-,-,-,-,-,-,-,-,-,-,-,-,-,-,-,-,-,-,-,-,-,-,-,-,-,-,-,-,-,-,-,-,-,-,-,-,-,-,-,-,-,-,-,-,-,-,-,-,-,-,-,-,-
"Goodyear, Maricopa County, Arizona, United States",city,https://app.monqcle.com/org/cphlr/project/drug-paraphernalia-laws-1689792283/record/76865,DPL_2025_Consolidated,2022-12-31,2024-12-31,1,0,-,-,-,-,-,-,-,-,-,-,-,-,-,-,-,-,-,-,-,-,-,-,-,-,-,-,-,-,-,-,-,-,-,-,-,-,-,-,-,-,-,-,-,-,-,-,-,-,-,-,-,-,-,-,-,-,-,-,-,-,-,-,-,-,-,-,-,-,-,-,-,-,-,-,-,-,-,-,-,-,-,-,-,-,-,-,-,-,-,-,-,-,-,-,-,-,-,-,-,-,-,-,-,-,-,-,-
"Goodyear, Maricopa County, Arizona, United States",city,https://app.monqcle.com/org/cphlr/project/drug-paraphernalia-laws-1689792283/record/63668,DPL_2023_Consolidated,2022-12-31,2023-01-01,1,0,-,-,-,-,-,-,-,-,-,-,-,-,-,-,-,-,-,-,-,-,-,-,-,-,-,-,-,-,-,-,-,-,-,-,-,-,-,-,-,-,-,-,-,-,-,-,-,-,-,-,-,-,-,-,-,-,-,-,-,-,-,-,-,-,-,-,-,-,-,-,-,-,-,-,-,-,-,-,-,-,-,-,-,-,-,-,-,-,-,-,-,-,-,-,-,-,-,-,-,-,-,-,-,-,-,-,-
"Grand Prairie, Dallas County, Texas, United States",city,https://app.monqcle.com/org/cphlr/project/drug-paraphernalia-laws-1689792283/record/75653,DPL_2025_Consolidated,2022-12-31,2024-12-31,11,1,-,-,-,Municode,-,-,-,https://library.municode.com/tx/grand_prairie/codes/code_of_ordinances?nodeId=PTIICOOR_CH17OFMIPR_ARTIINGE_S17-30ILSMPRINDE,-,-,-,09/21/2010,-,unknown date at bottom of ordinance,-,-,-,-,-,08/27/2025,-,-,-,"Known, current through date published in ordinance",-,-,-,-,-,-,-,0,-,-,-,-,-,-,-,"Syringes, hypodermic needles, other inject/ion/ing equipment/instrument/supplies , Pipes, other smoke/ing or inhal/ing/ation equipment or supplies, Other",Sec. 17-30. - Illegal smo,"Only prohibited for possesion/use with ""illegal smoking product"" defined as 
(1)

Salvinorin A: Contained within the Salvia divinorum plant, whether growing or not; or possessed as an extract, compound, manufacture, derivative, mixture, or preparation of such plant;

(2)

2-[(1R, 3S)-3-hydroxycyclohexyl}-5-(2-methylocatan-2-yl) phenol (also known as CP 47, 497) and homologues;

(3)

1-Penty1-3-(1-naphthoyl) indole (also known as JWH-018); or

(4)

Buty1-3-(1-naphthoy1) indole (also known as JWH-073).",-,"Possession, possession with intent to use, keep, Use",Sec. 17-30. - Illegal smo,"Only prohibited for possesion/use with ""illegal smoking product"" defined as 
(1)

Salvinorin A: Contained within the Salvia divinorum plant, whether growing or not; or possessed as an extract, compound, manufacture, derivative, mixture, or preparation of such plant;

(2)

2-[(1R, 3S)-3-hydroxycyclohexyl}-5-(2-methylocatan-2-yl) phenol (also known as CP 47, 497) and homologues;

(3)

1-Penty1-3-(1-naphthoyl) indole (also known as JWH-018); or

(4)

Buty1-3-(1-naphthoy1) indole (also known as JWH-073).",-,Unspecified Fine (NEW),Sec. 17-30. - Illegal smo,-,-,None,-,-,-,-,-,-,-,-,-,-,-,-,-,-,-,-,-,-,-,-,-,-,-,-,-,-,-,-,-,-,-,-,-,-,-,-,-,-,-,-,-,-,-,-,-,-,-,-,-,-,-,-,-,-,-
"Grand Prairie, Dallas County, Texas, United States",city,https://app.monqcle.com/org/cphlr/project/drug-paraphernalia-laws-1689792283/record/62784,DPL_2023_Consolidated,2022-12-31,2023-01-01,1,0,-,-,-,-,-,-,-,-,-,-,-,-,-,-,-,-,-,-,-,-,-,-,-,-,-,-,-,-,-,-,-,-,-,-,-,-,-,-,-,-,-,-,-,-,-,-,-,-,-,-,-,-,-,-,-,-,-,-,-,-,-,-,-,-,-,-,-,-,-,-,-,-,-,-,-,-,-,-,-,-,-,-,-,-,-,-,-,-,-,-,-,-,-,-,-,-,-,-,-,-,-,-,-,-,-,-,-
"Grand Rapids, Kent County, Michigan, United States",city,https://app.monqcle.com/org/cphlr/project/drug-paraphernalia-laws-1689792283/record/75329,DPL_2025_Consolidated,2022-12-31,2024-12-31,1,0,-,-,-,-,-,-,-,-,-,-,-,-,-,-,-,-,-,-,-,-,-,-,-,-,-,-,-,-,-,-,-,-,-,-,-,-,-,-,-,-,-,-,-,-,-,-,-,-,-,-,-,-,-,-,-,-,-,-,-,-,-,-,-,-,-,-,-,-,-,-,-,-,-,-,-,-,-,-,-,-,-,-,-,-,-,-,-,-,-,-,-,-,-,-,-,-,-,-,-,-,-,-,-,-,-,-,-
"Grand Rapids, Kent County, Michigan, United States",city,https://app.monqcle.com/org/cphlr/project/drug-paraphernalia-laws-1689792283/record/63104,DPL_2023_Consolidated,2022-12-31,2023-01-01,1,0,-,-,-,-,-,-,-,-,-,-,-,-,-,-,-,-,-,-,-,-,-,-,-,-,-,-,-,-,-,-,-,-,-,-,-,-,-,-,-,-,-,-,-,-,-,-,-,-,-,-,-,-,-,-,-,-,-,-,-,-,-,-,-,-,-,-,-,-,-,-,-,-,-,-,-,-,-,-,-,-,-,-,-,-,-,-,-,-,-,-,-,-,-,-,-,-,-,-,-,-,-,-,-,-,-,-,-
"Greeley, Weld County, Colorado, United States",city,https://app.monqcle.com/org/cphlr/project/drug-paraphernalia-laws-1689792283/record/63396,DPL_2023_Consolidated,2022-12-31,2023-01-01,11,1,-,-,-,Municode,-,-,-,https://library.municode.com/co/greeley/codes/municipal_code?nodeId=PTIICOOR_TIT14CRCOOF_CH8OFRECOSU_S14-247PODRPAPE,-,-,-,06/04/2013,-,unknown date at bottom of ordinance,-,-,-,-,-,03/13/2023,-,-,-,"Known, current through date published in ordinance",-,-,-,State (ARCHIVE) ,CHAPTER 8. -,-,-,-,-,-,-,-,-,-,-,"Syringes, hypodermic needles, other inject/ion/ing equipment/instrument/supplies , Pipes, other smoke/ing or inhal/ing/ation equipment or supplies, Drug test/ing or check/ing equipment or supplies, Other",CHAPTER 8. -,-,-,"Sales (ARCHIVE), Non-sale distribution/delivery (ARCHIVE), Possession, possession with intent to use, keep, Advertising, display, Manufacturing, manufacture with intent to deliver or sell",CHAPTER 8. - OFFENSES REL,-,-,Criminal (ARCHIVE) ,CHAPTER 8. - OFFENSES REL,-,-,"Paraphernalia for consumption of cannabis, generally (ARCHIVE)",CHAPTER 8. - OFFENSES REL,-,-,-,-,-,-,-,-,-,-,-,-,-,-,-,-,-,-,-,-,-,-,-,-,-,-,-,-,-,-,-,-,-,-,-,-,-,-,-,-,-,-,-,-,-,-,-,-,-,-,-,-,-,-
"Greeley, Weld County, Colorado, United States",city,https://app.monqcle.com/org/cphlr/project/drug-paraphernalia-laws-1689792283/record/76623,DPL_2025_Consolidated,2022-12-31,2024-12-31,13,1,-,-,-,Municode,-,-,-,https://library.municode.com/co/greeley/codes/municipal_code?nodeId=PTIICOOR_TIT14CRCOOF_CH8OFRECOSU_S14-247PODRPAPE,-,-,-,06/04/2013,-,unknown date at bottom of ordinance,-,-,-,-,-,08/25/2025,-,-,-,"Known, current through date published in ordinance",-,-,-,State (ARCHIVE) ,-,-,-,0,-,-,-,-,-,-,-,"Syringes, hypodermic needles, other inject/ion/ing equipment/instrument/supplies , Pipes, other smoke/ing or inhal/ing/ation equipment or supplies, Drug test/ing or check/ing equipment or supplies, Other",CHAPTER 8. -,-,-,"Sales, possession with intent to sell, offer for sale (NEW), Delivery, possession with intent to deliver/distribute, distribution, transfer, furnish, exchange (NEW), Possession, possession with intent to use, keep, Advertising, display, Manufacturing, manufacture with intent to deliver or sell",CHAPTER 8. - OFFENSES REL,-,-,"Infraction (NEW), Misdemeanor (NEW), Unspecified Fine (NEW)",CHAPTER 8. - OFFENSES REL,-,-,"Paraphernalia for consumption of cannabis, generally or medical use (NEW)",CHAPTER 8. - OFFENSES REL,-,-,-,-,-,-,-,-,-,-,"Possession, Distribution, Sales, Other",-,"Advertising, Manufacturing",-,-,-,-,-,-,-,-,-,-,-,-,-,-,-,-,-,-,-,-,-,-,-,-,-,-,-,-,-,-,-,-,-,-,-,-,-,-,-,-,-
"Green Bay, Brown County, Wisconsin, United States",city,https://app.monqcle.com/org/cphlr/project/drug-paraphernalia-laws-1689792283/record/76358,DPL_2025_JD,2024-03-26,2024-12-31,16,1,-,-,-,Municode,-,-,-,https://library.municode.com/wi/green_bay/codes/code_of_ordinances/413327?nodeId=COOR_CH26OF_ARTIINGE_S26-19SPPE,-,-,-,03/26/2024,-,-,-,-,-,-,-,09/04/2025,-,-,-,"Known, current through date published in ordinance",-,-,-,State (ARCHIVE) ,-,-,-,1,Sec. 26-3. - State laws a,-,-,Wis. Stats. § 961.573,-,-,-,"Syringes, hypodermic needles, other inject/ion/ing equipment/instrument/supplies , Pipes, other smoke/ing or inhal/ing/ation equipment or supplies, Drug test/ing or check/ing equipment or supplies, Other",961.571  Definitions. In ,-,-,"Possession, possession with intent to use, keep, Use",961.573,-,-,"Unspecified Fine (NEW), Incarceration (NEW)","961.573,Sec. 26-19.  -",-,-,"Syringes, generally, Drug checking/testing equipment for fentanyl or fentanyl analogues , Drug checking/testing equipment for xylazine (NEW)",961.571  Definitions. In ,-,-,"Possession, Use",-,-,-,-,-,-,-,-,-,-,-,-,-,-,-,"Possession, Use",-,-,-,"Possession, Use",-,-,-,-,-,-,-,-,-,-,-,-,-,-,-,-,-,-,-,-,-,-,-,-,-,-,-,-,-,-,-
"Green Bay, Brown County, Wisconsin, United States",city,https://app.monqcle.com/org/cphlr/project/drug-paraphernalia-laws-1689792283/record/76625,DPL_2025_Consolidated,2022-12-31,2024-12-31,13,1,-,-,-,Municode,-,-,-,https://library.municode.com/wi/green_bay/codes/code_of_ordinances/413327?nodeId=COOR_CH26OF_ARTIINGE_S26-19SPPE,-,-,-,04/09/2020,-,unknown date at bottom of ordinance,-,-,-,-,-,09/04/2025,-,-,-,"Known, current through date published in ordinance",-,-,-,State (ARCHIVE) ,-,-,-,1,Sec. 26-3. - State laws a,-,-,"Wis. Stats. § 961.573, Possession of Drug Paraphernalia.",-,-,-,"Syringes, hypodermic needles, other inject/ion/ing equipment/instrument/supplies , Pipes, other smoke/ing or inhal/ing/ation equipment or supplies, Drug test/ing or check/ing equipment or supplies, Other",961.573 Possession of dru,-,-,"Possession, possession with intent to use, keep, Use",961.573,-,-,"Unspecified Fine (NEW), Incarceration (NEW)","Sec. 26-19.  -,961.573 Possession of dru,961.573",-,-,None,-,-,-,-,-,-,-,-,-,-,-,-,-,-,-,-,-,-,-,-,-,-,-,-,-,-,-,-,-,-,-,-,-,-,-,-,-,-,-,-,-,-,-,-,-,-,-,-,-,-,-,-,-,-,-
"Green Bay, Brown County, Wisconsin, United States",city,https://app.monqcle.com/org/cphlr/project/drug-paraphernalia-laws-1689792283/record/64152,DPL_2023_Consolidated,2022-12-31,2023-01-01,11,1,-,-,-,Municode,-,-,-,https://library.municode.com/wi/green_bay/codes/code_of_ordinances/413327?nodeId=COOR_CH26OF_ARTIINGE_S26-19SPPE,-,-,-,04/09/2020,-,unknown date at bottom of ordinance,-,-,-,-,-,09/25/2023,-,-,-,"Known, current through date published in ordinance",-,-,-,State (ARCHIVE) ,Sec. 26-3. - State laws a,-,-,-,-,-,-,-,-,-,-,"Syringes, hypodermic needles, other inject/ion/ing equipment/instrument/supplies , Pipes, other smoke/ing or inhal/ing/ation equipment or supplies, Drug test/ing or check/ing equipment or supplies, Other",961.571  Definitions. In ,-,-,"Possession, possession with intent to use, keep, Use",961.573,-,-,"Civil (ARCHIVE), Criminal (ARCHIVE) ","Sec. 26-19.  -,961.573",-,-,"Syringes, generally, Drug checking/testing equipment for fentanyl or fentanyl analogues ",961.571  Definitions. In ,-,-,-,-,-,-,-,-,-,-,-,-,-,-,-,-,-,-,-,-,-,-,-,-,-,-,-,-,-,-,-,-,-,-,-,-,-,-,-,-,-,-,-,-,-,-,-,-,-,-,-,-,-,-
"Greensboro, Guilford County, North Carolina, United States",city,https://app.monqcle.com/org/cphlr/project/drug-paraphernalia-laws-1689792283/record/63534,DPL_2023_Consolidated,2022-12-31,2023-01-01,11,1,-,-,-,Municode,-,-,-,https://library.municode.com/nc/greensboro/codes/code_of_ordinances?nodeId=COOR_CH18OFMIPR_ARTIIIOFAGPUPEOR_S18-47SADRSTINILDRUS,-,-,-,12/15/2020,-,unknown date at bottom ,-,-,-,-,-,10/04/2023,-,-,-,"Known, current through date published in ordinance",-,-,-,Both (ARCHIVE) ,"Sec. 18-47. -,Sec. 18-47. - Sale of dru",-,-,-,-,-,-,-,-,-,-,"Pipes, other smoke/ing or inhal/ing/ation equipment or supplies",Sec. 18-47. - Sale of dru,-,-,"Sales (ARCHIVE), Use","Sec. 18-47. -,Sec. 18-47. - Sale of dru",-,-,"Civil (ARCHIVE), Forfeiture/Seizure",Sec. 18-47. - Sale of dru,-,-,"Xylazine checking/testing equipment specifically, in the context syringe services, harm reduction programs, or supervised use sites (NEW)",Sec. 18-47. - Sale of dru,Defense. It is a defense to a violation of this section that the drug stem is primarily designed and used for a legitimate purpose unrelated to the ingestion of a controlled substance into the human body.,-,-,-,-,-,-,-,-,-,-,-,-,-,-,-,-,-,-,-,-,-,-,-,-,-,-,-,-,-,-,-,-,-,-,-,-,-,-,-,-,-,-,-,-,-,-,-,-,-,-,-,-,-
"Greensboro, Guilford County, North Carolina, United States",city,https://app.monqcle.com/org/cphlr/project/drug-paraphernalia-laws-1689792283/record/74968,DPL_2025_Consolidated,2022-12-31,2024-12-31,12,1,-,-,-,Municode,-,-,-,https://library.municode.com/nc/greensboro/codes/code_of_ordinances?nodeId=COOR_CH18OFMIPR_ARTIIIOFAGPUPEOR_S18-47SADRSTINILDRUS,-,-,-,12/15/2020,-,unknown date at bottom ,-,-,-,-,-,09/30/2025,-,-,-,"Known, current through date published in ordinance",-,-,-,Both (ARCHIVE) ,-,-,-,0,-,-,-,-,-,-,-,"Pipes, other smoke/ing or inhal/ing/ation equipment or supplies",Sec. 18-47. - Sale of dru,-,-,"Sales, possession with intent to sell, offer for sale (NEW)","Sec. 18-47. -,Sec. 18-47. - Sale of dru",-,-,"Civil Fine (NEW), Forfeiture/Seizure",Sec. 18-47. - Sale of dru,-,-,Other,Sec. 18-47. - Sale of dru,It is a defense to a violation of this section that the drug stem is primarily designed and used for a legitimate purpose unrelated to the ingestion of a controlled substance into the human body.,-,-,-,-,-,-,-,-,-,-,-,-,-,-,-,-,-,-,-,-,-,-,-,-,-,-,-,-,-,-,-,-,-,-,-,-,-,-,-,-,-,-,-,-,-,-,-,-,-,-,-,-,-
"Greenville, Pitt County, North Carolina, United States",city,https://app.monqcle.com/org/cphlr/project/drug-paraphernalia-laws-1689792283/record/76694,DPL_2025_Consolidated,2022-12-31,2024-12-31,1,0,-,-,-,-,-,-,-,-,-,-,-,-,-,-,-,-,-,-,-,-,-,-,-,-,-,-,-,-,-,-,-,-,-,-,-,-,-,-,-,-,-,-,-,-,-,-,-,-,-,-,-,-,-,-,-,-,-,-,-,-,-,-,-,-,-,-,-,-,-,-,-,-,-,-,-,-,-,-,-,-,-,-,-,-,-,-,-,-,-,-,-,-,-,-,-,-,-,-,-,-,-,-,-,-,-,-,-
"Greenville, Pitt County, North Carolina, United States",city,https://app.monqcle.com/org/cphlr/project/drug-paraphernalia-laws-1689792283/record/63577,DPL_2023_Consolidated,2022-12-31,2023-01-01,1,0,-,-,-,-,-,-,-,-,-,-,-,-,-,-,-,-,-,-,-,-,-,-,-,-,-,-,-,-,-,-,-,-,-,-,-,-,-,-,-,-,-,-,-,-,-,-,-,-,-,-,-,-,-,-,-,-,-,-,-,-,-,-,-,-,-,-,-,-,-,-,-,-,-,-,-,-,-,-,-,-,-,-,-,-,-,-,-,-,-,-,-,-,-,-,-,-,-,-,-,-,-,-,-,-,-,-,-
"Gresham, Multnomah County, Oregon, United States",city,https://app.monqcle.com/org/cphlr/project/drug-paraphernalia-laws-1689792283/record/76134,DPL_2025_Consolidated,2022-12-31,2024-12-31,1,0,-,-,-,-,-,-,-,-,-,-,-,-,-,-,-,-,-,-,-,-,-,-,-,-,-,-,-,-,-,-,-,-,-,-,-,-,-,-,-,-,-,-,-,-,-,-,-,-,-,-,-,-,-,-,-,-,-,-,-,-,-,-,-,-,-,-,-,-,-,-,-,-,-,-,-,-,-,-,-,-,-,-,-,-,-,-,-,-,-,-,-,-,-,-,-,-,-,-,-,-,-,-,-,-,-,-,-
"Gresham, Multnomah County, Oregon, United States",city,https://app.monqcle.com/org/cphlr/project/drug-paraphernalia-laws-1689792283/record/62843,DPL_2023_Consolidated,2022-12-31,2023-01-01,1,0,-,-,-,-,-,-,-,-,-,-,-,-,-,-,-,-,-,-,-,-,-,-,-,-,-,-,-,-,-,-,-,-,-,-,-,-,-,-,-,-,-,-,-,-,-,-,-,-,-,-,-,-,-,-,-,-,-,-,-,-,-,-,-,-,-,-,-,-,-,-,-,-,-,-,-,-,-,-,-,-,-,-,-,-,-,-,-,-,-,-,-,-,-,-,-,-,-,-,-,-,-,-,-,-,-,-,-
"Hammond, Lake County, Indiana, United States",city,https://app.monqcle.com/org/cphlr/project/drug-paraphernalia-laws-1689792283/record/63666,DPL_2023_Consolidated,2022-12-31,2023-01-01,1,0,-,-,-,-,-,-,-,-,-,-,-,-,-,-,-,-,-,-,-,-,-,-,-,-,-,-,-,-,-,-,-,-,-,-,-,-,-,-,-,-,-,-,-,-,-,-,-,-,-,-,-,-,-,-,-,-,-,-,-,-,-,-,-,-,-,-,-,-,-,-,-,-,-,-,-,-,-,-,-,-,-,-,-,-,-,-,-,-,-,-,-,-,-,-,-,-,-,-,-,-,-,-,-,-,-,-,-
"Hammond, Lake County, Indiana, United States",city,https://app.monqcle.com/org/cphlr/project/drug-paraphernalia-laws-1689792283/record/77136,DPL_2025_Consolidated,2022-12-31,2024-12-31,1,0,-,-,-,-,-,-,-,-,-,-,-,-,-,-,-,-,-,-,-,-,-,-,-,-,-,-,-,-,-,-,-,-,-,-,-,-,-,-,-,-,-,-,-,-,-,-,-,-,-,-,-,-,-,-,-,-,-,-,-,-,-,-,-,-,-,-,-,-,-,-,-,-,-,-,-,-,-,-,-,-,-,-,-,-,-,-,-,-,-,-,-,-,-,-,-,-,-,-,-,-,-,-,-,-,-,-,-
"Hampton, Virginia, United States",city,https://app.monqcle.com/org/cphlr/project/drug-paraphernalia-laws-1689792283/record/75821,DPL_2025_Consolidated,2022-12-31,2024-12-31,1,0,-,-,-,-,-,-,-,-,-,-,-,-,-,-,-,-,-,-,-,-,-,-,-,-,-,-,-,-,-,-,-,-,-,-,-,-,-,-,-,-,-,-,-,-,-,-,-,-,-,-,-,-,-,-,-,-,-,-,-,-,-,-,-,-,-,-,-,-,-,-,-,-,-,-,-,-,-,-,-,-,-,-,-,-,-,-,-,-,-,-,-,-,-,-,-,-,-,-,-,-,-,-,-,-,-,-,-
"Hampton, Virginia, United States",city,https://app.monqcle.com/org/cphlr/project/drug-paraphernalia-laws-1689792283/record/63714,DPL_2023_Consolidated ,2022-12-31,2023-01-01,1,0,-,-,-,-,-,-,-,-,-,-,-,-,-,-,-,-,-,-,-,-,-,-,-,-,-,-,-,-,-,-,-,-,-,-,-,-,-,-,-,-,-,-,-,-,-,-,-,-,-,-,-,-,-,-,-,-,-,-,-,-,-,-,-,-,-,-,-,-,-,-,-,-,-,-,-,-,-,-,-,-,-,-,-,-,-,-,-,-,-,-,-,-,-,-,-,-,-,-,-,-,-,-,-,-,-,-,-
"Hartford, Capitol Planning Region, Connecticut, United States",city,https://app.monqcle.com/org/cphlr/project/drug-paraphernalia-laws-1689792283/record/76161,DPL_2025_Consolidated,2022-12-31,2024-12-31,1,0,-,-,-,-,-,-,-,-,-,-,-,-,-,-,-,-,-,-,-,-,-,-,-,-,-,-,-,-,-,-,-,-,-,-,-,-,-,-,-,-,-,-,-,-,-,-,-,-,-,-,-,-,-,-,-,-,-,-,-,-,-,-,-,-,-,-,-,-,-,-,-,-,-,-,-,-,-,-,-,-,-,-,-,-,-,-,-,-,-,-,-,-,-,-,-,-,-,-,-,-,-,-,-,-,-,-,-
"Hartford, Capitol Planning Region, Connecticut, United States",city,https://app.monqcle.com/org/cphlr/project/drug-paraphernalia-laws-1689792283/record/64090,DPL_2023_Consolidated ,2022-12-31,2023-01-01,1,0,-,-,-,-,-,-,-,-,-,-,-,-,-,-,-,-,-,-,-,-,-,-,-,-,-,-,-,-,-,-,-,-,-,-,-,-,-,-,-,-,-,-,-,-,-,-,-,-,-,-,-,-,-,-,-,-,-,-,-,-,-,-,-,-,-,-,-,-,-,-,-,-,-,-,-,-,-,-,-,-,-,-,-,-,-,-,-,-,-,-,-,-,-,-,-,-,-,-,-,-,-,-,-,-,-,-,-
"Hawthorne, Los Angeles County, California, 90250, United States",city,https://app.monqcle.com/org/cphlr/project/drug-paraphernalia-laws-1689792283/record/63014,DPL_2023_Consolidated,2022-12-31,2023-01-01,1,0,-,-,-,-,-,-,-,-,-,-,-,-,-,-,-,-,-,-,-,-,-,-,-,-,-,-,-,-,-,-,-,-,-,-,-,-,-,-,-,-,-,-,-,-,-,-,-,-,-,-,-,-,-,-,-,-,-,-,-,-,-,-,-,-,-,-,-,-,-,-,-,-,-,-,-,-,-,-,-,-,-,-,-,-,-,-,-,-,-,-,-,-,-,-,-,-,-,-,-,-,-,-,-,-,-,-,-
"Hawthorne, Los Angeles County, California, 90250, United States",city,https://app.monqcle.com/org/cphlr/project/drug-paraphernalia-laws-1689792283/record/77244,DPL_2025_Consolidated,2022-12-31,2024-12-31,1,0,-,-,-,-,-,-,-,-,-,-,-,-,-,-,-,-,-,-,-,-,-,-,-,-,-,-,-,-,-,-,-,-,-,-,-,-,-,-,-,-,-,-,-,-,-,-,-,-,-,-,-,-,-,-,-,-,-,-,-,-,-,-,-,-,-,-,-,-,-,-,-,-,-,-,-,-,-,-,-,-,-,-,-,-,-,-,-,-,-,-,-,-,-,-,-,-,-,-,-,-,-,-,-,-,-,-,-
"Hayward, Alameda County, California, United States",city,https://app.monqcle.com/org/cphlr/project/drug-paraphernalia-laws-1689792283/record/75522,DPL_2025_Consolidated,2022-12-31,2024-12-31,1,0,-,-,-,-,-,-,-,-,-,-,-,-,-,-,-,-,-,-,-,-,-,-,-,-,-,-,-,-,-,-,-,-,-,-,-,-,-,-,-,-,-,-,-,-,-,-,-,-,-,-,-,-,-,-,-,-,-,-,-,-,-,-,-,-,-,-,-,-,-,-,-,-,-,-,-,-,-,-,-,-,-,-,-,-,-,-,-,-,-,-,-,-,-,-,-,-,-,-,-,-,-,-,-,-,-,-,-
"Hayward, Alameda County, California, United States",city,https://app.monqcle.com/org/cphlr/project/drug-paraphernalia-laws-1689792283/record/63660,DPL_2023_Consolidated,2022-12-31,2023-01-01,1,0,-,-,-,-,-,-,-,-,-,-,-,-,-,-,-,-,-,-,-,-,-,-,-,-,-,-,-,-,-,-,-,-,-,-,-,-,-,-,-,-,-,-,-,-,-,-,-,-,-,-,-,-,-,-,-,-,-,-,-,-,-,-,-,-,-,-,-,-,-,-,-,-,-,-,-,-,-,-,-,-,-,-,-,-,-,-,-,-,-,-,-,-,-,-,-,-,-,-,-,-,-,-,-,-,-,-,-
"Hemet, Riverside County, California, United States",city,https://app.monqcle.com/org/cphlr/project/drug-paraphernalia-laws-1689792283/record/62697,DPL_2023_Consolidated,2022-12-31,2023-01-01,1,0,-,-,-,-,-,-,-,-,-,-,-,-,-,-,-,-,-,-,-,-,-,-,-,-,-,-,-,-,-,-,-,-,-,-,-,-,-,-,-,-,-,-,-,-,-,-,-,-,-,-,-,-,-,-,-,-,-,-,-,-,-,-,-,-,-,-,-,-,-,-,-,-,-,-,-,-,-,-,-,-,-,-,-,-,-,-,-,-,-,-,-,-,-,-,-,-,-,-,-,-,-,-,-,-,-,-,-
"Hemet, Riverside County, California, United States",city,https://app.monqcle.com/org/cphlr/project/drug-paraphernalia-laws-1689792283/record/77267,DPL_2025_Consolidated,2022-12-31,2024-12-31,1,0,-,-,-,-,-,-,-,-,-,-,-,-,-,-,-,-,-,-,-,-,-,-,-,-,-,-,-,-,-,-,-,-,-,-,-,-,-,-,-,-,-,-,-,-,-,-,-,-,-,-,-,-,-,-,-,-,-,-,-,-,-,-,-,-,-,-,-,-,-,-,-,-,-,-,-,-,-,-,-,-,-,-,-,-,-,-,-,-,-,-,-,-,-,-,-,-,-,-,-,-,-,-,-,-,-,-,-
"Henderson, Clark County, Nevada, United States",city,https://app.monqcle.com/org/cphlr/project/drug-paraphernalia-laws-1689792283/record/63967,DPL_2023_Consolidated,2022-12-31,2023-01-01,11,1,-,-,-,Municode,-,-,-,https://library.municode.com/nv/henderson/codes/code_of_ordinances?nodeId=TIT8PUPESA_CH8.02CRAGPUPE_8.02.120UNUSPODRPA,-,-,-,11/07/2017,-,unknown date at bottom of ordinance,-,-,-,-,-,10/02/2023,-,-,-,"Known, current through date published in ordinance",-,-,-,State (ARCHIVE) ,8.02.120 -,-,-,-,-,-,-,-,-,-,-,"Pipes, other smoke/ing or inhal/ing/ation equipment or supplies, Drug test/ing or check/ing equipment or supplies, Other",8.02.120 -,-,-,"Sales (ARCHIVE), Possession, possession with intent to use, keep, Use",8.02.120 -,-,-,Criminal (ARCHIVE) ,8.02.140 - Penalty for vi,-,-,None,-,-,-,-,-,-,-,-,-,-,-,-,-,-,-,-,-,-,-,-,-,-,-,-,-,-,-,-,-,-,-,-,-,-,-,-,-,-,-,-,-,-,-,-,-,-,-,-,-,-,-,-,-,-,-
"Henderson, Clark County, Nevada, United States",city,https://app.monqcle.com/org/cphlr/project/drug-paraphernalia-laws-1689792283/record/74964,DPL_2025_Consolidated,2022-12-31,2024-12-31,12,1,-,-,-,Municode,-,-,-,https://library.municode.com/nv/henderson/codes/code_of_ordinances?nodeId=TIT8PUPESA_CH8.02CRAGPUPE_8.02.120UNUSPODRPA,-,-,-,11/07/2017,-,unknown date at bottom of ordinance,-,-,-,-,-,09/18/2025,-,-,-,"Known, current through date published in ordinance",-,-,-,State (ARCHIVE) ,-,-,-,0,-,-,-,-,-,-,-,"Pipes, other smoke/ing or inhal/ing/ation equipment or supplies, Drug test/ing or check/ing equipment or supplies, Other",8.02.120 -,-,-,"Sales, possession with intent to sell, offer for sale (NEW), Possession, possession with intent to use, keep, Use",8.02.120 -,-,-,"Misdemeanor (NEW), Unspecified Fine (NEW), Incarceration (NEW)",8.02.140 - Penalty for vi,-,-,None,-,-,-,-,-,-,-,-,-,-,-,-,-,-,-,-,-,-,-,-,-,-,-,-,-,-,-,-,-,-,-,-,-,-,-,-,-,-,-,-,-,-,-,-,-,-,-,-,-,-,-,-,-,-,-
"Hesperia, San Bernardino County, California, United States",city,https://app.monqcle.com/org/cphlr/project/drug-paraphernalia-laws-1689792283/record/62913,DPL_2023_Consolidated ,2022-12-31,2023-01-01,1,0,-,-,-,-,-,-,-,-,-,-,-,-,-,-,-,-,-,-,-,-,-,-,-,-,-,-,-,-,-,-,-,-,-,-,-,-,-,-,-,-,-,-,-,-,-,-,-,-,-,-,-,-,-,-,-,-,-,-,-,-,-,-,-,-,-,-,-,-,-,-,-,-,-,-,-,-,-,-,-,-,-,-,-,-,-,-,-,-,-,-,-,-,-,-,-,-,-,-,-,-,-,-,-,-,-,-,-
"Hesperia, San Bernardino County, California, United States",city,https://app.monqcle.com/org/cphlr/project/drug-paraphernalia-laws-1689792283/record/76994,DPL_2025_Consolidated,2022-12-31,2024-12-31,1,0,-,-,-,-,-,-,-,-,-,-,-,-,-,-,-,-,-,-,-,-,-,-,-,-,-,-,-,-,-,-,-,-,-,-,-,-,-,-,-,-,-,-,-,-,-,-,-,-,-,-,-,-,-,-,-,-,-,-,-,-,-,-,-,-,-,-,-,-,-,-,-,-,-,-,-,-,-,-,-,-,-,-,-,-,-,-,-,-,-,-,-,-,-,-,-,-,-,-,-,-,-,-,-,-,-,-,-
"Hialeah, Miami-Dade County, Florida, United States",city,https://app.monqcle.com/org/cphlr/project/drug-paraphernalia-laws-1689792283/record/75063,DPL_2025_Consolidated,2022-12-31,2024-12-31,1,0,-,-,-,-,-,-,-,-,-,-,-,-,-,-,-,-,-,-,-,-,-,-,-,-,-,-,-,-,-,-,-,-,-,-,-,-,-,-,-,-,-,-,-,-,-,-,-,-,-,-,-,-,-,-,-,-,-,-,-,-,-,-,-,-,-,-,-,-,-,-,-,-,-,-,-,-,-,-,-,-,-,-,-,-,-,-,-,-,-,-,-,-,-,-,-,-,-,-,-,-,-,-,-,-,-,-,-
"Hialeah, Miami-Dade County, Florida, United States",city,https://app.monqcle.com/org/cphlr/project/drug-paraphernalia-laws-1689792283/record/63831,DPL_2023_Consolidated,2022-12-31,2023-01-01,1,0,-,-,-,-,-,-,-,-,-,-,-,-,-,-,-,-,-,-,-,-,-,-,-,-,-,-,-,-,-,-,-,-,-,-,-,-,-,-,-,-,-,-,-,-,-,-,-,-,-,-,-,-,-,-,-,-,-,-,-,-,-,-,-,-,-,-,-,-,-,-,-,-,-,-,-,-,-,-,-,-,-,-,-,-,-,-,-,-,-,-,-,-,-,-,-,-,-,-,-,-,-,-,-,-,-,-,-
"High Point, Guilford County, North Carolina, United States",city,https://app.monqcle.com/org/cphlr/project/drug-paraphernalia-laws-1689792283/record/62701,DPL_2023_Consolidated,2022-12-31,2023-01-01,11,1,-,-,-,Municode,-,-,-,https://library.municode.com/nc/high_point/codes/code_of_ordinances?nodeId=PTIICOOR_TIT12OF_CH4PAINILDRUS_S12-4-2PODRPA,-,-,-,06/05/1980,-,unknown date at bottom of ordinance,-,-,-,-,-,11/20/2023,-,-,-,"Known, current through date published in ordinance",-,-,-,State (ARCHIVE) ,CHAPTER 4 -,-,-,-,-,-,-,-,-,-,-,"Syringes, hypodermic needles, other inject/ion/ing equipment/instrument/supplies , Pipes, other smoke/ing or inhal/ing/ation equipment or supplies, Drug test/ing or check/ing equipment or supplies, Other",CHAPTER 4 -,-,-,"Non-sale distribution/delivery (ARCHIVE), Possession, possession with intent to use, keep, Use, Manufacturing, manufacture with intent to deliver or sell",CHAPTER 4 -,-,-,Criminal (ARCHIVE) ,-,-,-,None,-,-,-,-,-,-,-,-,-,-,-,-,-,-,-,-,-,-,-,-,-,-,-,-,-,-,-,-,-,-,-,-,-,-,-,-,-,-,-,-,-,-,-,-,-,-,-,-,-,-,-,-,-,-,-
"Hillsboro, Washington County, Oregon, United States",city,https://app.monqcle.com/org/cphlr/project/drug-paraphernalia-laws-1689792283/record/62958,DPL_2023_Consolidated,2022-12-31,2023-01-01,1,0,-,-,-,-,-,-,-,-,-,-,-,-,-,-,-,-,-,-,-,-,-,-,-,-,-,-,-,-,-,-,-,-,-,-,-,-,-,-,-,-,-,-,-,-,-,-,-,-,-,-,-,-,-,-,-,-,-,-,-,-,-,-,-,-,-,-,-,-,-,-,-,-,-,-,-,-,-,-,-,-,-,-,-,-,-,-,-,-,-,-,-,-,-,-,-,-,-,-,-,-,-,-,-,-,-,-,-
"Hillsboro, Washington County, Oregon, United States",city,https://app.monqcle.com/org/cphlr/project/drug-paraphernalia-laws-1689792283/record/76561,DPL_2025_Consolidated,2022-12-31,2024-12-31,1,0,-,-,-,-,-,-,-,-,-,-,-,-,-,-,-,-,-,-,-,-,-,-,-,-,-,-,-,-,-,-,-,-,-,-,-,-,-,-,-,-,-,-,-,-,-,-,-,-,-,-,-,-,-,-,-,-,-,-,-,-,-,-,-,-,-,-,-,-,-,-,-,-,-,-,-,-,-,-,-,-,-,-,-,-,-,-,-,-,-,-,-,-,-,-,-,-,-,-,-,-,-,-,-,-,-,-,-
"Hollywood, Broward County, Florida, United States",city,https://app.monqcle.com/org/cphlr/project/drug-paraphernalia-laws-1689792283/record/63373,DPL_2023_Consolidated,2022-12-31,2023-01-01,11,1,-,-,-,ALP,-,-,-,https://codelibrary.amlegal.com/codes/hollywood/latest/hollywood_fl/0-0-0-45425,-,-,-,07/19/1989,-,-,-,-,-,-,-,05/03/2023,-,-,-,"Known, current through date published in ordinance",-,-,-,State (ARCHIVE) ,CHEMICAL SUBSTANCE R...,-,-,-,-,-,-,-,-,-,-,"Syringes, hypodermic needles, other inject/ion/ing equipment/instrument/supplies , Pipes, other smoke/ing or inhal/ing/ation equipment or supplies, Drug test/ing or check/ing equipment or supplies, Other",CHEMICAL SUBSTANCE REGULA,-,-,"Sales (ARCHIVE), Non-sale distribution/delivery (ARCHIVE), Possession, possession with intent to use, keep, Use, Advertising, display, Manufacturing, manufacture with intent to deliver or sell",CHEMICAL SUBSTANCE REGULA,-,-,Criminal (ARCHIVE) ,"CHEMICAL SUBSTANCE REGULA,§ 10.99 GENERAL PENALTY",-,-,None,-,-,-,-,-,-,-,-,-,-,-,-,-,-,-,-,-,-,-,-,-,-,-,-,-,-,-,-,-,-,-,-,-,-,-,-,-,-,-,-,-,-,-,-,-,-,-,-,-,-,-,-,-,-,-
"Hollywood, Broward County, Florida, United States",city,https://app.monqcle.com/org/cphlr/project/drug-paraphernalia-laws-1689792283/record/75664,DPL_2025_Consolidated,2022-12-31,2024-12-31,12,1,-,-,-,ALP,-,-,-,https://codelibrary.amlegal.com/codes/hollywood/latest/hollywood_fl/0-0-0-45425,-,-,-,07/19/1989,-,-,-,-,-,-,-,07/02/2025,-,-,-,"Known, current through date published in ordinance",-,-,-,State (ARCHIVE) ,-,-,-,0,-,-,-,-,-,-,-,"Syringes, hypodermic needles, other inject/ion/ing equipment/instrument/supplies , Pipes, other smoke/ing or inhal/ing/ation equipment or supplies, Drug test/ing or check/ing equipment or supplies, Other",CHEMICAL SUBSTANCE REGULA,-,-,"Delivery, possession with intent to deliver/distribute, distribution, transfer, furnish, exchange (NEW), Possession, possession with intent to use, keep, Use, Advertising, display, Manufacturing, manufacture with intent to deliver or sell",CHEMICAL SUBSTANCE REGULA,-,-,"Unspecified Fine (NEW), Incarceration (NEW)","§ 10.99 GENERAL PENALTY,CHEMICAL SUBSTANCE REGULA",-,-,None,-,-,-,-,-,-,-,-,-,-,-,-,-,-,-,-,-,-,-,-,-,-,-,-,-,-,-,-,-,-,-,-,-,-,-,-,-,-,-,-,-,-,-,-,-,-,-,-,-,-,-,-,-,-,-
"Honolulu, Honolulu County, Hawaii, United States",city,https://app.monqcle.com/org/cphlr/project/drug-paraphernalia-laws-1689792283/record/74853,DPL_2025_Consolidated,2022-12-31,2024-12-31,1,0,-,-,-,-,-,-,-,-,-,-,-,-,-,-,-,-,-,-,-,-,-,-,-,-,-,-,-,-,-,-,-,-,-,-,-,-,-,-,-,-,-,-,-,-,-,-,-,-,-,-,-,-,-,-,-,-,-,-,-,-,-,-,-,-,-,-,-,-,-,-,-,-,-,-,-,-,-,-,-,-,-,-,-,-,-,-,-,-,-,-,-,-,-,-,-,-,-,-,-,-,-,-,-,-,-,-,-
"Honolulu, Honolulu County, Hawaii, United States",city,https://app.monqcle.com/org/cphlr/project/drug-paraphernalia-laws-1689792283/record/63826,DPL_2023_Consolidated,2022-12-31,2023-01-01,1,0,-,-,-,-,-,-,-,-,-,-,-,-,-,-,-,-,-,-,-,-,-,-,-,-,-,-,-,-,-,-,-,-,-,-,-,-,-,-,-,-,-,-,-,-,-,-,-,-,-,-,-,-,-,-,-,-,-,-,-,-,-,-,-,-,-,-,-,-,-,-,-,-,-,-,-,-,-,-,-,-,-,-,-,-,-,-,-,-,-,-,-,-,-,-,-,-,-,-,-,-,-,-,-,-,-,-,-
"Hoover, Jefferson County, Alabama, United States",city,https://app.monqcle.com/org/cphlr/project/drug-paraphernalia-laws-1689792283/record/62780,DPL_2023_Consolidated,2022-12-31,2023-01-01,1,0,-,-,-,-,-,-,-,-,-,-,-,-,-,-,-,-,-,-,-,-,-,-,-,-,-,-,-,-,-,-,-,-,-,-,-,-,-,-,-,-,-,-,-,-,-,-,-,-,-,-,-,-,-,-,-,-,-,-,-,-,-,-,-,-,-,-,-,-,-,-,-,-,-,-,-,-,-,-,-,-,-,-,-,-,-,-,-,-,-,-,-,-,-,-,-,-,-,-,-,-,-,-,-,-,-,-,-
"Hoover, Jefferson County, Alabama, United States",city,https://app.monqcle.com/org/cphlr/project/drug-paraphernalia-laws-1689792283/record/77248,DPL_2025_Consolidated,2022-12-31,2024-12-31,1,0,-,-,-,-,-,-,-,-,-,-,-,-,-,-,-,-,-,-,-,-,-,-,-,-,-,-,-,-,-,-,-,-,-,-,-,-,-,-,-,-,-,-,-,-,-,-,-,-,-,-,-,-,-,-,-,-,-,-,-,-,-,-,-,-,-,-,-,-,-,-,-,-,-,-,-,-,-,-,-,-,-,-,-,-,-,-,-,-,-,-,-,-,-,-,-,-,-,-,-,-,-,-,-,-,-,-,-
"Houston, Harris County, Texas, United States",city,https://app.monqcle.com/org/cphlr/project/drug-paraphernalia-laws-1689792283/record/73728,DPL_2025_Consolidated,2022-12-31,2024-12-31,1,0,-,-,-,-,-,-,-,-,-,-,-,-,-,-,-,-,-,-,-,-,-,-,-,-,-,-,-,-,-,-,-,-,-,-,-,-,-,-,-,-,-,-,-,-,-,-,-,-,-,-,-,-,-,-,-,-,-,-,-,-,-,-,-,-,-,-,-,-,-,-,-,-,-,-,-,-,-,-,-,-,-,-,-,-,-,-,-,-,-,-,-,-,-,-,-,-,-,-,-,-,-,-,-,-,-,-,-
"Houston, Harris County, Texas, United States",city,https://app.monqcle.com/org/cphlr/project/drug-paraphernalia-laws-1689792283/record/63016,DPL_2023_Consolidated,2022-12-31,2022-12-31,1,0,-,-,-,-,-,-,-,-,-,-,-,-,-,-,-,-,-,-,-,-,-,-,-,-,-,-,-,-,-,-,-,-,-,-,-,-,-,-,-,-,-,-,-,-,-,-,-,-,-,-,-,-,-,-,-,-,-,-,-,-,-,-,-,-,-,-,-,-,-,-,-,-,-,-,-,-,-,-,-,-,-,-,-,-,-,-,-,-,-,-,-,-,-,-,-,-,-,-,-,-,-,-,-,-,-,-,-
"Huntington Beach, Orange County, California, United States",city,https://app.monqcle.com/org/cphlr/project/drug-paraphernalia-laws-1689792283/record/75325,DPL_2025_Consolidated,2022-12-31,2024-12-31,1,0,-,-,-,-,-,-,-,-,-,-,-,-,-,-,-,-,-,-,-,-,-,-,-,-,-,-,-,-,-,-,-,-,-,-,-,-,-,-,-,-,-,-,-,-,-,-,-,-,-,-,-,-,-,-,-,-,-,-,-,-,-,-,-,-,-,-,-,-,-,-,-,-,-,-,-,-,-,-,-,-,-,-,-,-,-,-,-,-,-,-,-,-,-,-,-,-,-,-,-,-,-,-,-,-,-,-,-
"Huntington Beach, Orange County, California, United States",city,https://app.monqcle.com/org/cphlr/project/drug-paraphernalia-laws-1689792283/record/63555,DPL_2023_Consolidated,2022-12-31,2023-01-01,1,0,-,-,-,-,-,-,-,-,-,-,-,-,-,-,-,-,-,-,-,-,-,-,-,-,-,-,-,-,-,-,-,-,-,-,-,-,-,-,-,-,-,-,-,-,-,-,-,-,-,-,-,-,-,-,-,-,-,-,-,-,-,-,-,-,-,-,-,-,-,-,-,-,-,-,-,-,-,-,-,-,-,-,-,-,-,-,-,-,-,-,-,-,-,-,-,-,-,-,-,-,-,-,-,-,-,-,-
"Huntington, Cabell County, West Virginia, United States",city,https://app.monqcle.com/org/cphlr/project/drug-paraphernalia-laws-1689792283/record/63301,DPL_2023_Consolidated,2022-12-31,2023-01-01,11,1,-,-,-,Municode,-,-,-,https://library.municode.com/wv/huntington/codes/code_of_ordinances?nodeId=CO_PTFIVEGEOFCO_ART533OFREPR_533.18PA,-,-,-,07/11/2005,-,unknown date at bottom,-,-,-,-,-,09/14/2023,-,-,-,"Known, current through date published in ordinance",-,-,-,State (ARCHIVE) ,533.18 -,-,-,-,-,-,-,-,-,-,-,"Pipes, other smoke/ing or inhal/ing/ation equipment or supplies, Other",533.18 -,"cocaine freebase kits, marijuana grow kits, roach clips, and items such as hollowed out cosmetic cases or fake pagers used to conceal illegal drugs and dealer-specific products used for preparing illegal drugs for distribution at the street level such as scales, vials, and baggies 
Miniature cocaine spoons, and cocaine vials.",-,"Possession, possession with intent to use, keep, Advertising, display, Manufacturing, manufacture with intent to deliver or sell",533.18 - PARAPHERNALIA.,-,-,Criminal (ARCHIVE) ,533.18 -,-,-,"Xylazine checking/testing equipment specifically, in the context syringe services, harm reduction programs, or supervised use sites (NEW)",533.18 -,Drug paraphernalia does not include any items traditionally used with tobacco such as pipes and rolling papers.,-,-,-,-,-,-,-,-,-,-,-,-,-,-,-,-,-,-,-,-,-,-,-,-,-,-,-,-,-,-,-,-,-,-,-,-,-,-,-,-,-,-,-,-,-,-,-,-,-,-,-,-,-
"Huntsville, Madison County, Alabama, United States",city,https://app.monqcle.com/org/cphlr/project/drug-paraphernalia-laws-1689792283/record/75297,DPL_2025_Consolidated,2022-12-31,2024-12-31,1,0,-,-,-,-,-,-,-,-,-,-,-,-,-,-,-,-,-,-,-,-,-,-,-,-,-,-,-,-,-,-,-,-,-,-,-,-,-,-,-,-,-,-,-,-,-,-,-,-,-,-,-,-,-,-,-,-,-,-,-,-,-,-,-,-,-,-,-,-,-,-,-,-,-,-,-,-,-,-,-,-,-,-,-,-,-,-,-,-,-,-,-,-,-,-,-,-,-,-,-,-,-,-,-,-,-,-,-
"Huntsville, Madison County, Alabama, United States",city,https://app.monqcle.com/org/cphlr/project/drug-paraphernalia-laws-1689792283/record/63934,DPL_2023_Consolidated,2022-12-31,2023-01-01,1,0,-,-,-,-,-,-,-,-,-,-,-,-,-,-,-,-,-,-,-,-,-,-,-,-,-,-,-,-,-,-,-,-,-,-,-,-,-,-,-,-,-,-,-,-,-,-,-,-,-,-,-,-,-,-,-,-,-,-,-,-,-,-,-,-,-,-,-,-,-,-,-,-,-,-,-,-,-,-,-,-,-,-,-,-,-,-,-,-,-,-,-,-,-,-,-,-,-,-,-,-,-,-,-,-,-,-,-
"Independence, Jackson County, Missouri, United States",city,https://app.monqcle.com/org/cphlr/project/drug-paraphernalia-laws-1689792283/record/76037,DPL_2025_JD,2023-03-20,2024-12-31,13,1,-,-,-,Municode,-,-,-,https://library.municode.com/mo/independence/codes/code_of_ordinances/408401?nodeId=CH12OFPE_ART2COSU_S12.02.003PODRPA,-,-,-,03/20/2023,-,unknown date at bottom of ordinance,-,-,-,-,-,09/24/2025,-,-,-,"Known, current through date published in ordinance",-,-,-,Both (ARCHIVE) ,-,-,-,0,-,-,-,-,-,-,-,"Syringes, hypodermic needles, other inject/ion/ing equipment/instrument/supplies , Pipes, other smoke/ing or inhal/ing/ation equipment or supplies, Drug test/ing or check/ing equipment or supplies, Other",ARTICLE 2. - CONTROLLED S,-,-,"Delivery, possession with intent to deliver/distribute, distribution, transfer, furnish, exchange (NEW), Possession, possession with intent to use, keep, Use, Manufacturing, manufacture with intent to deliver or sell",ARTICLE 2. - CONTROLLED S,-,-,"Unspecified Fine (NEW), Incarceration (NEW)",Sec. 10.04.001. -,-,-,"Paraphernalia for consumption of cannabis, generally or medical use (NEW)",ARTICLE 2. - CONTROLLED S,-,-,-,-,-,-,-,-,-,-,"Possession, Use, Distribution, Sales, Other",-,"Purchasing, Manufacturing",-,-,-,-,-,-,-,-,-,-,-,-,-,-,-,-,-,-,-,-,-,-,-,-,-,-,-,-,-,-,-,-,-,-,-,-,-,-,-,-,-
"Independence, Jackson County, Missouri, United States",city,https://app.monqcle.com/org/cphlr/project/drug-paraphernalia-laws-1689792283/record/76206,DPL_2025_PS,2023-03-20,2024-12-31,13,1,-,-,-,Municode,-,-,-,https://library.municode.com/mo/independence/codes/code_of_ordinances/408401?nodeId=CH12OFPE_ART2COSU_S12.02.003PODRPA,-,-,-,12/17/2004,-,unknown date at bottom of ordinance,-,-,-,-,-,03/20/2023,-,-,-,"Known, current through date published in ordinance",-,-,-,Both (ARCHIVE) ,-,-,-,0,-,-,-,-,-,-,-,"Syringes, hypodermic needles, other inject/ion/ing equipment/instrument/supplies , Pipes, other smoke/ing or inhal/ing/ation equipment or supplies, Drug test/ing or check/ing equipment or supplies, Other",ARTICLE 2. - CONTROLLED S,-,-,"Delivery, possession with intent to deliver/distribute, distribution, transfer, furnish, exchange (NEW), Possession, possession with intent to use, keep, Use, Manufacturing, manufacture with intent to deliver or sell",ARTICLE 2. - CONTROLLED S,-,-,"Unspecified Fine (NEW), Incarceration (NEW)",Sec. 10.04.001. -,-,-,"Paraphernalia for consumption of cannabis, generally or medical use (NEW)",ARTICLE 2. - CONTROLLED S,-,-,-,-,-,-,-,-,-,-,"Possession, Use, Distribution, Other",-,manufacture,-,-,-,-,-,-,-,-,-,-,-,-,-,-,-,-,-,-,-,-,-,-,-,-,-,-,-,-,-,-,-,-,-,-,-,-,-,-,-,-,-
"Independence, Jackson County, Missouri, United States",city,https://app.monqcle.com/org/cphlr/project/drug-paraphernalia-laws-1689792283/record/76279,DPL_2025_Consolidated,2023-03-20,2024-12-31,13,1,-,-,-,Municode,-,-,-,https://library.municode.com/mo/independence/codes/code_of_ordinances/408401?nodeId=CH12OFPE_ART2COSU_S12.02.003PODRPA,-,-,-,03/20/2023,-,unknown date at bottom of ordinance,-,-,-,-,-,09/24/2025,-,-,-,"Known, current through date published in ordinance",-,-,-,Both (ARCHIVE) ,-,-,-,0,-,-,-,-,-,-,-,"Syringes, hypodermic needles, other inject/ion/ing equipment/instrument/supplies , Pipes, other smoke/ing or inhal/ing/ation equipment or supplies, Drug test/ing or check/ing equipment or supplies, Other",ARTICLE 2. - CONTROLLED S,-,-,"Delivery, possession with intent to deliver/distribute, distribution, transfer, furnish, exchange (NEW), Possession, possession with intent to use, keep, Use, Manufacturing, manufacture with intent to deliver or sell",ARTICLE 2. - CONTROLLED S,-,-,"Unspecified Fine (NEW), Incarceration (NEW)",Sec. 10.04.001. -,-,-,"Paraphernalia for consumption of cannabis, generally or medical use (NEW)",ARTICLE 2. - CONTROLLED S,-,-,-,-,-,-,-,-,-,-,"Possession, Use, Distribution, Sales, Other",-,"Purchasing, Manufacturing",-,-,-,-,-,-,-,-,-,-,-,-,-,-,-,-,-,-,-,-,-,-,-,-,-,-,-,-,-,-,-,-,-,-,-,-,-,-,-,-,-
"Independence, Jackson County, Missouri, United States",city,https://app.monqcle.com/org/cphlr/project/drug-paraphernalia-laws-1689792283/record/64069,DPL_2023_Consolidated,2022-12-31,2023-01-01,11,1,-,-,-,Municode,-,-,-,https://library.municode.com/mo/independence/codes/code_of_ordinances/408401?nodeId=CH12OFPE_ART2COSU_S12.02.003PODRPA,-,-,-,12/17/2004,-,unknown date at bottom of ordinance,-,-,-,-,-,03/20/2023,-,-,-,"Known, current through date published in ordinance",-,-,-,Both (ARCHIVE) ,"ARTICLE 2. -,ARTICLE 2. -",-,-,-,-,-,-,-,-,-,-,"Syringes, hypodermic needles, other inject/ion/ing equipment/instrument/supplies , Pipes, other smoke/ing or inhal/ing/ation equipment or supplies, Drug test/ing or check/ing equipment or supplies, Other","ARTICLE 2. -,ARTICLE 2. - CONTROLLED S",-,-,"Non-sale distribution/delivery (ARCHIVE), Possession, possession with intent to use, keep, Use, Advertising, display, Manufacturing, manufacture with intent to deliver or sell",ARTICLE 2. -,-,-,Criminal (ARCHIVE) ,Sec. 10.04.001. -,-,-,None,-,-,-,-,-,-,-,-,-,-,-,-,-,-,-,-,-,-,-,-,-,-,-,-,-,-,-,-,-,-,-,-,-,-,-,-,-,-,-,-,-,-,-,-,-,-,-,-,-,-,-,-,-,-,-
"Independence, Jackson County, Missouri, United States",city,https://app.monqcle.com/org/cphlr/project/drug-paraphernalia-laws-1689792283/record/76270,DPL_2025_Consolidated,2022-12-31,2023-03-19,12,1,-,-,-,Municode,-,-,-,https://library.municode.com/mo/independence/codes/code_of_ordinances/408401?nodeId=CH12OFPE_ART2COSU_S12.02.003PODRPA,-,-,-,12/17/2004,-,unknown date at bottom of ordinance,-,-,-,-,-,03/20/2023,-,-,-,"Known, current through date published in ordinance",-,-,-,Both (ARCHIVE) ,-,-,-,0,-,-,-,-,-,-,-,"Syringes, hypodermic needles, other inject/ion/ing equipment/instrument/supplies , Pipes, other smoke/ing or inhal/ing/ation equipment or supplies, Drug test/ing or check/ing equipment or supplies, Other",ARTICLE 2. - CONTROLLED S,-,-,"Delivery, possession with intent to deliver/distribute, distribution, transfer, furnish, exchange (NEW), Possession, possession with intent to use, keep, Use, Manufacturing, manufacture with intent to deliver or sell",ARTICLE 2. -,-,-,"Unspecified Fine (NEW), Incarceration (NEW)",Sec. 10.04.001. -,-,-,None,-,-,-,-,-,-,-,-,-,-,-,-,-,-,-,-,-,-,-,-,-,-,-,-,-,-,-,-,-,-,-,-,-,-,-,-,-,-,-,-,-,-,-,-,-,-,-,-,-,-,-,-,-,-,-
Indio,city,https://app.monqcle.com/org/cphlr/project/drug-paraphernalia-laws-1689792283/record/63043,DPL_2023_Consolidated,2022-12-31,2023-01-01,1,0,-,-,-,-,-,-,-,-,-,-,-,-,-,-,-,-,-,-,-,-,-,-,-,-,-,-,-,-,-,-,-,-,-,-,-,-,-,-,-,-,-,-,-,-,-,-,-,-,-,-,-,-,-,-,-,-,-,-,-,-,-,-,-,-,-,-,-,-,-,-,-,-,-,-,-,-,-,-,-,-,-,-,-,-,-,-,-,-,-,-,-,-,-,-,-,-,-,-,-,-,-,-,-,-,-,-,-
"Indio, Riverside County, California, United States",city,https://app.monqcle.com/org/cphlr/project/drug-paraphernalia-laws-1689792283/record/76753,DPL_2025_Consolidated,2022-12-31,2024-12-31,1,0,-,-,-,-,-,-,-,-,-,-,-,-,-,-,-,-,-,-,-,-,-,-,-,-,-,-,-,-,-,-,-,-,-,-,-,-,-,-,-,-,-,-,-,-,-,-,-,-,-,-,-,-,-,-,-,-,-,-,-,-,-,-,-,-,-,-,-,-,-,-,-,-,-,-,-,-,-,-,-,-,-,-,-,-,-,-,-,-,-,-,-,-,-,-,-,-,-,-,-,-,-,-,-,-,-,-,-
"Inglewood, Los Angeles County, California, United States",city,https://app.monqcle.com/org/cphlr/project/drug-paraphernalia-laws-1689792283/record/63488,DPL_2023_Consolidated,2022-12-31,2023-01-01,1,0,-,-,-,-,-,-,-,-,-,-,-,-,-,-,-,-,-,-,-,-,-,-,-,-,-,-,-,-,-,-,-,-,-,-,-,-,-,-,-,-,-,-,-,-,-,-,-,-,-,-,-,-,-,-,-,-,-,-,-,-,-,-,-,-,-,-,-,-,-,-,-,-,-,-,-,-,-,-,-,-,-,-,-,-,-,-,-,-,-,-,-,-,-,-,-,-,-,-,-,-,-,-,-,-,-,-,-
"Inglewood, Los Angeles County, California, United States",city,https://app.monqcle.com/org/cphlr/project/drug-paraphernalia-laws-1689792283/record/76582,DPL_2025_Consolidated,2022-12-31,2024-12-31,1,0,-,-,-,-,-,-,-,-,-,-,-,-,-,-,-,-,-,-,-,-,-,-,-,-,-,-,-,-,-,-,-,-,-,-,-,-,-,-,-,-,-,-,-,-,-,-,-,-,-,-,-,-,-,-,-,-,-,-,-,-,-,-,-,-,-,-,-,-,-,-,-,-,-,-,-,-,-,-,-,-,-,-,-,-,-,-,-,-,-,-,-,-,-,-,-,-,-,-,-,-,-,-,-,-,-,-,-
"Iowa City, Johnson County, Iowa, United States",city,https://app.monqcle.com/org/cphlr/project/drug-paraphernalia-laws-1689792283/record/63503,DPL_2023_Consolidated,2022-12-31,2023-01-01,1,0,-,-,-,-,-,-,-,-,-,-,-,-,-,-,-,-,-,-,-,-,-,-,-,-,-,-,-,-,-,-,-,-,-,-,-,-,-,-,-,-,-,-,-,-,-,-,-,-,-,-,-,-,-,-,-,-,-,-,-,-,-,-,-,-,-,-,-,-,-,-,-,-,-,-,-,-,-,-,-,-,-,-,-,-,-,-,-,-,-,-,-,-,-,-,-,-,-,-,-,-,-,-,-,-,-,-,-
"Iowa City, Johnson County, Iowa, United States",city,https://app.monqcle.com/org/cphlr/project/drug-paraphernalia-laws-1689792283/record/77150,DPL_2025_Consolidated,2022-12-31,2024-12-31,1,0,-,-,-,-,-,-,-,-,-,-,-,-,-,-,-,-,-,-,-,-,-,-,-,-,-,-,-,-,-,-,-,-,-,-,-,-,-,-,-,-,-,-,-,-,-,-,-,-,-,-,-,-,-,-,-,-,-,-,-,-,-,-,-,-,-,-,-,-,-,-,-,-,-,-,-,-,-,-,-,-,-,-,-,-,-,-,-,-,-,-,-,-,-,-,-,-,-,-,-,-,-,-,-,-,-,-,-
"Irvine, Orange County, California, United States",city,https://app.monqcle.com/org/cphlr/project/drug-paraphernalia-laws-1689792283/record/63975,DPL_2023_Consolidated ,2022-12-31,2023-01-01,1,0,-,-,-,-,-,-,-,-,-,-,-,-,-,-,-,-,-,-,-,-,-,-,-,-,-,-,-,-,-,-,-,-,-,-,-,-,-,-,-,-,-,-,-,-,-,-,-,-,-,-,-,-,-,-,-,-,-,-,-,-,-,-,-,-,-,-,-,-,-,-,-,-,-,-,-,-,-,-,-,-,-,-,-,-,-,-,-,-,-,-,-,-,-,-,-,-,-,-,-,-,-,-,-,-,-,-,-
"Irvine, Orange County, California, United States",city,https://app.monqcle.com/org/cphlr/project/drug-paraphernalia-laws-1689792283/record/75217,DPL_2025_Consolidated,2022-12-31,2024-12-31,1,0,-,-,-,-,-,-,-,-,-,-,-,-,-,-,-,-,-,-,-,-,-,-,-,-,-,-,-,-,-,-,-,-,-,-,-,-,-,-,-,-,-,-,-,-,-,-,-,-,-,-,-,-,-,-,-,-,-,-,-,-,-,-,-,-,-,-,-,-,-,-,-,-,-,-,-,-,-,-,-,-,-,-,-,-,-,-,-,-,-,-,-,-,-,-,-,-,-,-,-,-,-,-,-,-,-,-,-
"Irving, Dallas County, Texas, United States",city,https://app.monqcle.com/org/cphlr/project/drug-paraphernalia-laws-1689792283/record/75478,DPL_2_2025_Consolidated,2022-12-31,2024-12-31,12,1,-,-,-,Ecode 360 ,-,-,-,https://ecode360.com/45699353?&searchId=1531373630299002#45699353,-,-,-,09/09/2010,-,-,-,-,-,-,-,07/31/2025,-,-,-,"Known, current through date published in ordinance",-,-,-,Both (ARCHIVE) ,-,-,-,0,-,-,-,-,-,-,-,"Syringes, hypodermic needles, other inject/ion/ing equipment/instrument/supplies , Pipes, other smoke/ing or inhal/ing/ation equipment or supplies, Other",ARTICLE VIII ILLEGAL SMOK,"Salvinorin A: Contained within the Salvia Divinorum plant, whether growing or not; or possessed as an extract, compound, manufacture, derivative, mixture, or preparation of such plant;

(2) 

2-[(1R, 3S)-3-hydroxycyclohexyl}-5-(2-methylocatan-2-yl) phenol (also known as CP 47, 497) and homologues;

(3) 

1-pentyl-3-(1-naphthoyl) indole (also known as JWH-018);

(4) 

1-butyl-3-(1-naphthoyl) indole (also known as JWH-073); or

(5) 

1-pentyl-3-(4-methoxynaphtholy) indole (also known as JWH-081)",-,"Possession, possession with intent to use, keep, Use",ARTICLE VIII ILLEGAL SMOK,-,-,Criminal Fine (NEW),ARTICLE VIII ILLEGAL SMOK,-,-,"Syringes for approved medical use (i.e. diabetes) , Other paraphernalia for approved medical use, Public officials in the course of their duties, generally, Other",ARTICLE VIII ILLEGAL SMOK,Is a portion of a religious undertaking or activity of a religious denomination in which they have long standing historic membership supported by documentation from clergy or a spiritual leader recognized by the State of Texas if the person charged with a violation of this article can provide proper and complete historic documentation of this; or,-,-,-,-,-,-,-,-,-,-,-,-,-,-,-,-,-,-,-,-,-,-,-,-,-,-,-,-,-,-,-,-,-,-,-,-,-,-,-,-,-,-,-,-,-,-,-,-,-,-,-,-,-
"Irving, Dallas County, Texas, United States",city,https://app.monqcle.com/org/cphlr/project/drug-paraphernalia-laws-1689792283/record/63468,DPL_2023_Consolidated,2022-12-31,2023-01-01,11,1,-,-,-,Municode,-,-,-,https://library.municode.com/tx/irving/codes/code_of_ordinances?nodeId=PTIITHCO_CH24OFIS_ARTVIDRPA,-,-,-,03/05/1981,-,unknown date at bottom of ordinance,-,-,-,-,-,10/10/2023,-,-,-,"Known, current through date published in ordinance",-,-,-,Both (ARCHIVE) ,"ARTICLE VI. - DRUG P...,ARTICLE VI. - DRUG P...",-,-,-,-,-,-,-,-,-,-,"Syringes, hypodermic needles, other inject/ion/ing equipment/instrument/supplies , Pipes, other smoke/ing or inhal/ing/ation equipment or supplies, Drug test/ing or check/ing equipment or supplies, Other",ARTICLE VI. - DRUG PARAPH,-,-,"Sales (ARCHIVE), Non-sale distribution/delivery (ARCHIVE), Possession, possession with intent to use, keep, Use, Manufacturing, manufacture with intent to deliver or sell, Other",ARTICLE VI. - DRUG PARAPH,"offer for sale, sale is considered a nuisance",-,"Civil (ARCHIVE), Criminal (ARCHIVE) ",ARTICLE VI. - DRUG P...,-,-,None,-,-,-,-,-,-,-,-,-,-,-,-,-,-,-,-,-,-,-,-,-,-,-,-,-,-,-,-,-,-,-,-,-,-,-,-,-,-,-,-,-,-,-,-,-,-,-,-,-,-,-,-,-,-,-
"Irving, Dallas County, Texas, United States",city,https://app.monqcle.com/org/cphlr/project/drug-paraphernalia-laws-1689792283/record/75477,DPL_2025_Consolidated,2022-12-31,2024-12-31,12,1,-,-,-,Municode,-,-,-,https://library.municode.com/tx/irving/codes/code_of_ordinances?nodeId=PTIITHCO_CH24OFIS_ARTVIDRPA,-,-,-,03/05/1981,-,unknown date at bottom of ordinance,-,-,-,-,-,07/31/2025,-,-,-,"Known, current through date published in ordinance",-,-,-,Both (ARCHIVE) ,-,-,-,0,-,-,-,-,-,-,-,"Syringes, hypodermic needles, other inject/ion/ing equipment/instrument/supplies , Pipes, other smoke/ing or inhal/ing/ation equipment or supplies, Drug test/ing or check/ing equipment or supplies, Other",ARTICLE VI. - DRUG PARAPH,-,-,"Sales, possession with intent to sell, offer for sale (NEW), Delivery, possession with intent to deliver/distribute, distribution, transfer, furnish, exchange (NEW), Possession, possession with intent to use, keep, Use, Manufacturing, manufacture with intent to deliver or sell",ARTICLE VI. - DRUG PARAPH,sales is a nuisance ,-,"Misdemeanor (NEW), Unspecified Fine (NEW)",ARTICLE VI. - DRUG P...,-,-,None,-,-,-,-,-,-,-,-,-,-,-,-,-,-,-,-,-,-,-,-,-,-,-,-,-,-,-,-,-,-,-,-,-,-,-,-,-,-,-,-,-,-,-,-,-,-,-,-,-,-,-,-,-,-,-
"Irving, Dallas County, Texas, United States",city,https://app.monqcle.com/org/cphlr/project/drug-paraphernalia-laws-1689792283/record/75088,DPL_2_2025_JD,2022-12-31,2024-12-31,11,1,-,-,-,Ecode 360,-,-,-,https://ecode360.com/45699361?highlight=pipe&searchId=1443456612941333,-,-,-,09/09/2010,-,-,-,-,-,-,-,07/31/2025,-,-,-,"Known, current through date published in ordinance",-,-,-,-,-,-,-,0,-,-,-,-,-,-,-,"Syringes, hypodermic needles, other inject/ion/ing equipment/instrument/supplies , Pipes, other smoke/ing or inhal/ing/ation equipment or supplies, Other",ARTICLE VIII ILLEGAL SMOK,-,-,"Possession, possession with intent to use, keep, Use",ARTICLE VIII ILLEGAL SMOK,-,-,Criminal Fine (NEW),ARTICLE VIII ILLEGAL SMOK,-,-,"Syringes for approved medical use (i.e. diabetes) , Other paraphernalia for approved medical use, Public officials in the course of their duties, generally, Other",ARTICLE VIII ILLEGAL SMOK,Religious undertaking,-,-,-,-,-,-,-,-,-,-,-,-,-,-,-,-,-,-,-,-,-,-,-,-,-,-,-,-,-,-,-,-,-,-,-,-,-,-,-,-,-,-,-,-,-,-,-,-,-,-,-,-,-
"Jackson, Hinds County, Mississippi, United States",city,https://app.monqcle.com/org/cphlr/project/drug-paraphernalia-laws-1689792283/record/63772,DPL_2023_Consolidated,2022-12-31,2023-01-01,11,1,-,-,-,Municode,-,-,-,https://library.municode.com/ms/jackson/codes/code_of_ordinances?nodeId=COOR_CH86OFMIPR_ARTIIIDRPA,-,-,-,07/24/2012,-,-,-,-,-,-,-,07/31/2023,-,-,-,"Known, current through date published in ordinance",-,-,-,Both (ARCHIVE) ,"ARTICLE III. - DRUG ...,ARTICLE III. - DRUG ...",-,-,-,-,-,-,-,-,-,-,"Syringes, hypodermic needles, other inject/ion/ing equipment/instrument/supplies , Pipes, other smoke/ing or inhal/ing/ation equipment or supplies, Drug test/ing or check/ing equipment or supplies, Other",ARTICLE III. - DRUG PARAP,-,-,"Sales (ARCHIVE), Non-sale distribution/delivery (ARCHIVE), Possession, possession with intent to use, keep, Use, Advertising, display, Manufacturing, manufacture with intent to deliver or sell, Other",ARTICLE III. - DRUG ...,"maintain or operate any business, knowing, or under circumstances where one reasonably should know, that drug paraphernalia is displayed or sold at such business",-,"Criminal (ARCHIVE) , Forfeiture/Seizure","ARTICLE III. - DRUG ...,ARTICLE III. - DRUG ...",-,-,"Xylazine checking/testing equipment specifically, in the context syringe services, harm reduction programs, or supervised use sites (NEW), Professionals acting in their course of business [e.g. pharmacists, physicians, manufacturers]",ARTICLE III. - DRUG ...,hypodermics made lawful ,-,-,-,-,-,-,-,-,-,-,-,-,-,-,-,-,-,-,-,-,-,-,-,-,-,-,-,-,-,-,-,-,-,-,-,-,-,-,-,-,-,-,-,-,-,-,-,-,-,-,-,-,-
"Jackson, Hinds County, Mississippi, United States",city,https://app.monqcle.com/org/cphlr/project/drug-paraphernalia-laws-1689792283/record/75662,DPL_2025_Consolidated,2022-12-31,2024-12-31,12,1,-,-,-,Municode,-,-,-,https://library.municode.com/ms/jackson/codes/code_of_ordinances?nodeId=COOR_CH86OFMIPR_ARTIIIDRPA,-,-,-,07/24/2012,-,-,-,-,-,-,-,08/20/2025,-,-,-,"Known, current through date published in ordinance",-,-,-,Both (ARCHIVE) ,-,-,-,0,-,-,-,-,-,-,-,"Syringes, hypodermic needles, other inject/ion/ing equipment/instrument/supplies , Pipes, other smoke/ing or inhal/ing/ation equipment or supplies, Drug test/ing or check/ing equipment or supplies, Other",ARTICLE III. - DRUG PARAP,-,-,"Sales, possession with intent to sell, offer for sale (NEW), Delivery, possession with intent to deliver/distribute, distribution, transfer, furnish, exchange (NEW), Possession, possession with intent to use, keep, Use, Advertising, display, Manufacturing, manufacture with intent to deliver or sell",ARTICLE III. - DRUG ...,-,-,"Misdemeanor (NEW), Unspecified Fine (NEW), Incarceration (NEW), Forfeiture/Seizure","ARTICLE III. - DRUG ...,ARTICLE III. - DRUG ...",-,-,"Professionals acting in their course of business [e.g. pharmacists, physicians, manufacturers]",ARTICLE III. - DRUG ...,"This section shall not be construed to prohibit any possession, manufacture or use of hypodermics made lawful by the laws of the state or by any ordinance of the city.",-,-,-,-,-,-,-,-,-,-,-,-,-,-,-,-,-,-,-,-,-,-,-,-,-,-,-,-,-,-,-,-,-,-,-,-,-,-,-,-,-,-,-,-,-,-,-,-,-,-,-,-,-
"Jacksonville, Duval County, Florida, United States",city,https://app.monqcle.com/org/cphlr/project/drug-paraphernalia-laws-1689792283/record/74625,DPL_2025_Consolidated,2022-12-31,2024-12-31,1,0,-,-,-,-,-,-,-,-,-,-,-,-,-,-,-,-,-,-,-,-,-,-,-,-,-,-,-,-,-,-,-,-,-,-,-,-,-,-,-,-,-,-,-,-,-,-,-,-,-,-,-,-,-,-,-,-,-,-,-,-,-,-,-,-,-,-,-,-,-,-,-,-,-,-,-,-,-,-,-,-,-,-,-,-,-,-,-,-,-,-,-,-,-,-,-,-,-,-,-,-,-,-,-,-,-,-,-
"Jacksonville, Duval County, Florida, United States",city,https://app.monqcle.com/org/cphlr/project/drug-paraphernalia-laws-1689792283/record/63946,DPL_2023_Consolidated,2022-12-31,2023-01-01,1,0,-,-,-,-,-,-,-,-,-,-,-,-,-,-,-,-,-,-,-,-,-,-,-,-,-,-,-,-,-,-,-,-,-,-,-,-,-,-,-,-,-,-,-,-,-,-,-,-,-,-,-,-,-,-,-,-,-,-,-,-,-,-,-,-,-,-,-,-,-,-,-,-,-,-,-,-,-,-,-,-,-,-,-,-,-,-,-,-,-,-,-,-,-,-,-,-,-,-,-,-,-,-,-,-,-,-,-
"Jersey City, Hudson County, New Jersey, United States",city,https://app.monqcle.com/org/cphlr/project/drug-paraphernalia-laws-1689792283/record/63515,DPL_2023_Consolidated ,2022-12-31,2023-01-01,1,0,-,-,-,-,-,-,-,-,-,-,-,-,-,-,-,-,-,-,-,-,-,-,-,-,-,-,-,-,-,-,-,-,-,-,-,-,-,-,-,-,-,-,-,-,-,-,-,-,-,-,-,-,-,-,-,-,-,-,-,-,-,-,-,-,-,-,-,-,-,-,-,-,-,-,-,-,-,-,-,-,-,-,-,-,-,-,-,-,-,-,-,-,-,-,-,-,-,-,-,-,-,-,-,-,-,-,-
"Jersey City, Hudson County, New Jersey, United States",city,https://app.monqcle.com/org/cphlr/project/drug-paraphernalia-laws-1689792283/record/75191,DPL_2025_Consolidated,2022-12-31,2024-12-31,1,0,-,-,-,-,-,-,-,-,-,-,-,-,-,-,-,-,-,-,-,-,-,-,-,-,-,-,-,-,-,-,-,-,-,-,-,-,-,-,-,-,-,-,-,-,-,-,-,-,-,-,-,-,-,-,-,-,-,-,-,-,-,-,-,-,-,-,-,-,-,-,-,-,-,-,-,-,-,-,-,-,-,-,-,-,-,-,-,-,-,-,-,-,-,-,-,-,-,-,-,-,-,-,-,-,-,-,-
"Johns Creek, Fulton County, Georgia, United States",city,https://app.monqcle.com/org/cphlr/project/drug-paraphernalia-laws-1689792283/record/76841,DPL_2025_Consolidated,2022-12-31,2024-12-31,1,0,-,-,-,-,-,-,-,-,-,-,-,-,-,-,-,-,-,-,-,-,-,-,-,-,-,-,-,-,-,-,-,-,-,-,-,-,-,-,-,-,-,-,-,-,-,-,-,-,-,-,-,-,-,-,-,-,-,-,-,-,-,-,-,-,-,-,-,-,-,-,-,-,-,-,-,-,-,-,-,-,-,-,-,-,-,-,-,-,-,-,-,-,-,-,-,-,-,-,-,-,-,-,-,-,-,-,-
"Johns Creek, Fulton County, Georgia, United States",city,https://app.monqcle.com/org/cphlr/project/drug-paraphernalia-laws-1689792283/record/64083,DPL_2023_Consolidated,2022-12-31,2023-01-01,1,0,-,-,-,-,-,-,-,-,-,-,-,-,-,-,-,-,-,-,-,-,-,-,-,-,-,-,-,-,-,-,-,-,-,-,-,-,-,-,-,-,-,-,-,-,-,-,-,-,-,-,-,-,-,-,-,-,-,-,-,-,-,-,-,-,-,-,-,-,-,-,-,-,-,-,-,-,-,-,-,-,-,-,-,-,-,-,-,-,-,-,-,-,-,-,-,-,-,-,-,-,-,-,-,-,-,-,-
"Joliet, Will County, Illinois, United States",city,https://app.monqcle.com/org/cphlr/project/drug-paraphernalia-laws-1689792283/record/63033,DPL_2023_Consolidated,2022-12-31,2023-01-01,11,1,-,-,-,Municode,-,-,-,https://library.municode.com/il/joliet/codes/code_of_ordinances?nodeId=COOR_CH21OFIS_ARTIINGE_S21-14DRPA,-,-,-,12/17/2019,-,-,-,-,-,-,-,10/11/2023,-,-,-,"Known, current through date published in ordinance",-,-,-,State (ARCHIVE) ,Sec. 21-14. -,-,-,-,-,-,-,-,-,-,-,"Syringes, hypodermic needles, other inject/ion/ing equipment/instrument/supplies , Drug test/ing or check/ing equipment or supplies, Other",Sec. 21-14. - Drug paraph,-,-,"Sales (ARCHIVE), Non-sale distribution/delivery (ARCHIVE), Possession, possession with intent to use, keep, Other",Sec. 21-14. -,"keep for sale, offer for sale",-,Civil (ARCHIVE),"Sec. 21-14. - Drug paraph,Sec. 21-14. -",-,-,None,-,-,-,-,-,-,-,-,-,-,-,-,-,-,-,-,-,-,-,-,-,-,-,-,-,-,-,-,-,-,-,-,-,-,-,-,-,-,-,-,-,-,-,-,-,-,-,-,-,-,-,-,-,-,-
"Joliet, Will County, Illinois, United States",city,https://app.monqcle.com/org/cphlr/project/drug-paraphernalia-laws-1689792283/record/75903,DPL_2025_Consolidated,2022-12-31,2024-12-31,12,1,-,-,-,Municode,-,-,-,https://library.municode.com/il/joliet/codes/code_of_ordinances?nodeId=COOR_CH21OFIS_ARTIINGE_S21-14DRPA,-,-,-,12/17/2019,-,-,-,-,-,-,-,08/29/2025,-,-,-,"Known, current through date published in ordinance",-,-,-,State (ARCHIVE) ,-,-,-,0,-,-,-,-,-,-,-,"Syringes, hypodermic needles, other inject/ion/ing equipment/instrument/supplies , Drug test/ing or check/ing equipment or supplies, Other",Sec. 21-14. - Drug paraph,-,-,"Sales, possession with intent to sell, offer for sale (NEW), Delivery, possession with intent to deliver/distribute, distribution, transfer, furnish, exchange (NEW), Possession, possession with intent to use, keep",Sec. 21-14. -,-,-,Unspecified Fine (NEW),Sec. 21-14. -,-,-,None,-,-,-,-,-,-,-,-,-,-,-,-,-,-,-,-,-,-,-,-,-,-,-,-,-,-,-,-,-,-,-,-,-,-,-,-,-,-,-,-,-,-,-,-,-,-,-,-,-,-,-,-,-,-,-
"Jonesboro, Craighead County, Arkansas, United States",city,https://app.monqcle.com/org/cphlr/project/drug-paraphernalia-laws-1689792283/record/77104,DPL_2025_Consolidated,2022-12-31,2024-12-31,1,0,-,-,-,-,-,-,-,-,-,-,-,-,-,-,-,-,-,-,-,-,-,-,-,-,-,-,-,-,-,-,-,-,-,-,-,-,-,-,-,-,-,-,-,-,-,-,-,-,-,-,-,-,-,-,-,-,-,-,-,-,-,-,-,-,-,-,-,-,-,-,-,-,-,-,-,-,-,-,-,-,-,-,-,-,-,-,-,-,-,-,-,-,-,-,-,-,-,-,-,-,-,-,-,-,-,-,-
"Jonesboro, Craighead County, Arkansas, United States",city,https://app.monqcle.com/org/cphlr/project/drug-paraphernalia-laws-1689792283/record/63476,DPL_2023_Consolidated,2022-12-31,2023-01-01,1,0,-,-,-,-,-,-,-,-,-,-,-,-,-,-,-,-,-,-,-,-,-,-,-,-,-,-,-,-,-,-,-,-,-,-,-,-,-,-,-,-,-,-,-,-,-,-,-,-,-,-,-,-,-,-,-,-,-,-,-,-,-,-,-,-,-,-,-,-,-,-,-,-,-,-,-,-,-,-,-,-,-,-,-,-,-,-,-,-,-,-,-,-,-,-,-,-,-,-,-,-,-,-,-,-,-,-,-
"Jurupa Valley, Riverside County, California, United States",city,https://app.monqcle.com/org/cphlr/project/drug-paraphernalia-laws-1689792283/record/62661,DPL_2023_Consolidated,2022-12-31,2023-01-01,1,0,-,-,-,-,-,-,-,-,-,-,-,-,-,-,-,-,-,-,-,-,-,-,-,-,-,-,-,-,-,-,-,-,-,-,-,-,-,-,-,-,-,-,-,-,-,-,-,-,-,-,-,-,-,-,-,-,-,-,-,-,-,-,-,-,-,-,-,-,-,-,-,-,-,-,-,-,-,-,-,-,-,-,-,-,-,-,-,-,-,-,-,-,-,-,-,-,-,-,-,-,-,-,-,-,-,-,-
"Jurupa Valley, Riverside County, California, United States",city,https://app.monqcle.com/org/cphlr/project/drug-paraphernalia-laws-1689792283/record/76539,DPL_2025_Consolidated,2022-12-31,2024-12-31,1,0,-,-,-,-,-,-,-,-,-,-,-,-,-,-,-,-,-,-,-,-,-,-,-,-,-,-,-,-,-,-,-,-,-,-,-,-,-,-,-,-,-,-,-,-,-,-,-,-,-,-,-,-,-,-,-,-,-,-,-,-,-,-,-,-,-,-,-,-,-,-,-,-,-,-,-,-,-,-,-,-,-,-,-,-,-,-,-,-,-,-,-,-,-,-,-,-,-,-,-,-,-,-,-,-,-,-,-
"Kalamazoo, Kalamazoo County, Michigan, United States",city,https://app.monqcle.com/org/cphlr/project/drug-paraphernalia-laws-1689792283/record/77538,DPL_2025_Consolidated,2022-12-31,2024-12-31,15,1,-,-,-,Ecode 360,-,-,-,https://ecode360.com/9695593?highlight=paraphernalia&searchId=17542629108147818#search-highlight-9695593-0,-,-,-,07/18/2022,-,-,-,-,-,-,-,05/12/2025,-,-,-,"Known, current through date published in ordinance",-,-,-,State (ARCHIVE) ,-,-,-,1,"22-3 Definitions.,22-41 Drug paraphernalia.",-,-,MCLA § 333.7457(f),-,-,-,Not specified,-,Any item which is used or intended for use with a controlled substance.,-,"Sales, possession with intent to sell, offer for sale (NEW)",22-41,-,-,"Misdemeanor (NEW), Unspecified Fine (NEW), Incarceration (NEW)",22-41,-,-,"Paraphernalia for consumption of cannabis, generally or medical use (NEW), Unspecified or other paraphernalia, in the context of syringe services, harm reduction programs, or supervised use sites (NEW), Professionals acting in their course of business [e.g. pharmacists, physicians, manufacturers]","22-41,22-41 Drug paraphernalia.,22-3 Definitions.",-,-,-,-,-,-,-,-,-,-,Sales,-,-,-,-,-,-,-,-,-,-,-,-,-,-,-,-,-,-,-,-,-,-,-,-,-,-,-,-,-,-,-,-,-,-,-,Sales,-,-,-,-,-,-,-
"Kalamazoo, Kalamazoo County, Michigan, United States",city,https://app.monqcle.com/org/cphlr/project/drug-paraphernalia-laws-1689792283/record/62724,DPL_2023_Consolidated,2022-12-31,2023-01-01,11,1,-,-,-,Ecode 360,-,-,-,https://ecode360.com/9695593?highlight=paraphernalia&searchId=17542629108147818#search-highlight-9695593-0,-,-,-,07/18/2022,-,-,-,-,-,-,-,06/20/2023,-,-,-,"Known, current through date published in ordinance",-,-,-,State (ARCHIVE) ,22-3 Definitions.,-,-,-,-,-,-,-,-,-,-,Not specified,-,-,-,Sales (ARCHIVE),22-41,-,-,Criminal (ARCHIVE) ,22-41,-,-,"Paraphernalia for consumption of cannabis, generally (ARCHIVE), Syringe services or harm reduction programs specifically, supervised use sites (ARCHIVE), Xylazine checking/testing equipment specifically, in the context syringe services, harm reduction programs, or supervised use sites (NEW), Professionals acting in their course of business [e.g. pharmacists, physicians, manufacturers]","22-41 Drug paraphernalia.,22-41,22-3 Definitions.","An object sold, offered for sale, or given away by a person or agency specifically authorized by the City Commission to prevent the transmission of infectious agents, pursuant to MCLA § 333.7457(f). Authorization by the City Commission shall be valid for a period of two years.",-,-,-,-,-,-,-,-,-,-,-,-,-,-,-,-,-,-,-,-,-,-,-,-,-,-,-,-,-,-,-,-,-,-,-,-,-,-,-,-,-,-,-,-,-,-,-,-,-,-,-,-,-
"Kansas City, Jackson County, Missouri, United States",city,https://app.monqcle.com/org/cphlr/project/drug-paraphernalia-laws-1689792283/record/74953,DPL_2025_Consolidated,2022-12-31,2024-12-31,12,1,-,-,-,Municode,-,-,-,https://library.municode.com/mo/kansas_city/codes/code_of_ordinances?nodeId=COORKAMIVOII_CH50OFMIPR_ARTVIOFAGPUSA_S50-201DRPA,-,-,-,01/19/2017,-,-,-,-,-,-,-,09/30/2025,-,-,-,"Known, current through date published in ordinance",-,-,-,State (ARCHIVE) ,-,-,-,0,-,-,-,-,-,-,-,"Syringes, hypodermic needles, other inject/ion/ing equipment/instrument/supplies , Pipes, other smoke/ing or inhal/ing/ation equipment or supplies, Drug test/ing or check/ing equipment or supplies, Other",Sec. 50-201. - Drug parap,-,-,"Sales, possession with intent to sell, offer for sale (NEW), Delivery, possession with intent to deliver/distribute, distribution, transfer, furnish, exchange (NEW), Give away, give, gift, free distribution (NEW), Possession, possession with intent to use, keep, Use, Advertising, display",Sec. 50-201. - Drug parap,-,-,"Unspecified Fine (NEW), Incarceration (NEW)",Sec. 50-201. -,-,-,Other,Sec. 50-201. -, display of any drug paraphernalia at a place of display for educational or scientific purposes shall not be unlawful,-,-,-,-,-,-,-,-,-,-,-,-,-,-,-,-,-,-,-,-,-,-,-,-,-,-,-,-,-,-,-,-,-,-,-,-,-,-,-,-,-,-,-,-,-,-,-,-,-,-,-,-,-
"Kansas City, Jackson County, Missouri, United States",city,https://app.monqcle.com/org/cphlr/project/drug-paraphernalia-laws-1689792283/record/63886,DPL_2023_Consolidated,2022-12-31,2023-01-01,11,1,-,-,-,Municode,-,-,-,https://library.municode.com/mo/kansas_city/codes/code_of_ordinances?nodeId=COORKAMIVOII_CH50OFMIPR_ARTVIOFAGPUSA_S50-201DRPA,-,-,-,01/19/2017,-,-,-,-,-,-,-,11/29/2023,-,-,-,"Known, current through date published in ordinance",-,-,-,State (ARCHIVE) ,Sec. 50-201. - Drug parap,-,-,-,-,-,-,-,-,-,-,"Syringes, hypodermic needles, other inject/ion/ing equipment/instrument/supplies , Pipes, other smoke/ing or inhal/ing/ation equipment or supplies, Drug test/ing or check/ing equipment or supplies, Other",Sec. 50-201. - Drug parap,-,-,"Sales (ARCHIVE), Non-sale distribution/delivery (ARCHIVE), Possession, possession with intent to use, keep, Use, Advertising, display, Other",Sec. 50-201. - Drug parap,"Lend, rent, lease, display",-,Criminal (ARCHIVE) ,Sec. 50-201. -,-,-,"Xylazine checking/testing equipment specifically, in the context syringe services, harm reduction programs, or supervised use sites (NEW)",Sec. 50-201. -, display of any drug paraphernalia at a place of display for educational or scientific purposes shall not be unlawful,-,-,-,-,-,-,-,-,-,-,-,-,-,-,-,-,-,-,-,-,-,-,-,-,-,-,-,-,-,-,-,-,-,-,-,-,-,-,-,-,-,-,-,-,-,-,-,-,-,-,-,-,-
"Kansas City, Wyandotte County, Kansas, United States",city,https://app.monqcle.com/org/cphlr/project/drug-paraphernalia-laws-1689792283/record/75246,DPL_2025_JD,2024-10-03,2024-12-31,13,1,-,-,-,Municode ,-,-,-,https://library.municode.com/ks/wyandotte_county_-_unified_government/codes/code_of_ordinances?nodeId=CH22MIPROF_ARTVIOFAGPUMO_DIV4DRREOF_SDIIDRPASICOSU_S22-314DE,-,-,-,10/03/2024,-,-,-,-,-,-,-,06/06/2025,-,-,-,"Known, current through date published in ordinance",-,-,-,Both (ARCHIVE) ,-,-,-,0,-,-,-,-,-,-,-,"Syringes, hypodermic needles, other inject/ion/ing equipment/instrument/supplies , Pipes, other smoke/ing or inhal/ing/ation equipment or supplies, Drug test/ing or check/ing equipment or supplies, Other",Sec. 22-314. - Definition,-,-,"Delivery, possession with intent to deliver/distribute, distribution, transfer, furnish, exchange (NEW), Possession, possession with intent to use, keep, Use, Manufacturing, manufacture with intent to deliver or sell","Sec. 22-315 - 22-319 ,Sec. 22-315 - 22-319 ",-,-,"Misdemeanor (NEW), Unspecified Fine (NEW), Incarceration (NEW), Forfeiture/Seizure","Sec. 22-315 - 22-319 ,Sec. 22-315 - 22-319 ,Sec. 22-315 - 22-319 ",-,-,Drug checking/testing equipment for fentanyl or fentanyl analogues ,Sec. 22-314. - Definition,-,-,-,-,-,-,-,-,-,-,-,-,-,-,-,-,-,-,"Possession, Use, Distribution, Other",-,Manufacture,-,-,-,-,-,-,-,-,-,-,-,-,-,-,-,-,-,-,-,-,-,-,-,-,-,-,-,-,-,-,-,-,-
"Kansas City, Wyandotte County, Kansas, United States",city,https://app.monqcle.com/org/cphlr/project/drug-paraphernalia-laws-1689792283/record/75631,DPL_2025_PS,2024-10-03,2024-12-31,13,1,-,-,-,Municode ,-,-,-,https://library.municode.com/ks/wyandotte_county_-_unified_government/codes/code_of_ordinances?nodeId=CH22MIPROF_ARTVIOFAGPUMO_DIV4DRREOF_SDIIDRPASICOSU_S22-314DE,-,-,-,10/03/2024,-,-,-,-,-,-,-,06/06/2025,-,-,-,"Known, current through date published in ordinance",-,-,-,Both (ARCHIVE) ,-,-,-,0,-,-,-,-,-,-,-,"Syringes, hypodermic needles, other inject/ion/ing equipment/instrument/supplies , Pipes, other smoke/ing or inhal/ing/ation equipment or supplies, Drug test/ing or check/ing equipment or supplies, Other",Subdivision II. - Drug Pa,-,-,"Delivery, possession with intent to deliver/distribute, distribution, transfer, furnish, exchange (NEW), Possession, possession with intent to use, keep, Use, Manufacturing, manufacture with intent to deliver or sell","Subdivision II. - Dr...,Subdivision II. - Drug Pa",-,-,"Unspecified Fine (NEW), Incarceration (NEW), Forfeiture/Seizure","Subdivision II. - Drug Pa,Sec. 1-8. - General penal,Sec. 1-8. - General penal,Subdivision II. - Dr...,Subdivision II. - Dr...",-,-,Drug checking/testing equipment for fentanyl or fentanyl analogues ,Subdivision II. - Drug Pa,-,-,-,-,-,-,-,-,-,-,-,-,-,-,-,-,-,-,"Possession, Use, Distribution, Other",-,manufacturing,-,-,-,-,-,-,-,-,-,-,-,-,-,-,-,-,-,-,-,-,-,-,-,-,-,-,-,-,-,-,-,-,-
"Kansas City, Wyandotte County, Kansas, United States",city,https://app.monqcle.com/org/cphlr/project/drug-paraphernalia-laws-1689792283/record/75667,DPL_2025_Consolidated,2024-10-03,2024-12-31,13,1,-,-,-,Municode ,-,-,-,https://library.municode.com/ks/wyandotte_county_-_unified_government/codes/code_of_ordinances?nodeId=CH22MIPROF_ARTVIOFAGPUMO_DIV4DRREOF_SDIIDRPASICOSU_S22-314DE,-,-,-,10/03/2024,-,-,-,-,-,-,-,06/06/2025,-,-,-,"Known, current through date published in ordinance",-,-,-,Both (ARCHIVE) ,-,-,-,0,-,-,-,-,-,-,-,"Syringes, hypodermic needles, other inject/ion/ing equipment/instrument/supplies , Pipes, other smoke/ing or inhal/ing/ation equipment or supplies, Drug test/ing or check/ing equipment or supplies, Other",Sec. 22-314. - Definition,-,-,"Delivery, possession with intent to deliver/distribute, distribution, transfer, furnish, exchange (NEW), Possession, possession with intent to use, keep, Use, Manufacturing, manufacture with intent to deliver or sell","Sec. 22-315 - 22-319 ,Sec. 22-315 - 22-319 ",-,-,"Unspecified Fine (NEW), Incarceration (NEW), Forfeiture/Seizure","Sec. 22-315 - 22-319 ,Sec. 22-315 - 22-319 ,Sec. 22-315 - 22-319 ,Sec. 1-8. - General penal,Sec. 1-8. - General penal",-,-,Drug checking/testing equipment for fentanyl or fentanyl analogues ,Sec. 22-314. - Definition,-,-,-,-,-,-,-,-,-,-,-,-,-,-,-,-,-,-,"Possession, Use, Distribution, Other",-,Manufacture,-,-,-,-,-,-,-,-,-,-,-,-,-,-,-,-,-,-,-,-,-,-,-,-,-,-,-,-,-,-,-,-,-
"Kansas City, Wyandotte County, Kansas, United States",city,https://app.monqcle.com/org/cphlr/project/drug-paraphernalia-laws-1689792283/record/75666,DPL_2025_Consolidated,2022-12-31,2024-10-02,12,1,-,-,-,Municode ,-,-,-,https://library.municode.com/ks/wyandotte_county_-_unified_government/codes/code_of_ordinances?nodeId=CH22MIPROF_ARTVIOFAGPUMO_DIV4DRREOF_SDIIDRPASICOSU_S22-314DE,-,-,-,09/14/2017,-,-,-,-,-,-,-,10/02/2024,-,-,-,"Known, current through date published in ordinance",-,-,-,Both (ARCHIVE) ,-,-,-,0,-,-,-,-,-,-,-,"Syringes, hypodermic needles, other inject/ion/ing equipment/instrument/supplies , Pipes, other smoke/ing or inhal/ing/ation equipment or supplies, Drug test/ing or check/ing equipment or supplies, Other",Subdivision II. - Drug Pa,-,-,"Delivery, possession with intent to deliver/distribute, distribution, transfer, furnish, exchange (NEW), Possession, possession with intent to use, keep, Use, Manufacturing, manufacture with intent to deliver or sell","Sec. 22-315 - 22-319 ,Sec. 22-315 - 22-319 ",-,-,"Unspecified Fine (NEW), Incarceration (NEW), Forfeiture/Seizure","Sec. 22-315 - 22-319 ,Sec. 22-315 - 22-319 ,Sec. 22-315 - 22-319 ,Sec. 1-8. - General penal,Sec. 1-8. - General penal",-,-,None,-,-,-,-,-,-,-,-,-,-,-,-,-,-,-,-,-,-,-,-,-,-,-,-,-,-,-,-,-,-,-,-,-,-,-,-,-,-,-,-,-,-,-,-,-,-,-,-,-,-,-,-,-,-,-
"Kansas City, Wyandotte County, Kansas, United States",city,https://app.monqcle.com/org/cphlr/project/drug-paraphernalia-laws-1689792283/record/64120,DPL_2023_Consolidated ,2022-12-31,2023-01-01,11,1,-,-,-,Municode ,-,-,-,https://library.municode.com/ks/wyandotte_county_-_unified_government/codes/code_of_ordinances?nodeId=CH22MIPROF_ARTVIOFAGPUMO_DIV4DRREOF_SDIIDRPASICOSU_S22-314DE,-,-,-,09/14/2017,-,-,-,-,-,-,-,10/11/2023,-,-,-,"Known, current through date published in ordinance",-,-,-,Both (ARCHIVE) ,"Subdivision II. - Dr...,Subdivision II. - Drug Pa",-,-,-,-,-,-,-,-,-,-,"Syringes, hypodermic needles, other inject/ion/ing equipment/instrument/supplies , Pipes, other smoke/ing or inhal/ing/ation equipment or supplies, Drug test/ing or check/ing equipment or supplies, Other",Subdivision II. - Drug Pa,-,-,"Non-sale distribution/delivery (ARCHIVE), Possession, possession with intent to use, keep, Use, Manufacturing, manufacture with intent to deliver or sell","Subdivision II. - Dr...,Subdivision II. - Drug Pa",-,-,"Criminal (ARCHIVE) , Forfeiture/Seizure","Subdivision II. - Drug Pa,Subdivision II. - Dr...,Subdivision II. - Dr...",-,-,None,-,-,-,-,-,-,-,-,-,-,-,-,-,-,-,-,-,-,-,-,-,-,-,-,-,-,-,-,-,-,-,-,-,-,-,-,-,-,-,-,-,-,-,-,-,-,-,-,-,-,-,-,-,-,-
"Kennewick, Benton County, Washington, United States",city,https://app.monqcle.com/org/cphlr/project/drug-paraphernalia-laws-1689792283/record/77033,DPL_2025_PS,2023-03-22,2024-12-31,13,1,-,-,-,Municode,-,-,-,https://library.municode.com/wa/kennewick/codes/code_of_ordinances?nodeId=TIT9HESA_CH9.32DRDRPA,-,-,-,03/22/2023,-,-,-,-,-,-,-,10/23/2025,-,-,-,"Known, current through date published in ordinance",-,-,-,State (ARCHIVE) ,-,-,-,0,-,-,-,-,-,-,-,"Syringes, hypodermic needles, other inject/ion/ing equipment/instrument/supplies , Pipes, other smoke/ing or inhal/ing/ation equipment or supplies, Drug test/ing or check/ing equipment or supplies, Other",CHAPTER 9.32 -,-,-,"Sales, possession with intent to sell, offer for sale (NEW), Use, Other","CHAPTER 9.32 - DRUGS AND ,CHAPTER 9.32 - DRUGS AND ",disposal ,-,"Infraction (NEW), Misdemeanor (NEW), Unspecified Fine (NEW), Forfeiture/Seizure","CHAPTER 9.32 - DRUGS AND ,CHAPTER 9.32 -,CHAPTER 9.32 - DRUGS AND ",-,-,"Paraphernalia for consumption of cannabis, generally or medical use (NEW)",CHAPTER 9.32 - DRUGS AND ,-,-,-,-,-,-,-,-,-,-,Use,-,-,-,-,-,-,-,-,-,-,-,-,-,-,-,-,-,-,-,-,-,-,-,-,-,-,-,-,-,-,-,-,-,-,-,-,-,-,-,-,-,-,-
"Kennewick, Benton County, Washington, United States",city,https://app.monqcle.com/org/cphlr/project/drug-paraphernalia-laws-1689792283/record/76885,DPL_2025_JD,2023-03-21,2024-12-31,13,1,-,-,-,Municode,-,-,-,https://library.municode.com/wa/kennewick/codes/code_of_ordinances?nodeId=TIT9HESA_CH9.32DRDRPA,-,-,-,03/21/2023,-,-,-,-,-,-,-,03/03/2025,-,-,-,"Known, current through date published in ordinance",-,-,-,State (ARCHIVE) ,-,-,-,0,-,-,-,-,-,-,-,"Syringes, hypodermic needles, other inject/ion/ing equipment/instrument/supplies , Pipes, other smoke/ing or inhal/ing/ation equipment or supplies, Drug test/ing or check/ing equipment or supplies, Other",CHAPTER 9.32 - DRUGS AND ,-,-,"Sales, possession with intent to sell, offer for sale (NEW), Use, Other","CHAPTER 9.32 - DRUGS AND ,CHAPTER 9.32 - DRUGS AND ,CHAPTER 9.32 - DRUGS AND ",Disposal,-,"Infraction (NEW), Misdemeanor (NEW), Unspecified Fine (NEW), Forfeiture/Seizure","CHAPTER 9.32 -,CHAPTER 9.32 - DRUGS AND ,CHAPTER 9.32 - DRUGS AND ,1.12.030: - General Penal",-,-,"Paraphernalia for consumption of cannabis, generally or medical use (NEW)",CHAPTER 9.32 - DRUGS AND ,-,-,-,-,-,-,-,-,-,-,Use,-,-,-,-,-,-,-,-,-,-,-,-,-,-,-,-,-,-,-,-,-,-,-,-,-,-,-,-,-,-,-,-,-,-,-,-,-,-,-,-,-,-,-
"Kennewick, Benton County, Washington, United States",city,https://app.monqcle.com/org/cphlr/project/drug-paraphernalia-laws-1689792283/record/77322,DPL_2025_Consolidated,2023-03-21,2024-12-31,13,1,-,-,-,Municode,-,-,-,https://library.municode.com/wa/kennewick/codes/code_of_ordinances?nodeId=TIT9HESA_CH9.32DRDRPA,-,-,-,03/21/2023,-,-,-,-,-,-,-,03/03/2025,-,-,-,"Known, current through date published in ordinance",-,-,-,State (ARCHIVE) ,-,-,-,0,-,-,-,-,-,-,-,"Syringes, hypodermic needles, other inject/ion/ing equipment/instrument/supplies , Pipes, other smoke/ing or inhal/ing/ation equipment or supplies, Drug test/ing or check/ing equipment or supplies, Other",CHAPTER 9.32 - DRUGS AND ,-,-,"Sales, possession with intent to sell, offer for sale (NEW), Use, Other","CHAPTER 9.32 - DRUGS AND ,CHAPTER 9.32 - DRUGS AND ,CHAPTER 9.32 - DRUGS AND ",Disposal,-,"Infraction (NEW), Misdemeanor (NEW), Unspecified Fine (NEW), Forfeiture/Seizure","CHAPTER 9.32 - DRUGS AND ,CHAPTER 9.32 -,1.12.030: - General Penal,CHAPTER 9.32 - DRUGS AND ",-,-,"Paraphernalia for consumption of cannabis, generally or medical use (NEW)",CHAPTER 9.32 - DRUGS AND ,-,-,-,-,-,-,-,-,-,-,Use,-,-,-,-,-,-,-,-,-,-,-,-,-,-,-,-,-,-,-,-,-,-,-,-,-,-,-,-,-,-,-,-,-,-,-,-,-,-,-,-,-,-,-
"Kennewick, Benton County, Washington, United States",city,https://app.monqcle.com/org/cphlr/project/drug-paraphernalia-laws-1689792283/record/63932,DPL_2023_Consolidated,2022-12-31,2023-01-01,11,1,-,-,-,Municode,-,-,-,https://library.municode.com/wa/kennewick/codes/code_of_ordinances?nodeId=TIT9HESA_CH9.32DRDRPA,-,-,-,06/15/2021,-,-,-,-,-,-,-,03/14/2023,-,-,-,"Known, current through date published in ordinance",-,-,-,State (ARCHIVE) ,CHAPTER 9.32 -,-,-,-,-,-,-,-,-,-,-,"Syringes, hypodermic needles, other inject/ion/ing equipment/instrument/supplies , Pipes, other smoke/ing or inhal/ing/ation equipment or supplies, Drug test/ing or check/ing equipment or supplies, Other",CHAPTER 9.32 -,-,-,"Non-sale distribution/delivery (ARCHIVE), Use, Manufacturing, manufacture with intent to deliver or sell",CHAPTER 9.32 - DRUGS AND ,-,-,"Civil (ARCHIVE), Forfeiture/Seizure","CHAPTER 9.32 - DRUGS AND ,CHAPTER 9.32 - DRUGS AND ,CHAPTER 9.32 -",-,-,"Paraphernalia for consumption of cannabis, generally (ARCHIVE)",-,-,-,-,-,-,-,-,-,-,-,-,-,-,-,-,-,-,-,-,-,-,-,-,-,-,-,-,-,-,-,-,-,-,-,-,-,-,-,-,-,-,-,-,-,-,-,-,-,-,-,-,-,-,-
"Kennewick, Benton County, Washington, United States",city,https://app.monqcle.com/org/cphlr/project/drug-paraphernalia-laws-1689792283/record/77321,DPL_2025_Consolidated,2022-12-31,2023-03-20,13,1,-,-,-,Municode,-,-,-,https://library.municode.com/wa/kennewick/codes/code_of_ordinances?nodeId=TIT9HESA_CH9.32DRDRPA,-,-,-,06/15/2021,-,-,-,-,-,-,-,03/21/2023,-,-,-,"Known, current through date published in ordinance",-,-,-,State (ARCHIVE) ,-,-,-,0,-,-,-,-,-,-,-,"Syringes, hypodermic needles, other inject/ion/ing equipment/instrument/supplies , Pipes, other smoke/ing or inhal/ing/ation equipment or supplies, Drug test/ing or check/ing equipment or supplies, Other",CHAPTER 9.32 -,-,-,"Delivery, possession with intent to deliver/distribute, distribution, transfer, furnish, exchange (NEW), Use, Manufacturing, manufacture with intent to deliver or sell",CHAPTER 9.32 - DRUGS AND ,-,-,"Misdemeanor (NEW), Forfeiture/Seizure","CHAPTER 9.32 - DRUGS AND ,CHAPTER 9.32 -",-,-,"Paraphernalia for consumption of cannabis, generally or medical use (NEW)","CHAPTER 9.32 - DRUGS AND ,CHAPTER 9.32 - DRUGS AND ",-,-,-,-,-,-,-,-,-,-,"Use, Distribution, Other",-,Manufacture,-,-,-,-,-,-,-,-,-,-,-,-,-,-,-,-,-,-,-,-,-,-,-,-,-,-,-,-,-,-,-,-,-,-,-,-,-,-,-,-,-
"Kenosha, Kenosha County, Wisconsin, United States",city,https://app.monqcle.com/org/cphlr/project/drug-paraphernalia-laws-1689792283/record/76437,DPL_2025_PS,2024-03-26,2024-12-31,16,1,-,-,-,Municode ,-,-,-,https://library.municode.com/wi/kenosha/codes/code_of_ordinances?nodeId=SUHITA_CHXIOFAGGOORCO_11.145DRPA,-,-,-,03/26/2024,-,-,-,-,-,-,-,10/27/2025,-,-,-,"Known, current through date published in ordinance",-,-,-,State (ARCHIVE) ,-,-,-,1,11.145. - Drug Parapherna,-,-,"Wis. Stats. § 961.572,",-,-,-,"Syringes, hypodermic needles, other inject/ion/ing equipment/instrument/supplies , Pipes, other smoke/ing or inhal/ing/ation equipment or supplies, Drug test/ing or check/ing equipment or supplies, Other",961.571  Definitions. In ,-,-,"Delivery, possession with intent to deliver/distribute, distribution, transfer, furnish, exchange (NEW), Possession, possession with intent to use, keep, Use, Manufacturing, manufacture with intent to deliver or sell","11.145. - Drug Parapherna,11.145. - Drug Parapherna",-,-,"Unspecified Fine (NEW), Incarceration (NEW), Forfeiture/Seizure",11.145. - Drug Parapherna,-,-,"Syringes, generally, Drug checking/testing equipment for fentanyl or fentanyl analogues , Drug checking/testing equipment for xylazine (NEW)",961.571  Definitions. In ,-,-,"Possession, Use, Distribution, Other",-,manufacture,-,-,-,-,-,-,-,-,-,-,-,-,-,"Possession, Use, Distribution, Other",-,manufacture,-,"Possession, Use, Distribution, Other",-,manufacture,-,-,-,-,-,-,-,-,-,-,-,-,-,-,-,-,-,-,-,-,-,-,-,-,-,-,-,-,-
"Kenosha, Kenosha County, Wisconsin, United States",city,https://app.monqcle.com/org/cphlr/project/drug-paraphernalia-laws-1689792283/record/76634,DPL_2025_Consolidated,2024-03-26,2024-12-31,16,1,-,-,-,Municode ,-,-,-,https://library.municode.com/wi/kenosha/codes/code_of_ordinances?nodeId=SUHITA_CHXIOFAGGOORCO_11.145DRPA,-,-,-,03/26/2024,-,-,-,-,-,-,-,10/27/2025,-,-,-,"Known, current through date published in ordinance",-,-,-,State (ARCHIVE) ,-,-,-,1,11.145. - Drug Parapherna,-,-,Wis. Stats. § 961.571,-,-,-,"Syringes, hypodermic needles, other inject/ion/ing equipment/instrument/supplies , Pipes, other smoke/ing or inhal/ing/ation equipment or supplies, Drug test/ing or check/ing equipment or supplies, Other",961.571  Definitions. In ,-,-,"Delivery, possession with intent to deliver/distribute, distribution, transfer, furnish, exchange (NEW), Possession, possession with intent to use, keep, Use, Manufacturing, manufacture with intent to deliver or sell","11.145. - Drug Parapherna,11.145. - Drug Parapherna",-,-,"Unspecified Fine (NEW), Incarceration (NEW), Forfeiture/Seizure",11.145. - Drug Parapherna,-,-,"Syringes, generally, Drug checking/testing equipment for fentanyl or fentanyl analogues , Drug checking/testing equipment for xylazine (NEW)","961.571  Definitions. In ,961.571  Definitions. In ",-,-,"Possession, Use, Distribution, Other",-,Manufacturing,-,-,-,-,-,-,-,-,-,-,-,-,-,"Possession, Use, Distribution, Other",-,Manufacturing,-,"Possession, Use, Distribution, Other",-,Manufacturing,-,-,-,-,-,-,-,-,-,-,-,-,-,-,-,-,-,-,-,-,-,-,-,-,-,-,-,-,-
"Kenosha, Kenosha County, Wisconsin, United States",city,https://app.monqcle.com/org/cphlr/project/drug-paraphernalia-laws-1689792283/record/76439,DPL_2025_JD,2024-03-26,2024-12-31,16,1,-,-,-,Municode ,-,-,-,https://library.municode.com/wi/kenosha/codes/code_of_ordinances?nodeId=SUHITA_CHXIOFAGGOORCO_11.145DRPA,-,-,-,03/26/2024,-,-,-,-,-,-,-,10/27/2025,-,-,-,"Known, current through date published in ordinance",-,-,-,State (ARCHIVE) ,-,-,-,1,11.145. - Drug Parapherna,-,-,Wis. Stats. § 961.571,-,-,-,"Syringes, hypodermic needles, other inject/ion/ing equipment/instrument/supplies , Pipes, other smoke/ing or inhal/ing/ation equipment or supplies, Drug test/ing or check/ing equipment or supplies, Other",961.571  Definitions. In ,-,-,"Delivery, possession with intent to deliver/distribute, distribution, transfer, furnish, exchange (NEW), Possession, possession with intent to use, keep, Use, Manufacturing, manufacture with intent to deliver or sell","11.145. - Drug Parapherna,11.145. - Drug Parapherna",-,-,"Unspecified Fine (NEW), Incarceration (NEW), Forfeiture/Seizure",11.145. - Drug Parapherna,-,-,"Syringes, generally, Drug checking/testing equipment for fentanyl or fentanyl analogues , Drug checking/testing equipment for xylazine (NEW)","961.571  Definitions. In ,961.571  Definitions. In ",-,-,"Possession, Use, Distribution, Other",-,Manufacturing,-,-,-,-,-,-,-,-,-,-,-,-,-,"Possession, Use, Distribution, Other",-,Manufacturing,-,"Possession, Use, Distribution, Other",-,-,-,-,-,-,-,-,-,-,-,-,-,-,-,-,-,-,-,-,-,-,-,-,-,-,-,-,-,-,-
"Kenosha, Kenosha County, Wisconsin, United States",city,https://app.monqcle.com/org/cphlr/project/drug-paraphernalia-laws-1689792283/record/63510,DPL_2023_Consolidated,2022-12-31,2023-01-01,11,1,-,-,-,Municode ,-,-,-,https://library.municode.com/wi/kenosha/codes/code_of_ordinances?nodeId=SUHITA_CHXIOFAGGOORCO_11.145DRPA,-,-,-,02/17/2016,-,-,-,-,-,-,-,12/06/2023,-,-,-,"Known, current through date published in ordinance",-,-,-,State (ARCHIVE) ,11.145. - Drug Parapherna,-,-,-,-,-,-,-,-,-,-,"Syringes, hypodermic needles, other inject/ion/ing equipment/instrument/supplies , Pipes, other smoke/ing or inhal/ing/ation equipment or supplies, Drug test/ing or check/ing equipment or supplies, Other",961.571  Definitions. In ,-,-,"Non-sale distribution/delivery (ARCHIVE), Possession, possession with intent to use, keep, Use, Manufacturing, manufacture with intent to deliver or sell","11.145. - Drug Parapherna,11.145. - Drug Parapherna",-,-,"Criminal (ARCHIVE) , Forfeiture/Seizure",11.145. - Drug Parapherna,-,-,"Syringes, generally, Drug checking/testing equipment for fentanyl or fentanyl analogues ",961.571  Definitions. In ,-,-,-,-,-,-,-,-,-,-,-,-,-,-,-,-,-,-,-,-,-,-,-,-,-,-,-,-,-,-,-,-,-,-,-,-,-,-,-,-,-,-,-,-,-,-,-,-,-,-,-,-,-,-
"Kenosha, Kenosha County, Wisconsin, United States",city,https://app.monqcle.com/org/cphlr/project/drug-paraphernalia-laws-1689792283/record/76633,DPL_2025_Consolidated,2022-12-31,2024-03-25,15,1,-,-,-,Municode ,-,-,-,https://library.municode.com/wi/kenosha/codes/code_of_ordinances?nodeId=SUHITA_CHXIOFAGGOORCO_11.145DRPA,-,-,-,02/17/2016,-,-,-,-,-,-,-,03/26/2024,-,-,-,"Known, current through date published in ordinance",-,-,-,State (ARCHIVE) ,-,-,-,1,11.145. - Drug Parapherna,-,-,Wis. Stats. § 961.571,-,-,-,"Syringes, hypodermic needles, other inject/ion/ing equipment/instrument/supplies , Pipes, other smoke/ing or inhal/ing/ation equipment or supplies, Drug test/ing or check/ing equipment or supplies, Other",961.571  Definitions. In ,-,-,"Delivery, possession with intent to deliver/distribute, distribution, transfer, furnish, exchange (NEW), Possession, possession with intent to use, keep, Use, Manufacturing, manufacture with intent to deliver or sell","11.145. - Drug Parapherna,11.145. - Drug Parapherna",-,-,"Unspecified Fine (NEW), Incarceration (NEW), Forfeiture/Seizure",11.145. - Drug Parapherna,-,-,"Syringes, generally, Drug checking/testing equipment for fentanyl or fentanyl analogues ",961.571  Definitions. In ,-,-,"Possession, Use, Distribution, Other",-,Manufacturing,-,-,-,-,-,-,-,-,-,-,-,-,-,"Possession, Use, Distribution, Other",-,Manufacturing,-,-,-,-,-,-,-,-,-,-,-,-,-,-,-,-,-,-,-,-,-,-,-,-,-,-,-,-,-,-,-,-,-
"Kent, King County, Washington, United States",city,https://app.monqcle.com/org/cphlr/project/drug-paraphernalia-laws-1689792283/record/74503,DPL_2025_Consolidated,2023-05-16,2024-12-31,18,1,-,-,-,Code Publishing Company ,-,-,-,https://www.codepublishing.com/WA/Kent/,-,-,-,05/16/2023,-,-,-,-,-,-,-,08/05/2025,-,-,-,"Known, current through date published in ordinance",-,-,-,State (ARCHIVE) ,-,-,-,1,"9.02.520 RCW Title 69, en,9.02.520 RCW Title 69, en",-,-,69.50.102 Drug paraphernalia – Definitions; 69.50.412 Prohibited acts: E – Penalties; 69.50.4121 Drug paraphernalia – Selling – Penalty,-,-,-,"Syringes, hypodermic needles, other inject/ion/ing equipment/instrument/supplies , Pipes, other smoke/ing or inhal/ing/ation equipment or supplies, Drug test/ing or check/ing equipment or supplies, Other",RCW 69.50.102,-,-,"Sales, possession with intent to sell, offer for sale (NEW), Delivery, possession with intent to deliver/distribute, distribution, transfer, furnish, exchange (NEW), Use, Advertising, display, Manufacturing, manufacture with intent to deliver or sell","RCW 69.50.4121,RCW 69.50.412 Prohibited ,RCW 69.50.412 Prohibited ,RCW 69.50.412 Prohibited ",-,-,"Infraction (NEW), Misdemeanor (NEW)","RCW 69.50.4121 Drug parap,RCW 69.50.412 Prohibited ",-,-,"Syringes for approved medical use (i.e. diabetes) , Paraphernalia for consumption of cannabis, generally or medical use (NEW), Syringes from syringe services, harm reduction programs, or supervised use sites (NEW), Drug checking/testing equipment, generally, Drug checking equipment, in the context of syringe services, harm reduction programs, or supervised use sites (NEW), Pipes/smoking equipment, in the context syringe services, harm reduction programs, or supervised use sites (NEW)","RCW 69.50.412,RCW 69.50.412 Prohibited ,RCW 69.50.4121 Drug parap",It is lawful for any person over the age of eighteen to possess sterile hypodermic syringes and needles for the purpose of reducing blood-borne diseases,-,-,-,-,-,"Use, Distribution",-,-,-,"Use, Distribution, Sales, Other",-,"manufacture, advertise ",-,"Use, Distribution, Sales, Other",-,"manufacture, advertise ",-,-,-,-,-,-,-,-,-,"Use, Distribution",-,-,-,-,-,-,-,-,-,-,-,-,-,-,-,"Use, Distribution",-,-,-,-,-,-,-,-,-,-,-
"Kent, King County, Washington, United States",city,https://app.monqcle.com/org/cphlr/project/drug-paraphernalia-laws-1689792283/record/74453,DPL_2025_PS,2023-05-16,2025-06-30,16,1,-,-,-,Code Publishing Company ,-,-,-,https://www.codepublishing.com/WA/Kent/,-,-,-,05/16/2023,-,-,-,-,-,-,-,08/05/2025,-,-,-,"Known, current through date published in ordinance",-,-,-,State (ARCHIVE) ,-,-,-,1,"9.02.520 RCW Title 69, en,9.02.520 RCW Title 69, en",-,-,69.50.102 Drug paraphernalia – Definitions; 69.50.412 Prohibited acts: E – Penalties; 69.50.4121 Drug paraphernalia – Selling – Penalty,-,-,-,"Syringes, hypodermic needles, other inject/ion/ing equipment/instrument/supplies , Pipes, other smoke/ing or inhal/ing/ation equipment or supplies, Drug test/ing or check/ing equipment or supplies, Other",RCW 69.50.102,-,-,"Sales, possession with intent to sell, offer for sale (NEW), Delivery, possession with intent to deliver/distribute, distribution, transfer, furnish, exchange (NEW), Use, Advertising, display, Manufacturing, manufacture with intent to deliver or sell","RCW 69.50.4121,RCW 69.50.412 Prohibited ,RCW 69.50.412 Prohibited ,RCW 69.50.412 Prohibited ",-,-,"Infraction (NEW), Misdemeanor (NEW)","RCW 69.50.4121 Drug parap,RCW 69.50.412 Prohibited ",-,-,"Syringes for approved medical use (i.e. diabetes) , Syringes from syringe services, harm reduction programs, or supervised use sites (NEW), Drug checking equipment, in the context of syringe services, harm reduction programs, or supervised use sites (NEW), Pipes/smoking equipment, in the context syringe services, harm reduction programs, or supervised use sites (NEW), Professionals acting in their course of business [e.g. pharmacists, physicians, manufacturers]","RCW 69.50.412,RCW 69.50.4121 Drug parap",It is lawful for any person over the age of eighteen to possess sterile hypodermic syringes and needles for the purpose of reducing blood-borne diseases.,-,-,-,-,-,"Possession, Distribution",-,-,-,-,-,-,-,-,-,-,-,-,-,-,-,-,-,-,-,"Possession, Distribution",-,-,-,-,-,-,-,-,-,-,-,-,-,-,-,"Possession, Distribution",-,-,-,-,-,-,-,-,-,-,-
"Kent, King County, Washington, United States",city,https://app.monqcle.com/org/cphlr/project/drug-paraphernalia-laws-1689792283/record/74502,DPL_2025_Consolidated,2022-12-31,2023-05-15,15,1,-,-,-,self-published ,-,-,-,https://www.codepublishing.com/WA/Kent/,-,-,-,02/02/2021,-,-,-,-,-,-,-,02/20/2024,-,-,-,"Known, current through date published in ordinance",-,-,-,State (ARCHIVE) ,-,-,-,1,"9.02.520 RCW Title 69, en,9.02.520 RCW Title 69, en",-,-,69.50.102 Drug paraphernalia – Definitions; 69.50.412 Prohibited acts: E – Penalties; 69.50.4121 Drug paraphernalia – Selling – Penalty,-,-,-,"Syringes, hypodermic needles, other inject/ion/ing equipment/instrument/supplies , Pipes, other smoke/ing or inhal/ing/ation equipment or supplies, Drug test/ing or check/ing equipment or supplies, Other",RCW 69.50.102,-,-,"Sales, possession with intent to sell, offer for sale (NEW), Delivery, possession with intent to deliver/distribute, distribution, transfer, furnish, exchange (NEW), Give away, give, gift, free distribution (NEW), Use, Advertising, display, Manufacturing, manufacture with intent to deliver or sell","RCW 69.50.4121 Drug parap,RCW 69.50.412 Prohibited ,RCW 69.50.412 Prohibited ,RCW 69.50.412 Prohibited ",-,-,"Infraction (NEW), Misdemeanor (NEW)","RCW 69.50.4121 Drug parap,RCW 69.50.412 Prohibited ",-,-,"Syringes for approved medical use (i.e. diabetes) , Paraphernalia for consumption of cannabis, generally or medical use (NEW), Syringes from syringe services, harm reduction programs, or supervised use sites (NEW)","RCW 69.50.412,RCW 69.50.412 Prohibited ,RCW 69.50.4121",It is lawful for any person over the age of eighteen to possess sterile hypodermic syringes and needles for the purpose of reducing blood-borne diseases.,-,-,-,-,-,Distribution,-,-,-,"Use, Distribution, Sales, Other",-,"manufacture, gives, advertise ",-,-,-,-,-,-,-,-,-,-,-,-,-,-,-,-,-,-,-,-,-,-,-,-,-,-,-,-,-,-,-,-,-,-,-,-,-,-,-,-,-
"Kent, King County, Washington, United States",city,https://app.monqcle.com/org/cphlr/project/drug-paraphernalia-laws-1689792283/record/62758,DPL_2023_Consolidated,2022-12-31,2023-01-01,11,1,-,-,-,self-published ,-,-,-,https://www.codepublishing.com/WA/Kent/,-,-,-,02/02/2021,-,-,-,-,-,-,-,02/20/2024,-,-,-,"Known, current through date published in ordinance",-,-,-,State (ARCHIVE) ,"9.02.520 RCW Title 69, entitled",-,-,-,-,-,-,-,-,-,-,"Syringes, hypodermic needles, other inject/ion/ing equipment/instrument/supplies , Pipes, other smoke/ing or inhal/ing/ation equipment or supplies, Drug test/ing or check/ing equipment or supplies, Other","9.02.520 RCW Title 69, en,RCW 69.50.102",-,-,"Sales (ARCHIVE), Non-sale distribution/delivery (ARCHIVE), Use, Advertising, display, Manufacturing, manufacture with intent to deliver or sell","RCW 69.50.4121,RCW 69.50.412 Prohibited ,9.02.520 RCW Title 69, en,RCW 69.50.412 Prohibited ,RCW 69.50.412 Prohibited ",-,-,"Civil (ARCHIVE), Criminal (ARCHIVE) ","RCW 69.50.4121 Drug parap,RCW 69.50.412 Prohibited ",-,-,"Syringes for approved medical use (i.e. diabetes) , Syringe services or harm reduction programs specifically, supervised use sites (ARCHIVE), Professionals acting in their course of business [e.g. pharmacists, physicians, manufacturers]","RCW 69.50.412,RCW 69.50.4121",It is lawful for any person over the age of eighteen to possess sterile hypodermic syringes and needles for the purpose of reducing blood-borne diseases.,-,-,-,-,-,-,-,-,-,-,-,-,-,-,-,-,-,-,-,-,-,-,-,-,-,-,-,-,-,-,-,-,-,-,-,-,-,-,-,-,-,-,-,-,-,-,-,-,-,-,-,-,-
"Killeen, Bell County, Texas, United States",city,https://app.monqcle.com/org/cphlr/project/drug-paraphernalia-laws-1689792283/record/62991,DPL_2023_Consolidated,2022-12-31,2023-01-01,1,0,-,-,-,-,-,-,-,-,-,-,-,-,-,-,-,-,-,-,-,-,-,-,-,-,-,-,-,-,-,-,-,-,-,-,-,-,-,-,-,-,-,-,-,-,-,-,-,-,-,-,-,-,-,-,-,-,-,-,-,-,-,-,-,-,-,-,-,-,-,-,-,-,-,-,-,-,-,-,-,-,-,-,-,-,-,-,-,-,-,-,-,-,-,-,-,-,-,-,-,-,-,-,-,-,-,-,-
"Killeen, Bell County, Texas, United States",city,https://app.monqcle.com/org/cphlr/project/drug-paraphernalia-laws-1689792283/record/75797,DPL_2025_Consolidated,2022-12-31,2024-12-31,1,0,-,-,-,-,-,-,-,-,-,-,-,-,-,-,-,-,-,-,-,-,-,-,-,-,-,-,-,-,-,-,-,-,-,-,-,-,-,-,-,-,-,-,-,-,-,-,-,-,-,-,-,-,-,-,-,-,-,-,-,-,-,-,-,-,-,-,-,-,-,-,-,-,-,-,-,-,-,-,-,-,-,-,-,-,-,-,-,-,-,-,-,-,-,-,-,-,-,-,-,-,-,-,-,-,-,-,-
"Kirkland, King County, Washington, United States",city,https://app.monqcle.com/org/cphlr/project/drug-paraphernalia-laws-1689792283/record/76943,DPL_2025_PS,2023-05-16,2024-12-31,17,1,-,-,-,self-published ,-,-,-,https://www.codepublishing.com/WA/Kirkland/,-,-,-,05/16/2024,-,-,-,-,-,-,-,01/07/2025,-,-,-,"Known, current through date published in ordinance",-,-,-,State (ARCHIVE) ,-,-,-,1,"11.12.120 RCW Title 69, e,11.12.120 RCW Title 69, e,11.12.120 RCW Title 69, e",-,-,RCW 69.50.102; RCW 69.50.412; RCW 69.50.4121,-,-,-,"Syringes, hypodermic needles, other inject/ion/ing equipment/instrument/supplies , Pipes, other smoke/ing or inhal/ing/ation equipment or supplies, Drug test/ing or check/ing equipment or supplies, Other",RCW 69.50.102,-,-,"Sales, possession with intent to sell, offer for sale (NEW), Delivery, possession with intent to deliver/distribute, distribution, transfer, furnish, exchange (NEW), Use, Advertising, display, Manufacturing, manufacture with intent to deliver or sell","RCW 69.50.4121,RCW 69.50.412,RCW 69.50.412 Prohibited ",-,-,"Infraction (NEW), Misdemeanor (NEW)","RCW 69.50.412,RCW 69.50.4121",-,-,"Paraphernalia for consumption of cannabis, generally or medical use (NEW), Syringes from syringe services, harm reduction programs, or supervised use sites (NEW), Drug checking equipment, in the context of syringe services, harm reduction programs, or supervised use sites (NEW), Pipes/smoking equipment, in the context syringe services, harm reduction programs, or supervised use sites (NEW), Other","RCW 69.50.412 Prohibited ,RCW 69.50.4121,RCW 69.50.412",It is lawful for any person over the age of eighteen to possess sterile hypodermic syringes and needles for the purpose of reducing blood-borne diseases,-,-,-,-,-,"Use, Distribution",-,-,-,"Use, Distribution, Sales, Other",-,manufacture,-,-,-,-,-,-,-,-,-,-,-,-,-,"Use, Distribution",-,-,-,-,-,-,-,-,-,-,-,-,-,-,-,"Use, Distribution",-,-,-,-,-,-,-,-,-,-,-
"Kirkland, King County, Washington, United States",city,https://app.monqcle.com/org/cphlr/project/drug-paraphernalia-laws-1689792283/record/77304,DPL_2025_Consolidated,2023-05-16,2024-12-31,18,1,-,-,-,Code publishing Company,-,-,-,https://www.codepublishing.com/WA/Kirkland/,-,-,-,05/16/2023,-,-,-,-,-,-,-,01/07/2025,-,-,-,"Known, current through date published in ordinance",-,-,-,State (ARCHIVE) ,-,-,-,1,"11.12.120 RCW Title 69, e,11.12.120 RCW Title 69, e",-,-,"RCW 69.50.412 Prohibited acts: E—Penalties, RCW 69.50.4121 Drug paraphernalia—Selling or giving—Penalty, RCW 69.50.102 Drug paraphernalia—Definitions.",-,-,-,"Syringes, hypodermic needles, other inject/ion/ing equipment/instrument/supplies , Pipes, other smoke/ing or inhal/ing/ation equipment or supplies, Drug test/ing or check/ing equipment or supplies, Other",RCW 69.50.102,-,-,"Sales, possession with intent to sell, offer for sale (NEW), Delivery, possession with intent to deliver/distribute, distribution, transfer, furnish, exchange (NEW), Use, Advertising, display, Manufacturing, manufacture with intent to deliver or sell","RCW 69.50.412,RCW 69.50.412 Prohibited ,RCW 69.50.4121 Drug parap",-,-,"Infraction (NEW), Misdemeanor (NEW)","RCW 69.50.4121 Drug parap,RCW 69.50.412",-,-,"Syringes for approved medical use (i.e. diabetes) , Paraphernalia for consumption of cannabis, generally or medical use (NEW), Syringes from syringe services, harm reduction programs, or supervised use sites (NEW), Drug checking/testing equipment, generally, Drug checking equipment, in the context of syringe services, harm reduction programs, or supervised use sites (NEW), Pipes/smoking equipment, in the context syringe services, harm reduction programs, or supervised use sites (NEW)","RCW 69.50.412 Prohibited ,RCW 69.50.412,RCW 69.50.4121 Drug parap",It is lawful for any person over the age of eighteen to possess sterile hypodermic syringes and needles for the purpose of reducing blood-borne diseases,-,-,-,-,-,"Use, Distribution",-,-,-,"Use, Distribution, Sales, Other",-,manufacture,-,"Use, Distribution, Sales, Other",-,manufacture,-,-,-,-,-,-,-,-,-,"Use, Distribution",-,-,-,-,-,-,-,-,-,-,-,-,-,-,-,"Use, Distribution",-,-,-,-,-,-,-,-,-,-,-
"Kirkland, King County, Washington, United States",city,https://app.monqcle.com/org/cphlr/project/drug-paraphernalia-laws-1689792283/record/76729,DPL_2025_JD,2023-05-16,2024-12-31,17,1,-,-,-,Code publishing Company,-,-,-,https://www.codepublishing.com/WA/Kirkland/,-,-,-,05/16/2023,-,-,-,-,-,-,-,01/07/2025,-,-,-,"Known, current through date published in ordinance",-,-,-,State (ARCHIVE) ,-,-,-,1,"11.12.120 RCW Title 69, e,11.12.120 RCW Title 69, e",-,-,"RCW 69.50.412 Prohibited acts: E—Penalties, RCW 69.50.4121 Drug paraphernalia—Selling or giving—Penalty, RCW 69.50.102 Drug paraphernalia—Definitions.",-,-,-,"Syringes, hypodermic needles, other inject/ion/ing equipment/instrument/supplies , Pipes, other smoke/ing or inhal/ing/ation equipment or supplies, Other",RCW 69.50.102,-,-,"Sales, possession with intent to sell, offer for sale (NEW), Delivery, possession with intent to deliver/distribute, distribution, transfer, furnish, exchange (NEW), Use, Advertising, display, Manufacturing, manufacture with intent to deliver or sell","RCW 69.50.4121 Drug parap,RCW 69.50.412 Prohibited ,RCW 69.50.412",-,-,"Infraction (NEW), Misdemeanor (NEW)","RCW 69.50.4121 Drug parap,RCW 69.50.412",-,-,"Paraphernalia for consumption of cannabis, generally or medical use (NEW), Syringes from syringe services, harm reduction programs, or supervised use sites (NEW), Drug checking equipment, in the context of syringe services, harm reduction programs, or supervised use sites (NEW), Pipes/smoking equipment, in the context syringe services, harm reduction programs, or supervised use sites (NEW), Professionals acting in their course of business [e.g. pharmacists, physicians, manufacturers]","RCW 69.50.412,RCW 69.50.412 Prohibited ,RCW 69.50.4121 Drug parap",It is lawful for any person over the age of eighteen to possess sterile hypodermic syringes and needles for the purpose of reducing blood-borne diseases,-,-,-,-,-,"Use, Distribution",-,-,-,"Use, Distribution, Sales, Other",-,Manufacture,-,-,-,-,-,-,-,-,-,-,-,-,-,"Use, Distribution",-,-,-,-,-,-,-,-,-,-,-,-,-,-,-,"Use, Distribution",-,-,-,-,-,-,-,-,-,-,-
"Kirkland, King County, Washington, United States",city,https://app.monqcle.com/org/cphlr/project/drug-paraphernalia-laws-1689792283/record/63333,DPL_2023_Consolidated,2022-12-31,2023-01-01,11,1,-,-,-,self-published ,-,-,-,https://www.codepublishing.com/WA/Kirkland/,-,-,-,07/15/2011,-,unknown date at bottom of ordinance; month and date imputed ,-,-,-,-,-,12/12/2023,-,-,-,"Known, current through date published in ordinance",-,-,-,State (ARCHIVE) ,"11.12.120 RCW Title 69, e,11.12.120 RCW Title 69, e",-,-,-,-,-,-,-,-,-,-,"Syringes, hypodermic needles, other inject/ion/ing equipment/instrument/supplies , Pipes, other smoke/ing or inhal/ing/ation equipment or supplies, Drug test/ing or check/ing equipment or supplies, Other",RCW 69.50.102,-,-,"Sales (ARCHIVE), Non-sale distribution/delivery (ARCHIVE), Use, Advertising, display, Manufacturing, manufacture with intent to deliver or sell","RCW 69.50.4121,RCW 69.50.412,RCW 69.50.412 Prohibited ",-,-,"Civil (ARCHIVE), Criminal (ARCHIVE) ","RCW 69.50.4121,RCW 69.50.412",-,-,"Syringes for approved medical use (i.e. diabetes) , Syringe services or harm reduction programs specifically, supervised use sites (ARCHIVE), Professionals acting in their course of business [e.g. pharmacists, physicians, manufacturers]","RCW 69.50.412,RCW 69.50.4121",It is lawful for any person over the age of eighteen to possess sterile hypodermic syringes and needles for the purpose of reducing blood-borne diseases,-,-,-,-,-,-,-,-,-,-,-,-,-,-,-,-,-,-,-,-,-,-,-,-,-,-,-,-,-,-,-,-,-,-,-,-,-,-,-,-,-,-,-,-,-,-,-,-,-,-,-,-,-
"Kirkland, King County, Washington, United States",city,https://app.monqcle.com/org/cphlr/project/drug-paraphernalia-laws-1689792283/record/77303,DPL_2025_Consolidated,2022-12-31,2023-05-15,15,1,-,-,-,Code Publishing Company ,-,-,-,https://www.codepublishing.com/WA/Kirkland/,-,-,-,07/15/2011,-,unknown date at bottom of ordinance; month and date imputed ,-,-,-,-,-,05/16/2023,-,-,-,"Known, current through date published in ordinance",-,-,-,State (ARCHIVE) ,-,-,-,1,"11.12.120 RCW Title 69, e,11.12.120 RCW Title 69, e,11.12.120 RCW Title 69, e",-,-,RCW 69.50.102; RCW 69.50.412; RCW 69.50.4121,-,-,-,"Syringes, hypodermic needles, other inject/ion/ing equipment/instrument/supplies , Pipes, other smoke/ing or inhal/ing/ation equipment or supplies, Drug test/ing or check/ing equipment or supplies, Other",RCW 69.50.102,-,-,"Sales, possession with intent to sell, offer for sale (NEW), Delivery, possession with intent to deliver/distribute, distribution, transfer, furnish, exchange (NEW), Give away, give, gift, free distribution (NEW), Use, Advertising, display, Manufacturing, manufacture with intent to deliver or sell","RCW 69.50.412,RCW 69.50.412 Prohibited ,RCW 69.50.4121",-,-,"Infraction (NEW), Misdemeanor (NEW)","RCW 69.50.4121,RCW 69.50.412",-,-,"Syringes for approved medical use (i.e. diabetes) , Paraphernalia for consumption of cannabis, generally or medical use (NEW), Syringes from syringe services, harm reduction programs, or supervised use sites (NEW)","RCW 69.50.4121,RCW 69.50.412 Prohibited ,RCW 69.50.412",It is lawful for any person over the age of eighteen to possess sterile hypodermic syringes and needles for the purpose of reducing blood-borne diseases,-,-,-,-,-,Distribution,-,-,-,"Use, Distribution, Sales, Other",-,"manufacture, gives ",-,-,-,-,-,-,-,-,-,-,-,-,-,-,-,-,-,-,-,-,-,-,-,-,-,-,-,-,-,-,-,-,-,-,-,-,-,-,-,-,-
"Knoxville, Knox County, Tennessee, United States",city,https://app.monqcle.com/org/cphlr/project/drug-paraphernalia-laws-1689792283/record/63331,DPL_2023_Consolidated,2022-12-31,2023-01-01,1,0,-,-,-,-,-,-,-,-,-,-,-,-,-,-,-,-,-,-,-,-,-,-,-,-,-,-,-,-,-,-,-,-,-,-,-,-,-,-,-,-,-,-,-,-,-,-,-,-,-,-,-,-,-,-,-,-,-,-,-,-,-,-,-,-,-,-,-,-,-,-,-,-,-,-,-,-,-,-,-,-,-,-,-,-,-,-,-,-,-,-,-,-,-,-,-,-,-,-,-,-,-,-,-,-,-,-,-
"Knoxville, Knox County, Tennessee, United States",city,https://app.monqcle.com/org/cphlr/project/drug-paraphernalia-laws-1689792283/record/75373,DPL_2025_Consolidated,2022-12-31,2024-12-31,1,0,-,-,-,-,-,-,-,-,-,-,-,-,-,-,-,-,-,-,-,-,-,-,-,-,-,-,-,-,-,-,-,-,-,-,-,-,-,-,-,-,-,-,-,-,-,-,-,-,-,-,-,-,-,-,-,-,-,-,-,-,-,-,-,-,-,-,-,-,-,-,-,-,-,-,-,-,-,-,-,-,-,-,-,-,-,-,-,-,-,-,-,-,-,-,-,-,-,-,-,-,-,-,-,-,-,-,-
"Lafayette, Lafayette Parish, Louisiana, United States",city,https://app.monqcle.com/org/cphlr/project/drug-paraphernalia-laws-1689792283/record/75879,DPL_2025_Consolidated,2022-12-31,2024-12-31,1,0,-,-,-,-,-,-,-,-,-,-,-,-,-,-,-,-,-,-,-,-,-,-,-,-,-,-,-,-,-,-,-,-,-,-,-,-,-,-,-,-,-,-,-,-,-,-,-,-,-,-,-,-,-,-,-,-,-,-,-,-,-,-,-,-,-,-,-,-,-,-,-,-,-,-,-,-,-,-,-,-,-,-,-,-,-,-,-,-,-,-,-,-,-,-,-,-,-,-,-,-,-,-,-,-,-,-,-
"Lafayette, Lafayette Parish, Louisiana, United States",city,https://app.monqcle.com/org/cphlr/project/drug-paraphernalia-laws-1689792283/record/63249,DPL_2023_Consolidated,2022-12-31,2023-01-01,1,0,-,-,-,-,-,-,-,-,-,-,-,-,-,-,-,-,-,-,-,-,-,-,-,-,-,-,-,-,-,-,-,-,-,-,-,-,-,-,-,-,-,-,-,-,-,-,-,-,-,-,-,-,-,-,-,-,-,-,-,-,-,-,-,-,-,-,-,-,-,-,-,-,-,-,-,-,-,-,-,-,-,-,-,-,-,-,-,-,-,-,-,-,-,-,-,-,-,-,-,-,-,-,-,-,-,-,-
"Lake Charles, Calcasieu Parish, Louisiana, United States",city,https://app.monqcle.com/org/cphlr/project/drug-paraphernalia-laws-1689792283/record/63160,DPL_2023_Consolidated,2022-12-31,2023-01-01,11,1,-,-,-,Municode,-,-,-,https://library.municode.com/la/lake_charles/codes/code_of_ordinances?nodeId=PTIITHCO_CH13OFMILAENPR_ARTIINGE_S13-26.5PODRPA,-,-,-,02/15/2017,-,-,-,-,-,-,-,09/28/2023,-,-,-,"Known, current through date published in ordinance",-,-,-,State (ARCHIVE) ,Sec. 13-26.5. -,-,-,-,-,-,-,-,-,-,-,"Syringes, hypodermic needles, other inject/ion/ing equipment/instrument/supplies , Pipes, other smoke/ing or inhal/ing/ation equipment or supplies, Drug test/ing or check/ing equipment or supplies, Other",Sec. 13-26.5. -,-,-,"Possession, possession with intent to use, keep",Sec. 13-26.5. -,-,-,Criminal (ARCHIVE) ,Sec. 13-26.5. -,-,-,None,-,-,-,-,-,-,-,-,-,-,-,-,-,-,-,-,-,-,-,-,-,-,-,-,-,-,-,-,-,-,-,-,-,-,-,-,-,-,-,-,-,-,-,-,-,-,-,-,-,-,-,-,-,-,-
"Lake Charles, Calcasieu Parish, Louisiana, United States",city,https://app.monqcle.com/org/cphlr/project/drug-paraphernalia-laws-1689792283/record/77535,DPL_2025_Consolidated,2022-12-31,2024-12-31,12,1,-,-,-,Municode,-,-,-,https://library.municode.com/la/lake_charles/codes/code_of_ordinances?nodeId=PTIITHCO_CH13OFMILAENPR_ARTIINGE_S13-26.5PODRPA,-,-,-,02/15/2017,-,-,-,-,-,-,-,08/01/2025,-,-,-,"Known, current through date published in ordinance",-,-,-,State (ARCHIVE) ,-,-,-,0,-,-,-,-,-,-,-,"Syringes, hypodermic needles, other inject/ion/ing equipment/instrument/supplies , Pipes, other smoke/ing or inhal/ing/ation equipment or supplies, Drug test/ing or check/ing equipment or supplies, Other",Sec. 13-26.5. -,-,-,"Possession, possession with intent to use, keep",Sec. 13-26.5. -,-,-,"Unspecified Fine (NEW), Incarceration (NEW)",Sec. 13-26.5. -,-,-,None,-,-,-,-,-,-,-,-,-,-,-,-,-,-,-,-,-,-,-,-,-,-,-,-,-,-,-,-,-,-,-,-,-,-,-,-,-,-,-,-,-,-,-,-,-,-,-,-,-,-,-,-,-,-,-
"Lake Forest, Orange County, California, United States",city,https://app.monqcle.com/org/cphlr/project/drug-paraphernalia-laws-1689792283/record/63526,DPL_2023_Consolidated,2022-12-31,2023-01-01,1,0,-,-,-,-,-,-,-,-,-,-,-,-,-,-,-,-,-,-,-,-,-,-,-,-,-,-,-,-,-,-,-,-,-,-,-,-,-,-,-,-,-,-,-,-,-,-,-,-,-,-,-,-,-,-,-,-,-,-,-,-,-,-,-,-,-,-,-,-,-,-,-,-,-,-,-,-,-,-,-,-,-,-,-,-,-,-,-,-,-,-,-,-,-,-,-,-,-,-,-,-,-,-,-,-,-,-,-
"Lake Forest, Orange County, California, United States",city,https://app.monqcle.com/org/cphlr/project/drug-paraphernalia-laws-1689792283/record/77271,DPL_2025_Consolidated,2022-12-31,2024-12-31,1,0,-,-,-,-,-,-,-,-,-,-,-,-,-,-,-,-,-,-,-,-,-,-,-,-,-,-,-,-,-,-,-,-,-,-,-,-,-,-,-,-,-,-,-,-,-,-,-,-,-,-,-,-,-,-,-,-,-,-,-,-,-,-,-,-,-,-,-,-,-,-,-,-,-,-,-,-,-,-,-,-,-,-,-,-,-,-,-,-,-,-,-,-,-,-,-,-,-,-,-,-,-,-,-,-,-,-,-
"Lakeland, Polk County, Florida, United States",city,https://app.monqcle.com/org/cphlr/project/drug-paraphernalia-laws-1689792283/record/63183,DPL_2023_Consolidated,2022-12-31,2023-01-01,1,0,-,-,-,-,-,-,-,-,-,-,-,-,-,-,-,-,-,-,-,-,-,-,-,-,-,-,-,-,-,-,-,-,-,-,-,-,-,-,-,-,-,-,-,-,-,-,-,-,-,-,-,-,-,-,-,-,-,-,-,-,-,-,-,-,-,-,-,-,-,-,-,-,-,-,-,-,-,-,-,-,-,-,-,-,-,-,-,-,-,-,-,-,-,-,-,-,-,-,-,-,-,-,-,-,-,-,-
"Lakewood, Jefferson County, Colorado, United States",city,https://app.monqcle.com/org/cphlr/project/drug-paraphernalia-laws-1689792283/record/63878,DPL_2023_Consolidated,2022-12-31,2023-01-01,11,1,-,-,-,Municode,-,-,-,https://library.municode.com/co/lakewood/codes/municipal_code?nodeId=TIT9PUPESA_IVOFAGPUDE_CH9.44OFREDRPA_9.44.030UNPODRPA,-,-,-,07/15/2015,-,"unknown date type at bottom of ordinance, only year given so month and day are imputed ",-,-,-,-,-,09/12/2023,-,-,-,"Known, current through date published in ordinance",-,-,-,State (ARCHIVE) ,Chapter 9.44 -,-,-,-,-,-,-,-,-,-,-,"Syringes, hypodermic needles, other inject/ion/ing equipment/instrument/supplies , Pipes, other smoke/ing or inhal/ing/ation equipment or supplies, Drug test/ing or check/ing equipment or supplies, Other",Chapter 9.44 - OFFENSES R,-,-,"Possession, possession with intent to use, keep",Chapter 9.44 - OFFENSES R,-,-,"Civil (ARCHIVE), Criminal (ARCHIVE) , Other","Chapter 9.44 -,Chapter 9.44 - OFFENSES R","if underage and in possession of marijuana paraphernalia, the Court can order the underage person to 
1. Complete a substance abuse education program approved by the Division of Behavioral Health in the Department of Human Services;

2. If determined necessary and appropriate, submit to a substance abuse assessment approved by the Division of Behavioral Health in the Department of Human Services and complete any treatment recommended by the assessment; and
3. Perform up to 24 hours of useful public service.",-,"Syringes, generally, Syringe services or harm reduction programs specifically, supervised use sites (ARCHIVE), Xylazine checking/testing equipment specifically, in the context syringe services, harm reduction programs, or supervised use sites (NEW)","Chapter 9.44 -,Chapter 9.44 - OFFENSES R"," If a hypodermic needle or syringe is on the person, and the person, either in response to the question or voluntarily, alerts the technician or first responder of that fact, a peace officer shall not arrest or cite the person pursuant to this section for the hypodermic needle or syringe for any minuscule, residual controlled substance that may be present in a used hypodermic needle or syringe, and the City Attorney shall not charge or prosecute the person pursuant to this section for the hypodermic needle or syringe for any minuscule, residual controlled substance that may be present in a used hypodermic needle or syringe.",-,-,-,-,-,-,-,-,-,-,-,-,-,-,-,-,-,-,-,-,-,-,-,-,-,-,-,-,-,-,-,-,-,-,-,-,-,-,-,-,-,-,-,-,-,-,-,-,-,-,-,-,-
"Lakewood, Jefferson County, Colorado, United States",city,https://app.monqcle.com/org/cphlr/project/drug-paraphernalia-laws-1689792283/record/75663,DPL_2025_Consolidated,2022-12-31,2024-12-31,15,1,-,-,-,Municode,-,-,-,https://library.municode.com/co/lakewood/codes/municipal_code?nodeId=TIT9PUPESA_IVOFAGPUDE_CH9.44OFREDRPA_9.44.030UNPODRPA,-,-,-,07/15/2015,-,"unknown date type at bottom of ordinance, only year given so month and day are imputed ",-,-,-,-,-,09/15/2025,-,-,-,"Known, current through date published in ordinance",-,-,-,State (ARCHIVE) ,-,-,-,0,-,-,-,-,-,-,-,"Syringes, hypodermic needles, other inject/ion/ing equipment/instrument/supplies , Pipes, other smoke/ing or inhal/ing/ation equipment or supplies, Drug test/ing or check/ing equipment or supplies, Other","Chapter 9.44 - OFFENSES R,Chapter 9.44 - OFFENSES R",-,-,"Possession, possession with intent to use, keep",Chapter 9.44 - OFFENSES R,-,-,Unspecified Fine (NEW),Chapter 9.44 -,-,-,"Syringes from syringe services, harm reduction programs, or supervised use sites (NEW), Drug checking equipment, in the context of syringe services, harm reduction programs, or supervised use sites (NEW), Pipes/smoking equipment, in the context syringe services, harm reduction programs, or supervised use sites (NEW), Other","Chapter 9.44 - OFFENSES R,Chapter 9.44 -"," If a hypodermic needle or syringe is on the person, and the person, either in response to the question or voluntarily, alerts the technician or first responder of that fact, a peace officer shall not arrest or cite the person pursuant to this section for the hypodermic needle or syringe for any minuscule, residual controlled substance that may be present in a used hypodermic needle or syringe, and the City Attorney shall not charge or prosecute the person pursuant to this section for the hypodermic needle or syringe for any minuscule, residual controlled substance that may be present in a used hypodermic needle or syringe.",-,-,-,-,-,Possession,-,-,-,-,-,-,-,-,-,-,-,-,-,-,-,-,-,-,-,Possession,-,-,-,-,-,-,-,-,-,-,-,-,-,-,-,Possession,-,-,-,-,-,-,-,-,-,-,-
"Lakewood, Los Angeles County, California, United States",city,https://app.monqcle.com/org/cphlr/project/drug-paraphernalia-laws-1689792283/record/77449,DPL_2025_Consolidated,2022-12-31,2024-12-31,1,0,-,-,-,-,-,-,-,-,-,-,-,-,-,-,-,-,-,-,-,-,-,-,-,-,-,-,-,-,-,-,-,-,-,-,-,-,-,-,-,-,-,-,-,-,-,-,-,-,-,-,-,-,-,-,-,-,-,-,-,-,-,-,-,-,-,-,-,-,-,-,-,-,-,-,-,-,-,-,-,-,-,-,-,-,-,-,-,-,-,-,-,-,-,-,-,-,-,-,-,-,-,-,-,-,-,-,-
"Lakewood, Los Angeles County, California, United States",city,https://app.monqcle.com/org/cphlr/project/drug-paraphernalia-laws-1689792283/record/63908,DPL_2023_Consolidated,2022-12-31,2023-01-01,1,0,-,-,-,-,-,-,-,-,-,-,-,-,-,-,-,-,-,-,-,-,-,-,-,-,-,-,-,-,-,-,-,-,-,-,-,-,-,-,-,-,-,-,-,-,-,-,-,-,-,-,-,-,-,-,-,-,-,-,-,-,-,-,-,-,-,-,-,-,-,-,-,-,-,-,-,-,-,-,-,-,-,-,-,-,-,-,-,-,-,-,-,-,-,-,-,-,-,-,-,-,-,-,-,-,-,-,-
"Lancaster, Los Angeles County, California, United States",city,https://app.monqcle.com/org/cphlr/project/drug-paraphernalia-laws-1689792283/record/63961,DPL_2023_Consolidated,2022-12-31,2023-01-01,1,0,-,-,-,-,-,-,-,-,-,-,-,-,-,-,-,-,-,-,-,-,-,-,-,-,-,-,-,-,-,-,-,-,-,-,-,-,-,-,-,-,-,-,-,-,-,-,-,-,-,-,-,-,-,-,-,-,-,-,-,-,-,-,-,-,-,-,-,-,-,-,-,-,-,-,-,-,-,-,-,-,-,-,-,-,-,-,-,-,-,-,-,-,-,-,-,-,-,-,-,-,-,-,-,-,-,-,-
"Lancaster, Los Angeles County, California, United States",city,https://app.monqcle.com/org/cphlr/project/drug-paraphernalia-laws-1689792283/record/75598,DPL_2025_Consolidated,2022-12-31,2024-12-31,1,0,-,-,-,-,-,-,-,-,-,-,-,-,-,-,-,-,-,-,-,-,-,-,-,-,-,-,-,-,-,-,-,-,-,-,-,-,-,-,-,-,-,-,-,-,-,-,-,-,-,-,-,-,-,-,-,-,-,-,-,-,-,-,-,-,-,-,-,-,-,-,-,-,-,-,-,-,-,-,-,-,-,-,-,-,-,-,-,-,-,-,-,-,-,-,-,-,-,-,-,-,-,-,-,-,-,-,-
"Lansing, Ingham County, Michigan, United States",city,https://app.monqcle.com/org/cphlr/project/drug-paraphernalia-laws-1689792283/record/64139,DPL_2023_Consolidated ,2022-12-31,2023-01-01,1,0,-,-,-,-,-,-,-,-,-,-,-,-,-,-,-,-,-,-,-,-,-,-,-,-,-,-,-,-,-,-,-,-,-,-,-,-,-,-,-,-,-,-,-,-,-,-,-,-,-,-,-,-,-,-,-,-,-,-,-,-,-,-,-,-,-,-,-,-,-,-,-,-,-,-,-,-,-,-,-,-,-,-,-,-,-,-,-,-,-,-,-,-,-,-,-,-,-,-,-,-,-,-,-,-,-,-,-
"Lansing, Ingham County, Michigan, United States",city,https://app.monqcle.com/org/cphlr/project/drug-paraphernalia-laws-1689792283/record/76196,DPL_2025_Consolidated,2022-12-31,2024-12-31,1,0,-,-,-,-,-,-,-,-,-,-,-,-,-,-,-,-,-,-,-,-,-,-,-,-,-,-,-,-,-,-,-,-,-,-,-,-,-,-,-,-,-,-,-,-,-,-,-,-,-,-,-,-,-,-,-,-,-,-,-,-,-,-,-,-,-,-,-,-,-,-,-,-,-,-,-,-,-,-,-,-,-,-,-,-,-,-,-,-,-,-,-,-,-,-,-,-,-,-,-,-,-,-,-,-,-,-,-
"Laredo, Webb County, Texas, United States",city,https://app.monqcle.com/org/cphlr/project/drug-paraphernalia-laws-1689792283/record/75183,DPL_2025_Consolidated,2022-12-31,2024-12-31,1,0,-,-,-,-,-,-,-,-,-,-,-,-,-,-,-,-,-,-,-,-,-,-,-,-,-,-,-,-,-,-,-,-,-,-,-,-,-,-,-,-,-,-,-,-,-,-,-,-,-,-,-,-,-,-,-,-,-,-,-,-,-,-,-,-,-,-,-,-,-,-,-,-,-,-,-,-,-,-,-,-,-,-,-,-,-,-,-,-,-,-,-,-,-,-,-,-,-,-,-,-,-,-,-,-,-,-,-
"Laredo, Webb County, Texas, United States",city,https://app.monqcle.com/org/cphlr/project/drug-paraphernalia-laws-1689792283/record/63342,DPL_2023_Consolidated ,2022-12-31,2023-01-01,1,0,-,-,-,-,-,-,-,-,-,-,-,-,-,-,-,-,-,-,-,-,-,-,-,-,-,-,-,-,-,-,-,-,-,-,-,-,-,-,-,-,-,-,-,-,-,-,-,-,-,-,-,-,-,-,-,-,-,-,-,-,-,-,-,-,-,-,-,-,-,-,-,-,-,-,-,-,-,-,-,-,-,-,-,-,-,-,-,-,-,-,-,-,-,-,-,-,-,-,-,-,-,-,-,-,-,-,-
"Largo, Pinellas County, Florida, United States",city,https://app.monqcle.com/org/cphlr/project/drug-paraphernalia-laws-1689792283/record/76831,DPL_2025_Consolidated,2022-12-31,2024-12-31,1,0,-,-,-,-,-,-,-,-,-,-,-,-,-,-,-,-,-,-,-,-,-,-,-,-,-,-,-,-,-,-,-,-,-,-,-,-,-,-,-,-,-,-,-,-,-,-,-,-,-,-,-,-,-,-,-,-,-,-,-,-,-,-,-,-,-,-,-,-,-,-,-,-,-,-,-,-,-,-,-,-,-,-,-,-,-,-,-,-,-,-,-,-,-,-,-,-,-,-,-,-,-,-,-,-,-,-,-
"Largo, Pinellas County, Florida, United States",city,https://app.monqcle.com/org/cphlr/project/drug-paraphernalia-laws-1689792283/record/63893,DPL_2023_Consolidated,2022-12-31,2023-01-01,1,0,-,-,-,-,-,-,-,-,-,-,-,-,-,-,-,-,-,-,-,-,-,-,-,-,-,-,-,-,-,-,-,-,-,-,-,-,-,-,-,-,-,-,-,-,-,-,-,-,-,-,-,-,-,-,-,-,-,-,-,-,-,-,-,-,-,-,-,-,-,-,-,-,-,-,-,-,-,-,-,-,-,-,-,-,-,-,-,-,-,-,-,-,-,-,-,-,-,-,-,-,-,-,-,-,-,-,-
"Las Cruces, Doña Ana County, New Mexico, United States",city,https://app.monqcle.com/org/cphlr/project/drug-paraphernalia-laws-1689792283/record/76398,DPL_2025_JD,2024-08-05,2024-12-31,15,1,-,-,-,Municode,-,-,-,https://library.municode.com/nm/las_cruces/codes/code_of_ordinances?nodeId=PTIIMUCO_CH19OFMIPR_ARTIINGE_S19-6PODEMADEDRPA,-,-,-,08/05/2024,-,-,-,-,-,-,-,03/24/2025,-,-,-,"Known, current through date published in ordinance",-,-,-,State (ARCHIVE) ,-,-,-,1,"Sec. 19-6. - Possession, ",-,-,"Harm Reduction Act [NMSA, 1978 §§ 24-2C-1 to 24-2C-6]",-,-,-,"Syringes, hypodermic needles, other inject/ion/ing equipment/instrument/supplies , Pipes, other smoke/ing or inhal/ing/ation equipment or supplies, Drug test/ing or check/ing equipment or supplies, Other","Sec. 19-6. - Possession, ",-,-,"Delivery, possession with intent to deliver/distribute, distribution, transfer, furnish, exchange (NEW), Possession, possession with intent to use, keep, Use, Manufacturing, manufacture with intent to deliver or sell","Sec. 19-6. - Possession, ,Sec. 19-6. - Possession, ",-,-,"Misdemeanor (NEW), Unspecified Fine (NEW)","Sec. 19-6. - Possession, ",-,-,"Syringes from syringe services, harm reduction programs, or supervised use sites (NEW), Drug checking/testing equipment, generally, Professionals acting in their course of business [e.g. pharmacists, physicians, manufacturers], Other","Sec. 19-6. - Possession, ",Department of health employees or their designees while they are directly and immediately engaged in activities related to the harm reduction program authorized by the Harm Reduction Act,-,-,-,-,-,"Possession, Use, Distribution, Other",-,Manufacture,-,-,-,-,-,"Possession, Use",-,-,-,-,-,-,-,-,-,-,-,-,-,-,-,-,-,-,-,-,-,-,-,-,-,-,-,-,-,-,-,-,-,-,-,-,-,-,-
"Las Cruces, Doña Ana County, New Mexico, United States",city,https://app.monqcle.com/org/cphlr/project/drug-paraphernalia-laws-1689792283/record/76463,DPL_2025_PS,2024-08-05,2024-12-31,16,1,-,-,-,Municode,-,-,-,https://library.municode.com/nm/las_cruces/codes/code_of_ordinances?nodeId=PTIIMUCO_CH19OFMIPR_ARTIINGE_S19-6PODEMADEDRPA,-,-,-,-,-,-,-,08/05/2024,-,-,-,03/24/2025,-,-,-,"Known, current through date published in ordinance",-,-,-,State (ARCHIVE) ,-,-,-,0,-,-,-,-,-,-,-,"Syringes, hypodermic needles, other inject/ion/ing equipment/instrument/supplies , Pipes, other smoke/ing or inhal/ing/ation equipment or supplies, Drug test/ing or check/ing equipment or supplies, Other","Sec. 19-6. - Possession, ",-,-,"Delivery, possession with intent to deliver/distribute, distribution, transfer, furnish, exchange (NEW), Possession, possession with intent to use, keep, Use, Manufacturing, manufacture with intent to deliver or sell","Sec. 19-6. - Possession, ,Sec. 19-6. - Possession, ",-,-,"Misdemeanor (NEW), Unspecified Fine (NEW), Incarceration (NEW)",-,-,-,"Syringes from syringe services, harm reduction programs, or supervised use sites (NEW), Drug checking/testing equipment, generally, Drug checking equipment, in the context of syringe services, harm reduction programs, or supervised use sites (NEW), Pipes/smoking equipment, in the context syringe services, harm reduction programs, or supervised use sites (NEW), Professionals acting in their course of business [e.g. pharmacists, physicians, manufacturers]","Sec. 19-6. - Possession, ,Sec. 19-6. - Possession, ",-,-,-,-,-,-,"Possession, Use",-,-,-,-,-,-,-,"Possession, Use",-,-,-,-,-,-,-,-,-,-,-,"Possession, Use",-,-,-,-,-,-,-,-,-,-,-,-,-,-,-,"Possession, Use",-,-,-,-,-,-,-,-,-,-,-
"Las Cruces, Doña Ana County, New Mexico, United States",city,https://app.monqcle.com/org/cphlr/project/drug-paraphernalia-laws-1689792283/record/76628,DPL_2025_Consolidated,2024-08-05,2024-12-31,17,1,-,-,-,Municode,-,-,-,https://library.municode.com/nm/las_cruces/codes/code_of_ordinances?nodeId=PTIIMUCO_CH19OFMIPR_ARTIINGE_S19-6PODEMADEDRPA,-,-,-,08/05/2024,-,-,-,-,-,-,-,03/24/2025,-,-,-,"Known, current through date published in ordinance",-,-,-,State (ARCHIVE) ,-,-,-,1,-,-,-,"NMSA, 1978 §§ 24-2C-1 to 24-2C-6",-,-,-,"Syringes, hypodermic needles, other inject/ion/ing equipment/instrument/supplies , Pipes, other smoke/ing or inhal/ing/ation equipment or supplies, Drug test/ing or check/ing equipment or supplies, Other","Sec. 19-6. - Possession, ",-,-,"Delivery, possession with intent to deliver/distribute, distribution, transfer, furnish, exchange (NEW), Possession, possession with intent to use, keep, Use, Manufacturing, manufacture with intent to deliver or sell","Sec. 19-6. - Possession, ,Sec. 19-6. - Possession, ",-,-,"Misdemeanor (NEW), Unspecified Fine (NEW)","Sec. 19-6. - Possession, ",-,-,"Syringes from syringe services, harm reduction programs, or supervised use sites (NEW), Drug checking/testing equipment, generally, Drug checking equipment, in the context of syringe services, harm reduction programs, or supervised use sites (NEW), Professionals acting in their course of business [e.g. pharmacists, physicians, manufacturers]","Sec. 19-6. - Possession, ,Sec. 19-6. - Possession, ",smoking equipment other than pipes authorized for SSPS ,-,-,-,-,-,"Possession, Use, Distribution, Other",-,manufacture,-,-,-,-,-,"Possession, Use",-,-,-,-,-,-,-,-,-,-,-,"Possession, Use, Distribution, Other",-,-,-,-,-,-,-,-,-,-,-,-,-,-,-,"Possession, Use, Distribution, Other",-,-,-,-,-,-,-,-,-,-,-
"Las Cruces, Doña Ana County, New Mexico, United States",city,https://app.monqcle.com/org/cphlr/project/drug-paraphernalia-laws-1689792283/record/76627,DPL_2025_Consolidated,2022-12-31,2024-08-04,12,1,-,-,-,Municode,-,-,-,https://library.municode.com/nm/las_cruces/codes/code_of_ordinances?nodeId=PTIIMUCO_CH19OFMIPR_ARTIINGE_S19-6PODEMADEDRPA,-,-,-,-,-,-,-,12/16/1996,-,In effect since at least date posted ,-,08/05/2024,-,-,-,"Known, current through date published in ordinance",-,-,-,State (ARCHIVE) ,-,-,-,0,-,-,-,-,-,-,-,"Syringes, hypodermic needles, other inject/ion/ing equipment/instrument/supplies , Pipes, other smoke/ing or inhal/ing/ation equipment or supplies, Drug test/ing or check/ing equipment or supplies, Other",Sec. 19-6. -,-,-,"Delivery, possession with intent to deliver/distribute, distribution, transfer, furnish, exchange (NEW), Possession, possession with intent to use, keep, Use, Manufacturing, manufacture with intent to deliver or sell","Sec. 19-6. - Possession, ",-,-,"Misdemeanor (NEW), Unspecified Fine (NEW), Incarceration (NEW)",Sec. 19-6. -,-,-,None,-,-,-,-,-,-,-,-,-,-,-,-,-,-,-,-,-,-,-,-,-,-,-,-,-,-,-,-,-,-,-,-,-,-,-,-,-,-,-,-,-,-,-,-,-,-,-,-,-,-,-,-,-,-,-
"Las Cruces, Doña Ana County, New Mexico, United States",city,https://app.monqcle.com/org/cphlr/project/drug-paraphernalia-laws-1689792283/record/63667,DPL_2023_Consolidated,2022-12-31,2023-01-01,11,1,-,-,-,Municode,-,-,-,https://library.municode.com/nm/las_cruces/codes/code_of_ordinances?nodeId=PTIIMUCO_CH19OFMIPR_ARTIINGE_S19-6PODEMADEDRPA,-,-,-,-,-,-,-,12/16/1996,-,In effect since at least date posted ,-,05/12/2023,-,-,-,"Known, current through date published in ordinance",-,-,-,State (ARCHIVE) ,Sec. 19-6. -,-,-,-,-,-,-,-,-,-,-,"Syringes, hypodermic needles, other inject/ion/ing equipment/instrument/supplies , Pipes, other smoke/ing or inhal/ing/ation equipment or supplies, Drug test/ing or check/ing equipment or supplies, Other",Sec. 19-6. -,-,-,"Non-sale distribution/delivery (ARCHIVE), Possession, possession with intent to use, keep, Use, Manufacturing, manufacture with intent to deliver or sell","Sec. 19-6. - Possession, ",-,-,Criminal (ARCHIVE) ,Sec. 19-6. -,-,-,None,-,-,-,-,-,-,-,-,-,-,-,-,-,-,-,-,-,-,-,-,-,-,-,-,-,-,-,-,-,-,-,-,-,-,-,-,-,-,-,-,-,-,-,-,-,-,-,-,-,-,-,-,-,-,-
"Las Vegas, Clark County, Nevada, United States",city,https://app.monqcle.com/org/cphlr/project/drug-paraphernalia-laws-1689792283/record/63979,DPL_2023_Consolidated,2022-12-31,2023-01-01,11,1,-,-,-,Municode,-,-,-,https://library.municode.com/nv/las_vegas/codes/code_of_ordinances?nodeId=TIT10PUPEMOWE_DIVXMICR_CH10.92DRPA,-,-,-,11/01/2017,-,unknown date at bottom of ordinance,-,-,-,-,-,07/18/2023,-,-,-,"Known, current through date published in ordinance",-,-,-,State (ARCHIVE) ,10.92.010 -,-,-,-,-,-,-,-,-,-,-,"Syringes, hypodermic needles, other inject/ion/ing equipment/instrument/supplies , Pipes, other smoke/ing or inhal/ing/ation equipment or supplies, Drug test/ing or check/ing equipment or supplies, Other",10.92.010 -,-,-,"Sales (ARCHIVE), Non-sale distribution/delivery (ARCHIVE), Manufacturing, manufacture with intent to deliver or sell",10.92.010 -,-,-,Criminal (ARCHIVE) ,10.92.010 -,-,-,Other paraphernalia for approved medical use,"10.92.010 -,NRS 678C.200  Holder of v,NRS 678D.200  Person 21 y",medical marijuana,-,-,-,-,-,-,-,-,-,-,-,-,-,-,-,-,-,-,-,-,-,-,-,-,-,-,-,-,-,-,-,-,-,-,-,-,-,-,-,-,-,-,-,-,-,-,-,-,-,-,-,-,-
"Las Vegas, Clark County, Nevada, United States",city,https://app.monqcle.com/org/cphlr/project/drug-paraphernalia-laws-1689792283/record/74944,DPL_2025_Consolidated,2022-12-31,2024-12-31,14,1,-,-,-,Municode,-,-,-,https://library.municode.com/nv/las_vegas/codes/code_of_ordinances?nodeId=TIT10PUPEMOWE_DIVXMICR_CH10.92DRPA,-,-,-,11/01/2017,-,unknown date at bottom of ordinance,-,-,-,-,-,09/09/2025,-,-,-,"Known, current through date published in ordinance",-,-,-,State (ARCHIVE) ,-,-,-,1,"10.92.010 - Sale, possess",-,-,NRS Chapters 678C and 678D,-,-,-,"Syringes, hypodermic needles, other inject/ion/ing equipment/instrument/supplies , Pipes, other smoke/ing or inhal/ing/ation equipment or supplies, Drug test/ing or check/ing equipment or supplies, Other",10.92.010 -,-,-,"Sales, possession with intent to sell, offer for sale (NEW), Delivery, possession with intent to deliver/distribute, distribution, transfer, furnish, exchange (NEW), Manufacturing, manufacture with intent to deliver or sell",10.92.010 -,-,-,Misdemeanor (NEW),10.92.010 -,-,-,"Paraphernalia for consumption of cannabis, generally or medical use (NEW)","NRS 678C.200  Holder of v,NRS 678D.200  Person 21 y",-,-,-,-,-,-,-,-,-,-,"Use, Sales",-,-,-,-,-,-,-,-,-,-,-,-,-,-,-,-,-,-,-,-,-,-,-,-,-,-,-,-,-,-,-,-,-,-,-,-,-,-,-,-,-,-,-
"Lawrence, Douglas County, Kansas, United States",city,https://app.monqcle.com/org/cphlr/project/drug-paraphernalia-laws-1689792283/record/78295,DPL_2025_PS,2023-07-01,2024-12-31,14,1,-,-,-,self-published,-,-,-,https://assets.lawrenceks.org/city-code/chapter14.pdf,-,-,-,07/15/2018,-,unknown date at bottom of ordinance; month and date imputed ,-,-,-,-,-,07/01/2023,-,-,-,"Known, current through date published in ordinance",-,city clerk confirmed current through,-,Both (ARCHIVE) ,-,-,-,1,ARTICLE 9. DRUGS AND DRUG,-,-,K.S.A. 21-5701(f),-,-,-,"Syringes, hypodermic needles, other inject/ion/ing equipment/instrument/supplies , Pipes, other smoke/ing or inhal/ing/ation equipment or supplies, Drug test/ing or check/ing equipment or supplies, Other","K.S.A. 21-5701(f),ARTICLE 9. DRUGS AND...",-,-,"Delivery, possession with intent to deliver/distribute, distribution, transfer, furnish, exchange (NEW), Possession, possession with intent to use, keep, Use",ARTICLE 9. DRUGS AND DRUG,-,-,"Unspecified Fine (NEW), Incarceration (NEW)",ARTICLE 9. DRUGS AND...,-,-,Drug checking/testing equipment for fentanyl or fentanyl analogues ,K.S.A. 21-5701(f),-,-,-,-,-,-,-,-,-,-,-,-,-,-,-,-,-,-,"Possession, Use, Distribution",-,-,-,-,-,-,-,-,-,-,-,-,-,-,-,-,-,-,-,-,-,-,-,-,-,-,-,-,-,-,-,-,-,-,-
"Lawrence, Douglas County, Kansas, United States",city,https://app.monqcle.com/org/cphlr/project/drug-paraphernalia-laws-1689792283/record/78360,DPL_2025_Consolidated,2023-07-01,2024-12-31,14,1,-,-,-,self-published,-,-,-,https://assets.lawrenceks.org/city-code/chapter14.pdf,-,-,-,07/01/2023,-,-,-,-,-,-,-,01/31/2025,-,-,-,"Known, current through date published in ordinance",-,-,-,Both (ARCHIVE) ,-,-,-,1,ARTICLE 9. DRUGS AND DRUG,-,-,K.S.A. 21-5701(f),-,-,-,"Syringes, hypodermic needles, other inject/ion/ing equipment/instrument/supplies , Pipes, other smoke/ing or inhal/ing/ation equipment or supplies, Drug test/ing or check/ing equipment or supplies, Other","ARTICLE 9. DRUGS AND...,K.S.A. 21-5701(f)",-,-,"Delivery, possession with intent to deliver/distribute, distribution, transfer, furnish, exchange (NEW), Possession, possession with intent to use, keep, Use",ARTICLE 9. DRUGS AND DRUG,-,-,"Unspecified Fine (NEW), Incarceration (NEW)",ARTICLE 9. DRUGS AND...,-,-,Drug checking/testing equipment for fentanyl or fentanyl analogues ,K.S.A. 21-5701(f),-,-,-,-,-,-,-,-,-,-,-,-,-,-,-,-,-,-,"Possession, Use, Distribution",-,-,-,-,-,-,-,-,-,-,-,-,-,-,-,-,-,-,-,-,-,-,-,-,-,-,-,-,-,-,-,-,-,-,-
"Lawrence, Douglas County, Kansas, United States",city,https://app.monqcle.com/org/cphlr/project/drug-paraphernalia-laws-1689792283/record/63080,DPL_2023_Consolidated,2022-12-31,2023-01-01,10,1,-,-,-,self-published,-,-,-,https://assets.lawrenceks.org/city-code/chapter14.pdf,-,-,-,-,-,-,-,-,-,-,-,12/31/2022,-,-,-,"Known, current through date published in ordinance",-,city clerk confirmed current through,-,Both (ARCHIVE) ,"ARTICLE 9. DRUGS AND...,ARTICLE 9. DRUGS AND...",-,-,-,-,-,-,-,-,-,-,"Syringes, hypodermic needles, other inject/ion/ing equipment/instrument/supplies , Pipes, other smoke/ing or inhal/ing/ation equipment or supplies, Drug test/ing or check/ing equipment or supplies, Other",ARTICLE 9. DRUGS AND...,-,-,"Non-sale distribution/delivery (ARCHIVE), Possession, possession with intent to use, keep, Use",ARTICLE 9. DRUGS AND...,-,-,Criminal (ARCHIVE) ,ARTICLE 9. DRUGS AND...,-,-,None,-,-,-,-,-,-,-,-,-,-,-,-,-,-,-,-,-,-,-,-,-,-,-,-,-,-,-,-,-,-,-,-,-,-,-,-,-,-,-,-,-,-,-,-,-,-,-,-,-,-,-,-,-,-,-
"Lawrence, Douglas County, Kansas, United States",city,https://app.monqcle.com/org/cphlr/project/drug-paraphernalia-laws-1689792283/record/78359,DPL_2025_Consolidated,2022-12-31,2023-06-30,13,1,-,-,-,self-published,-,-,-,https://assets.lawrenceks.org/city-code/chapter14.pdf,-,-,-,07/15/2018,-,unknown date at bottom of ordinance; month and date imputed ,-,-,-,-,-,07/01/2023,-,-,-,"Known, current through date published in ordinance",-,-,-,Both (ARCHIVE) ,-,-,-,1,ARTICLE 9. DRUGS AND DRUG,-,-,K.S.A. 21-5701(f),-,-,-,"Syringes, hypodermic needles, other inject/ion/ing equipment/instrument/supplies , Pipes, other smoke/ing or inhal/ing/ation equipment or supplies, Drug test/ing or check/ing equipment or supplies, Other","K.S.A. 21-5701(f),ARTICLE 9. DRUGS AND...",-,-,"Delivery, possession with intent to deliver/distribute, distribution, transfer, furnish, exchange (NEW), Possession, possession with intent to use, keep, Use",ARTICLE 9. DRUGS AND DRUG,-,-,"Unspecified Fine (NEW), Incarceration (NEW)",ARTICLE 9. DRUGS AND...,-,-,None,-,-,-,-,-,-,-,-,-,-,-,-,-,-,-,-,-,-,-,-,-,-,-,-,-,-,-,-,-,-,-,-,-,-,-,-,-,-,-,-,-,-,-,-,-,-,-,-,-,-,-,-,-,-,-
"Lawrence, Essex County, Massachusetts, United States",city,https://app.monqcle.com/org/cphlr/project/drug-paraphernalia-laws-1689792283/record/63198,DPL_2023_Consolidated,2022-12-31,2023-01-01,1,0,-,-,-,-,-,-,-,-,-,-,-,-,-,-,-,-,-,-,-,-,-,-,-,-,-,-,-,-,-,-,-,-,-,-,-,-,-,-,-,-,-,-,-,-,-,-,-,-,-,-,-,-,-,-,-,-,-,-,-,-,-,-,-,-,-,-,-,-,-,-,-,-,-,-,-,-,-,-,-,-,-,-,-,-,-,-,-,-,-,-,-,-,-,-,-,-,-,-,-,-,-,-,-,-,-,-,-
"Lawton, Comanche County, Oklahoma, United States",city,https://app.monqcle.com/org/cphlr/project/drug-paraphernalia-laws-1689792283/record/63449,DPL_2023_Consolidated,2022-12-31,2023-01-01,11,1,-,-,-,Municode,-,-,-,https://library.municode.com/ok/lawton/codes/code_of_ordinances?nodeId=CH16OFCR_ART16-5OFAGPU_DIV16-5-1OFAGPU_16-5-1-503DRPA,-,-,-,09/11/2012,-,unknown date at bottom of ordinance ,-,-,-,-,-,11/07/2023,-,-,-,"Known, current through date published in ordinance",-,-,-,State (ARCHIVE) ,16-5-1-503 -,-,-,-,-,-,-,-,-,-,-,"Syringes, hypodermic needles, other inject/ion/ing equipment/instrument/supplies , Pipes, other smoke/ing or inhal/ing/ation equipment or supplies, Drug test/ing or check/ing equipment or supplies, Other","16-5-1-503 -,16-5-1-503 - Drug paraphe",-,-,"Non-sale distribution/delivery (ARCHIVE), Possession, possession with intent to use, keep, Use, Advertising, display, Manufacturing, manufacture with intent to deliver or sell","16-5-1-503 - Drug paraphe,16-5-1-503 -",-,-,Criminal (ARCHIVE) ,1-1-119 -,-,-,None,-,-,-,-,-,-,-,-,-,-,-,-,-,-,-,-,-,-,-,-,-,-,-,-,-,-,-,-,-,-,-,-,-,-,-,-,-,-,-,-,-,-,-,-,-,-,-,-,-,-,-,-,-,-,-
"Lawton, Comanche County, Oklahoma, United States",city,https://app.monqcle.com/org/cphlr/project/drug-paraphernalia-laws-1689792283/record/77299,DPL_2025_Consolidated,2022-12-31,2024-12-31,12,1,-,-,-,Municode,-,-,-,https://library.municode.com/ok/lawton/codes/code_of_ordinances?nodeId=CH16OFCR_ART16-5OFAGPU_DIV16-5-1OFAGPU_16-5-1-503DRPA,-,-,-,09/11/2012,-,unknown date at bottom of ordinance ,-,-,-,-,-,07/24/2025,-,-,-,"Known, current through date published in ordinance",-,-,-,State (ARCHIVE) ,-,-,-,0,-,-,-,-,-,-,-,"Syringes, hypodermic needles, other inject/ion/ing equipment/instrument/supplies , Pipes, other smoke/ing or inhal/ing/ation equipment or supplies, Drug test/ing or check/ing equipment or supplies, Other",16-5-1-503 - Drug paraphe,-,-,"Delivery, possession with intent to deliver/distribute, distribution, transfer, furnish, exchange (NEW), Possession, possession with intent to use, keep, Use, Advertising, display, Manufacturing, manufacture with intent to deliver or sell",16-5-1-503 - Drug paraphe,-,-,"Unspecified Fine (NEW), Incarceration (NEW)",1-1-119 -,-,-,None,-,-,-,-,-,-,-,-,-,-,-,-,-,-,-,-,-,-,-,-,-,-,-,-,-,-,-,-,-,-,-,-,-,-,-,-,-,-,-,-,-,-,-,-,-,-,-,-,-,-,-,-,-,-,-
"Layton, Utah, United States",city,https://app.monqcle.com/org/cphlr/project/drug-paraphernalia-laws-1689792283/record/63475,DPL_2023_Consolidated,2022-12-31,2023-01-01,1,0,-,-,-,-,-,-,-,-,-,-,-,-,-,-,-,-,-,-,-,-,-,-,-,-,-,-,-,-,-,-,-,-,-,-,-,-,-,-,-,-,-,-,-,-,-,-,-,-,-,-,-,-,-,-,-,-,-,-,-,-,-,-,-,-,-,-,-,-,-,-,-,-,-,-,-,-,-,-,-,-,-,-,-,-,-,-,-,-,-,-,-,-,-,-,-,-,-,-,-,-,-,-,-,-,-,-,-
"Lee's Summit, Jackson County, Missouri, United States",city,https://app.monqcle.com/org/cphlr/project/drug-paraphernalia-laws-1689792283/record/76637,DPL_2025_Consolidated,2023-01-17,2024-12-31,13,1,-,-,-,Municode ,-,-,-,https://library.municode.com/mo/lee's_summit/codes/code_of_ordinances/407831?nodeId=COOR_CH17OF_ARTVIIICOSU_S17-237USPOUSDRPA,-,-,-,01/17/2023,-,-,-,-,-,-,-,09/24/2025,-,-,-,"Known, current through date published in ordinance",-,-,-,Both (ARCHIVE) ,-,-,-,0,-,-,-,-,-,-,-,"Syringes, hypodermic needles, other inject/ion/ing equipment/instrument/supplies , Pipes, other smoke/ing or inhal/ing/ation equipment or supplies, Drug test/ing or check/ing equipment or supplies, Other",ARTICLE VIII. - CONTROLLE,-,-,"Possession, possession with intent to use, keep, Use",ARTICLE VIII. - CONTROLLE,-,-,"""Unlawful"" only (NEW)",-,-,-,"Paraphernalia for consumption of cannabis, generally or medical use (NEW)",ARTICLE VIII. - CONTROLLE,-,-,-,-,-,-,-,-,-,-,"Possession, Use",-,-,-,-,-,-,-,-,-,-,-,-,-,-,-,-,-,-,-,-,-,-,-,-,-,-,-,-,-,-,-,-,-,-,-,-,-,-,-,-,-,-,-
"Lee's Summit, Jackson County, Missouri, United States",city,https://app.monqcle.com/org/cphlr/project/drug-paraphernalia-laws-1689792283/record/76386,DPL_2025_PS,2023-01-17,2024-12-31,13,1,-,-,-,Municode ,-,-,-,https://library.municode.com/mo/lee's_summit/codes/code_of_ordinances/407831?nodeId=COOR_CH17OF_ARTVIIICOSU_S17-237USPOUSDRPA,-,-,-,01/17/2023,-,-,-,-,-,-,-,09/24/2025,-,-,-,"Known, current through date published in ordinance",-,-,-,Both (ARCHIVE) ,-,-,-,0,-,-,-,-,-,-,-,"Syringes, hypodermic needles, other inject/ion/ing equipment/instrument/supplies , Pipes, other smoke/ing or inhal/ing/ation equipment or supplies, Drug test/ing or check/ing equipment or supplies, Other",ARTICLE VIII. - CONTROLLE,-,-,"Possession, possession with intent to use, keep, Use",ARTICLE VIII. - CONTROLLE,-,-,"""Unlawful"" only (NEW)",-,-,-,"Paraphernalia for consumption of cannabis, generally or medical use (NEW)",ARTICLE VIII. - CONTROLLE,medical marijuana ,-,-,-,-,-,-,-,-,-,"Possession, Use",-,-,-,-,-,-,-,-,-,-,-,-,-,-,-,-,-,-,-,-,-,-,-,-,-,-,-,-,-,-,-,-,-,-,-,-,-,-,-,-,-,-,-
"Lee's Summit, Jackson County, Missouri, United States",city,https://app.monqcle.com/org/cphlr/project/drug-paraphernalia-laws-1689792283/record/62985,DPL_2023_Consolidated ,2022-12-31,2023-01-01,11,1,-,-,-,Municode ,-,-,-,https://library.municode.com/mo/lee's_summit/codes/code_of_ordinances/407831?nodeId=COOR_CH17OF_ARTVIIICOSU_S17-237USPOUSDRPA,-,-,-,08/20/2019,-,-,-,-,-,-,-,01/17/2023,-,-,-,"Known, current through date published in ordinance",-,-,-,Both (ARCHIVE) ,"ARTICLE VIII. - CONTROLLE,ARTICLE VIII. - CONT...",-,-,-,-,-,-,-,-,-,-,"Syringes, hypodermic needles, other inject/ion/ing equipment/instrument/supplies , Pipes, other smoke/ing or inhal/ing/ation equipment or supplies, Drug test/ing or check/ing equipment or supplies, Other",ARTICLE VIII. - CONTROLLE,-,-,"Possession, possession with intent to use, keep, Use, Manufacturing, manufacture with intent to deliver or sell","ARTICLE VIII. - CONTROLLE,ARTICLE VIII. - CONTROLLE",-,-,Criminal (ARCHIVE) ,-,-,-,"Syringes for approved medical use (i.e. diabetes) , Other paraphernalia for approved medical use",ARTICLE VIII. - CONT...,medical marijuana ,-,-,-,-,-,-,-,-,-,-,-,-,-,-,-,-,-,-,-,-,-,-,-,-,-,-,-,-,-,-,-,-,-,-,-,-,-,-,-,-,-,-,-,-,-,-,-,-,-,-,-,-,-
"Lee's Summit, Jackson County, Missouri, United States",city,https://app.monqcle.com/org/cphlr/project/drug-paraphernalia-laws-1689792283/record/76636,DPL_2025_Consolidated,2022-12-31,2023-01-16,13,1,-,-,-,Municode ,-,-,-,https://library.municode.com/mo/lee's_summit/codes/code_of_ordinances/407831?nodeId=COOR_CH17OF_ARTVIIICOSU_S17-237USPOUSDRPA,-,-,-,08/20/2019,-,-,-,-,-,-,-,01/17/2023,-,-,-,"Known, current through date published in ordinance",-,-,-,Both (ARCHIVE) ,-,-,-,0,-,-,-,-,-,-,-,"Syringes, hypodermic needles, other inject/ion/ing equipment/instrument/supplies , Pipes, other smoke/ing or inhal/ing/ation equipment or supplies, Drug test/ing or check/ing equipment or supplies, Other",ARTICLE VIII. - CONTROLLE,-,-,"Possession, possession with intent to use, keep, Use, Manufacturing, manufacture with intent to deliver or sell","ARTICLE VIII. - CONTROLLE,ARTICLE VIII. - CONTROLLE",-,-,"""Unlawful"" only (NEW)",-,-,-,"Paraphernalia for consumption of cannabis, generally or medical use (NEW)","ARTICLE VIII. - CONT...,ARTICLE VIII. - CONTROLLE",medical marijuana ,-,-,-,-,-,-,-,-,-,"Possession, Use, Other",-,Manufacture,-,-,-,-,-,-,-,-,-,-,-,-,-,-,-,-,-,-,-,-,-,-,-,-,-,-,-,-,-,-,-,-,-,-,-,-,-,-,-,-,-
"Lewiston, Androscoggin County, Maine, 04240, United States",city,https://app.monqcle.com/org/cphlr/project/drug-paraphernalia-laws-1689792283/record/63506,DPL_2023_Consolidated,2022-12-31,2023-01-01,1,0,-,-,-,-,-,-,-,-,-,-,-,-,-,-,-,-,-,-,-,-,-,-,-,-,-,-,-,-,-,-,-,-,-,-,-,-,-,-,-,-,-,-,-,-,-,-,-,-,-,-,-,-,-,-,-,-,-,-,-,-,-,-,-,-,-,-,-,-,-,-,-,-,-,-,-,-,-,-,-,-,-,-,-,-,-,-,-,-,-,-,-,-,-,-,-,-,-,-,-,-,-,-,-,-,-,-,-
"Lewiston, Androscoggin County, Maine, 04240, United States",city,https://app.monqcle.com/org/cphlr/project/drug-paraphernalia-laws-1689792283/record/77379,DPL_2025_Consolidated,2022-12-31,2024-12-31,1,0,-,-,-,-,-,-,-,-,-,-,-,-,-,-,-,-,-,-,-,-,-,-,-,-,-,-,-,-,-,-,-,-,-,-,-,-,-,-,-,-,-,-,-,-,-,-,-,-,-,-,-,-,-,-,-,-,-,-,-,-,-,-,-,-,-,-,-,-,-,-,-,-,-,-,-,-,-,-,-,-,-,-,-,-,-,-,-,-,-,-,-,-,-,-,-,-,-,-,-,-,-,-,-,-,-,-,-
"Lewisville, Denton County, Texas, United States",city,https://app.monqcle.com/org/cphlr/project/drug-paraphernalia-laws-1689792283/record/76622,DPL_2025_Consolidated,2022-12-31,2024-12-31,12,1,-,-,-,Municode,-,-,-,https://library.municode.com/tx/lewisville/codes/code_of_ordinances?nodeId=PTIICOOR_CH8MIOF_ARTIINGE_S8-4ILSMPR,-,-,-,08/16/2010,-,unknown date at bottom of ordinance,-,-,-,-,-,07/16/2025,-,-,-,"Known, current through date published in ordinance",-,-,-,Neither (ARCHIVE),-,-,-,0,-,-,-,-,-,-,-,"Syringes, hypodermic needles, other inject/ion/ing equipment/instrument/supplies , Pipes, other smoke/ing or inhal/ing/ation equipment or supplies, Other","Sec. 8-4. - Illegal smoki,Sec. 8-4. -","Only prohibited for possesion/use with ""illegal smoking product"" defined as 

(1)

Salvia divinorum or Salvinorin A; all parts of the plant presently classified botanically as salvia divinorum, whether growing or not, the seeds thereof, any extract from any part of such plant, and every compound, manufacture, salts derivative, mixture or preparation of such plant, its seeds or extracts;

(2)

2-[(1R,3S)-3-hydroxycyclohexyl]-5-(2-methylocatan-2-yl) phenol (also known as CP47,497) and homologues;

(3)

(6aS,10aS)-9-(hydroxmethyl)-6,6-dimethyl-3-(2-methyloctan-2-yl)-6a,7,10,10a-tetrahydrobenzo[c]chormen-1-ol (also known as HU-211 or Dexanabinol);

(4)

1-pentyl-3-(1-naphthoyl)indole (also known as JWH-018); or

(5)

1-butyl-3-(1-naphthoyl)indole (also known as JWH-073)

(6)

1-pentyl-3-(4-methocynaphthoyl)indole (also known as JWH-081).",-,"Possession, possession with intent to use, keep, Use",Sec. 8-4. - Illegal smoki,"Only prohibited for possesion/use with ""illegal smoking product"" defined as 

(1)

Salvia divinorum or Salvinorin A; all parts of the plant presently classified botanically as salvia divinorum, whether growing or not, the seeds thereof, any extract from any part of such plant, and every compound, manufacture, salts derivative, mixture or preparation of such plant, its seeds or extracts;

(2)

2-[(1R,3S)-3-hydroxycyclohexyl]-5-(2-methylocatan-2-yl) phenol (also known as CP47,497) and homologues;

(3)

(6aS,10aS)-9-(hydroxmethyl)-6,6-dimethyl-3-(2-methyloctan-2-yl)-6a,7,10,10a-tetrahydrobenzo[c]chormen-1-ol (also known as HU-211 or Dexanabinol);

(4)

1-pentyl-3-(1-naphthoyl)indole (also known as JWH-018); or

(5)

1-butyl-3-(1-naphthoyl)indole (also known as JWH-073)

(6)

1-pentyl-3-(4-methocynaphthoyl)indole (also known as JWH-081).",-,Unspecified Fine (NEW),Sec. 1-15. -,-,-,"Syringes for approved medical use (i.e. diabetes) , Other paraphernalia for approved medical use",Sec. 8-4. - Illegal smoki,-,-,-,-,-,-,-,-,-,-,-,-,-,-,-,-,-,-,-,-,-,-,-,-,-,-,-,-,-,-,-,-,-,-,-,-,-,-,-,-,-,-,-,-,-,-,-,-,-,-,-,-,-,-
"Lewisville, Denton County, Texas, United States",city,https://app.monqcle.com/org/cphlr/project/drug-paraphernalia-laws-1689792283/record/64043,DPL_2023_Consolidated,2022-12-31,2023-01-01,11,1,-,-,-,Municode,-,-,-,https://library.municode.com/tx/lewisville/codes/code_of_ordinances?nodeId=PTIICOOR_CH8MIOF_ARTIINGE_S8-4ILSMPR,-,-,-,08/16/2010,-,unknown date at bottom of ordinance,-,-,-,-,-,11/20/2023,-,-,-,"Known, current through date published in ordinance",-,-,-,Neither (ARCHIVE),-,-,-,-,-,-,-,-,-,-,-,"Syringes, hypodermic needles, other inject/ion/ing equipment/instrument/supplies , Pipes, other smoke/ing or inhal/ing/ation equipment or supplies, Other","Sec. 8-4. - Illegal smoki,Sec. 8-4. -","paraphernalia only prohibited when used for ""illegal smoking material"" defined as:

(1)

Salvia divinorum or Salvinorin A; all parts of the plant presently classified botanically as salvia divinorum, whether growing or not, the seeds thereof, any extract from any part of such plant, and every compound, manufacture, salts derivative, mixture or preparation of such plant, its seeds or extracts;

(2)

2-[(1R,3S)-3-hydroxycyclohexyl]-5-(2-methylocatan-2-yl) phenol (also known as CP47,497) and homologues;

(3)

(6aS,10aS)-9-(hydroxmethyl)-6,6-dimethyl-3-(2-methyloctan-2-yl)-6a,7,10,10a-tetrahydrobenzo[c]chormen-1-ol (also known as HU-211 or Dexanabinol);

(4)

1-pentyl-3-(1-naphthoyl)indole (also known as JWH-018); or

(5)

1-butyl-3-(1-naphthoyl)indole (also known as JWH-073)

(6)

1-pentyl-3-(4-methocynaphthoyl)indole (also known as JWH-081).",-,"Possession, possession with intent to use, keep, Use",Sec. 8-4. - Illegal smoki,-,-,Criminal (ARCHIVE) ,Sec. 1-15. -,-,-,Other paraphernalia for approved medical use,Sec. 8-4. - Illegal smoki,-,-,-,-,-,-,-,-,-,-,-,-,-,-,-,-,-,-,-,-,-,-,-,-,-,-,-,-,-,-,-,-,-,-,-,-,-,-,-,-,-,-,-,-,-,-,-,-,-,-,-,-,-,-
"Lexington, Fayette County, Kentucky, United States",city,https://app.monqcle.com/org/cphlr/project/drug-paraphernalia-laws-1689792283/record/63656,DPL_2023_Consolidated,2022-12-31,2023-01-01,1,0,-,-,-,-,-,-,-,-,-,-,-,-,-,-,-,-,-,-,-,-,-,-,-,-,-,-,-,-,-,-,-,-,-,-,-,-,-,-,-,-,-,-,-,-,-,-,-,-,-,-,-,-,-,-,-,-,-,-,-,-,-,-,-,-,-,-,-,-,-,-,-,-,-,-,-,-,-,-,-,-,-,-,-,-,-,-,-,-,-,-,-,-,-,-,-,-,-,-,-,-,-,-,-,-,-,-,-
"Lexington, Fayette County, Kentucky, United States",city,https://app.monqcle.com/org/cphlr/project/drug-paraphernalia-laws-1689792283/record/74868,DPL_2025_Consolidated,2022-12-31,2024-12-31,1,0,-,-,-,-,-,-,-,-,-,-,-,-,-,-,-,-,-,-,-,-,-,-,-,-,-,-,-,-,-,-,-,-,-,-,-,-,-,-,-,-,-,-,-,-,-,-,-,-,-,-,-,-,-,-,-,-,-,-,-,-,-,-,-,-,-,-,-,-,-,-,-,-,-,-,-,-,-,-,-,-,-,-,-,-,-,-,-,-,-,-,-,-,-,-,-,-,-,-,-,-,-,-,-,-,-,-,-
"Lincoln, Lancaster County, Nebraska, United States",city,https://app.monqcle.com/org/cphlr/project/drug-paraphernalia-laws-1689792283/record/63985,DPL_2023_Consolidated,2022-12-31,2023-01-01,11,1,-,-,-,self-published,-,-,-,https://online.encodeplus.com/regs/lincoln-ne/doc-viewer.aspx?secid=8841#secid-8841,-,-,-,10/07/2013,-,unknown date at bottom of ordinance,-,-,-,-,-,11/07/2023,-,month and date imputed,-,"Unknown, reflects date of data collection",-,-,-,State (ARCHIVE) ,9.48.130,-,-,-,-,-,-,-,-,-,-,"Syringes, hypodermic needles, other inject/ion/ing equipment/instrument/supplies , Pipes, other smoke/ing or inhal/ing/ation equipment or supplies, Other",9.48.010,-,-,"Possession, possession with intent to use, keep, Use",9.48.130,-,-,Criminal (ARCHIVE) ,"9.48.130,9.48.130",-,-,None,-,-,-,-,-,-,-,-,-,-,-,-,-,-,-,-,-,-,-,-,-,-,-,-,-,-,-,-,-,-,-,-,-,-,-,-,-,-,-,-,-,-,-,-,-,-,-,-,-,-,-,-,-,-,-
"Lincoln, Lancaster County, Nebraska, United States",city,https://app.monqcle.com/org/cphlr/project/drug-paraphernalia-laws-1689792283/record/74970,DPL_2025_Consolidated,2022-12-31,2024-12-31,12,1,-,-,-,self-published,-,-,-,https://online.encodeplus.com/regs/lincoln-ne/doc-viewer.aspx?secid=8841#secid-8841,-,-,-,10/07/2013,-,unknown date at bottom of ordinance,-,-,-,-,-,10/20/2025,-,date of data collection,-,"Unknown, reflects date of data collection",-,-,-,State (ARCHIVE) ,-,-,-,0,-,-,-,-,-,-,-,"Syringes, hypodermic needles, other inject/ion/ing equipment/instrument/supplies , Pipes, other smoke/ing or inhal/ing/ation equipment or supplies, Other","9.48.010,9.48.010 Definitions.",-,-,"Possession, possession with intent to use, keep, Use",9.48.130,-,-,Infraction (NEW),9.48.130,-,-,None,-,-,-,-,-,-,-,-,-,-,-,-,-,-,-,-,-,-,-,-,-,-,-,-,-,-,-,-,-,-,-,-,-,-,-,-,-,-,-,-,-,-,-,-,-,-,-,-,-,-,-,-,-,-,-
"Little Rock, Pulaski County, Arkansas, United States",city,https://app.monqcle.com/org/cphlr/project/drug-paraphernalia-laws-1689792283/record/63096,DPL_2023_Consolidated,2022-12-31,2023-01-01,1,0,-,-,-,-,-,-,-,-,-,-,-,-,-,-,-,-,-,-,-,-,-,-,-,-,-,-,-,-,-,-,-,-,-,-,-,-,-,-,-,-,-,-,-,-,-,-,-,-,-,-,-,-,-,-,-,-,-,-,-,-,-,-,-,-,-,-,-,-,-,-,-,-,-,-,-,-,-,-,-,-,-,-,-,-,-,-,-,-,-,-,-,-,-,-,-,-,-,-,-,-,-,-,-,-,-,-,-
"Little Rock, Pulaski County, Arkansas, United States",city,https://app.monqcle.com/org/cphlr/project/drug-paraphernalia-laws-1689792283/record/75360,DPL_2025_Consolidated,2022-12-31,2024-12-31,1,0,-,-,-,-,-,-,-,-,-,-,-,-,-,-,-,-,-,-,-,-,-,-,-,-,-,-,-,-,-,-,-,-,-,-,-,-,-,-,-,-,-,-,-,-,-,-,-,-,-,-,-,-,-,-,-,-,-,-,-,-,-,-,-,-,-,-,-,-,-,-,-,-,-,-,-,-,-,-,-,-,-,-,-,-,-,-,-,-,-,-,-,-,-,-,-,-,-,-,-,-,-,-,-,-,-,-,-
"Livermore, Alameda County, California, United States",city,https://app.monqcle.com/org/cphlr/project/drug-paraphernalia-laws-1689792283/record/63670,DPL_2023_Consolidated,2022-12-31,2023-01-01,11,1,-,-,-,self-published,-,-,-,https://www.codepublishing.com/CA/Livermore/,-,-,-,07/15/1987,-,unknown date at bottom of ordinance; only year provided ,-,-,-,-,-,11/13/2023,-,-,-,"Known, current through date published in ordinance",-,-,-,Both (ARCHIVE) ,"Chapter 8.12,Chapter 8.12",-,-,-,-,-,-,-,-,-,-,"Syringes, hypodermic needles, other inject/ion/ing equipment/instrument/supplies , Pipes, other smoke/ing or inhal/ing/ation equipment or supplies, Drug test/ing or check/ing equipment or supplies, Other",Chapter 8.12 DRUG PARAPHE,-,-,"Non-sale distribution/delivery (ARCHIVE), Possession, possession with intent to use, keep, Use, Advertising, display, Manufacturing, manufacture with intent to deliver or sell","Chapter 8.12 DRUG PARAPHE,Chapter 8.12 DRUG PARAPHE,Chapter 8.12 DRUG PARAPHE",-,-,"Criminal (ARCHIVE) , Forfeiture/Seizure",Chapter 8.12 DRUG PARAPHE,-,-,None,-,-,-,-,-,-,-,-,-,-,-,-,-,-,-,-,-,-,-,-,-,-,-,-,-,-,-,-,-,-,-,-,-,-,-,-,-,-,-,-,-,-,-,-,-,-,-,-,-,-,-,-,-,-,-
"Livermore, Alameda County, California, United States",city,https://app.monqcle.com/org/cphlr/project/drug-paraphernalia-laws-1689792283/record/77302,DPL_2025_Consolidated,2022-12-31,2024-12-31,12,1,-,-,-,Code Publishing Company ,-,-,-,https://www.codepublishing.com/CA/Livermore/,-,-,-,07/15/1987,-,unknown date at bottom of ordinance; only year provided ,-,-,-,-,-,06/23/2025,-,-,-,"Known, current through date published in ordinance",-,-,-,Both (ARCHIVE) ,-,-,-,0,-,-,-,-,-,-,-,"Syringes, hypodermic needles, other inject/ion/ing equipment/instrument/supplies , Pipes, other smoke/ing or inhal/ing/ation equipment or supplies, Drug test/ing or check/ing equipment or supplies, Other",Chapter 8.12 DRUG PARAPHE,-,-,"Delivery, possession with intent to deliver/distribute, distribution, transfer, furnish, exchange (NEW), Possession, possession with intent to use, keep, Use, Advertising, display, Manufacturing, manufacture with intent to deliver or sell","Chapter 8.12 DRUG PARAPHE,Chapter 8.12 DRUG PARAPHE,Chapter 8.12 DRUG PARAPHE",-,-,Forfeiture/Seizure,Chapter 8.12 DRUG PARAPHE,-,-,None,-,-,-,-,-,-,-,-,-,-,-,-,-,-,-,-,-,-,-,-,-,-,-,-,-,-,-,-,-,-,-,-,-,-,-,-,-,-,-,-,-,-,-,-,-,-,-,-,-,-,-,-,-,-,-
"Livonia, Wayne County, Michigan, United States",city,https://app.monqcle.com/org/cphlr/project/drug-paraphernalia-laws-1689792283/record/62949,DPL_2023_Consolidated,2022-12-31,2023-01-01,11,1,-,-,-,Municode,-,-,-,https://library.municode.com/mi/livonia/codes/code_of_ordinances?nodeId=CO_TIT9PUPEMOWE_CH9.30NADASU_9.30.110DRPAONDI,-,-,-,12/03/2018,-,unknown date at bottom,-,-,-,-,-,10/11/2023,-,-,-,"Known, current through date published in ordinance",-,-,-,State (ARCHIVE) ,CHAPTER 9.30. - NARCOTICS,-,-,-,-,-,-,-,-,-,-,"Syringes, hypodermic needles, other inject/ion/ing equipment/instrument/supplies , Pipes, other smoke/ing or inhal/ing/ation equipment or supplies, Drug test/ing or check/ing equipment or supplies, Other",CHAPTER 9.30. - NARCOTICS,-,-,"Sales (ARCHIVE), Non-sale distribution/delivery (ARCHIVE), Possession, possession with intent to use, keep, Other","CHAPTER 9.30. -,CHAPTER 9.30. -","dispense, give away, display, furnish, supply",-,"Criminal (ARCHIVE) , Forfeiture/Seizure",CHAPTER 9.30. - NARCOTICS,confiscation and disposal,-,"Syringes for approved medical use (i.e. diabetes) , Xylazine checking/testing equipment specifically, in the context syringe services, harm reduction programs, or supervised use sites (NEW), Professionals acting in their course of business [e.g. pharmacists, physicians, manufacturers], Public officials in the course of their duties, generally","CHAPTER 9.30. -,CHAPTER 9.30. -","A blender, bowl, container, spoon or mixing device not specifically designed for a use described in Section 9.30.050B
A hypodermic syringe or needle sold or offered for sale for the purpose of injecting or otherwise treating livestock or other animals; 7.

An object sold, offered for sale or given away by a state or local governmental agency or by a person specifically authorized by a state or local governmental agency to prevent the transmission of infectious agents.",-,-,-,-,-,-,-,-,-,-,-,-,-,-,-,-,-,-,-,-,-,-,-,-,-,-,-,-,-,-,-,-,-,-,-,-,-,-,-,-,-,-,-,-,-,-,-,-,-,-,-,-,-
"Long Beach, Los Angeles County, California, United States",city,https://app.monqcle.com/org/cphlr/project/drug-paraphernalia-laws-1689792283/record/74788,DPL_2025_Consolidated,2022-12-31,2024-12-31,1,0,-,-,-,-,-,-,-,-,-,-,-,-,-,-,-,-,-,-,-,-,-,-,-,-,-,-,-,-,-,-,-,-,-,-,-,-,-,-,-,-,-,-,-,-,-,-,-,-,-,-,-,-,-,-,-,-,-,-,-,-,-,-,-,-,-,-,-,-,-,-,-,-,-,-,-,-,-,-,-,-,-,-,-,-,-,-,-,-,-,-,-,-,-,-,-,-,-,-,-,-,-,-,-,-,-,-,-
"Long Beach, Los Angeles County, California, United States",city,https://app.monqcle.com/org/cphlr/project/drug-paraphernalia-laws-1689792283/record/63228,DPL_2023_Consolidated,2022-12-31,2023-01-01,1,0,-,-,-,-,-,-,-,-,-,-,-,-,-,-,-,-,-,-,-,-,-,-,-,-,-,-,-,-,-,-,-,-,-,-,-,-,-,-,-,-,-,-,-,-,-,-,-,-,-,-,-,-,-,-,-,-,-,-,-,-,-,-,-,-,-,-,-,-,-,-,-,-,-,-,-,-,-,-,-,-,-,-,-,-,-,-,-,-,-,-,-,-,-,-,-,-,-,-,-,-,-,-,-,-,-,-,-
"Longmont, Boulder County, Colorado, United States",city,https://app.monqcle.com/org/cphlr/project/drug-paraphernalia-laws-1689792283/record/62905,DPL_2023_Consolidated,2022-12-31,2023-01-01,11,1,-,-,-,Municode,-,-,-,https://library.municode.com/co/longmont/codes/code_of_ordinances?nodeId=PTIICOOR_TIT10PUPEMOWE_CH10.36MIOF_IVDRPA,-,-,-,01/08/2013,-,unknown date at bottom of ordinance,-,-,-,-,-,12/22/2023,-,-,-,"Known, current through date published in ordinance",-,-,-,State (ARCHIVE) ,IV. - DRUG PARAPHERN...,-,-,-,-,-,-,-,-,-,-,"Syringes, hypodermic needles, other inject/ion/ing equipment/instrument/supplies , Pipes, other smoke/ing or inhal/ing/ation equipment or supplies, Other",IV. - DRUG PARAPHERNALIA,-,-,"Possession, possession with intent to use, keep",IV. - DRUG PARAPHERN...,-,-,Criminal (ARCHIVE) ,IV. - DRUG PARAPHERN...,-,-,"Paraphernalia for consumption of cannabis, generally (ARCHIVE), Drug checking/testing equipment, generally",IV. - DRUG PARAPHERNALIA,-,-,-,-,-,-,-,-,-,-,-,-,-,-,-,-,-,-,-,-,-,-,-,-,-,-,-,-,-,-,-,-,-,-,-,-,-,-,-,-,-,-,-,-,-,-,-,-,-,-,-,-,-,-
"Longmont, Boulder County, Colorado, United States",city,https://app.monqcle.com/org/cphlr/project/drug-paraphernalia-laws-1689792283/record/77293,DPL_2025_Consolidated,2022-12-31,2024-12-31,14,1,-,-,-,Municode,-,-,-,https://library.municode.com/co/longmont/codes/code_of_ordinances?nodeId=PTIICOOR_TIT10PUPEMOWE_CH10.36MIOF_IVDRPA,-,-,-,01/08/2013,-,unknown date at bottom of ordinance,-,-,-,-,-,10/06/2025,-,-,-,"Known, current through date published in ordinance",-,-,-,State (ARCHIVE) ,-,-,-,0,-,-,-,-,-,-,-,"Syringes, hypodermic needles, other inject/ion/ing equipment/instrument/supplies , Pipes, other smoke/ing or inhal/ing/ation equipment or supplies, Other",IV. - DRUG PARAPHERNALIA,-,-,"Possession, possession with intent to use, keep",IV. - DRUG PARAPHERN...,-,-,Unspecified Fine (NEW),IV. - DRUG PARAPHERN...,-,-,"Paraphernalia for consumption of cannabis, generally or medical use (NEW), Drug checking/testing equipment, generally",IV. - DRUG PARAPHERNALIA,-,-,-,-,-,-,-,-,-,-,Possession,-,-,-,Possession,-,-,-,-,-,-,-,-,-,-,-,-,-,-,-,-,-,-,-,-,-,-,-,-,-,-,-,-,-,-,-,-,-,-,-,-,-,-,-
"Longview, Gregg County, Texas, United States",city,https://app.monqcle.com/org/cphlr/project/drug-paraphernalia-laws-1689792283/record/63793,DPL_2023_Consolidated,2022-12-31,2023-01-01,11,1,-,-,-,ALP,-,-,-,https://codelibrary.amlegal.com/codes/longview/latest/longview_tx/0-0-0-22662,-,-,-,08/12/2010,-,unknown date at bottom of ordinance,-,-,-,-,-,10/26/2023,-,-,-,"Known, current through date published in ordinance",-,-,-,Neither (ARCHIVE),-,-,-,-,-,-,-,-,-,-,-,"Syringes, hypodermic needles, other inject/ion/ing equipment/instrument/supplies , Pipes, other smoke/ing or inhal/ing/ation equipment or supplies, Other","Article II. Illegal ...,Article II. Illegal smoki","paraphernalia only prohibited when used for ""illegal smoking material"" defined as:
shall mean any substance, whether described as tobacco, herbs, incense, spice or any blend thereof, regardless of whether the substance is marketed for the purpose of being smoked, which includes any one or more of the following chemicals:

   (a)   Salvia divinorum or salvinorin A; all parts of the plant presently classified botanically as salvia divinorum, whether growing or not, the seeds thereof, any extract from any part of such plant, and every compound, manufacture, salts derivative, mixture or preparation of such plant, its seeds or extracts;

   (b)   2-[(1R, 3S)-3-hydroxycyclohexyl}--5--(2--methylocatan--2--yl) phenol (also known as CP47, 497) and homologues;

(c)   (6aS, 10aS)--9--(hydroxmethyl)--6, 6-dimethyl-3-(2-methyloctan-2-yl)--6a, 7, 10, 10a-tetrahydrobenzo [c] chormen-1-ol) (also known as HU-211 or Dexanabinol);

(d)   1-Pentyl-3-(1-naphthoyl) indole (also known as JWH-018); or

(e)   Butyl-3-(naphthoyl indole (also known as JWH-073).

(f)   1-pentyl-3-(4-methoxynaphthoyl) indole (also known as JWH-081).",-,"Possession, possession with intent to use, keep, Use",Article II. Illegal ...,-,-,Criminal (ARCHIVE) ,-,-,-,Other paraphernalia for approved medical use,Article II. Illegal smoki,-,-,-,-,-,-,-,-,-,-,-,-,-,-,-,-,-,-,-,-,-,-,-,-,-,-,-,-,-,-,-,-,-,-,-,-,-,-,-,-,-,-,-,-,-,-,-,-,-,-,-,-,-,-
"Longview, Gregg County, Texas, United States",city,https://app.monqcle.com/org/cphlr/project/drug-paraphernalia-laws-1689792283/record/77324,DPL_2025_Consolidated,2022-12-31,2024-12-31,12,1,-,-,-,ALP,-,-,-,https://codelibrary.amlegal.com/codes/longview/latest/longview_tx/0-0-0-22662,-,-,-,08/12/2010,-,unknown date at bottom of ordinance,-,-,-,-,-,03/27/2025,-,-,-,"Known, current through date published in ordinance",-,-,-,Neither (ARCHIVE),-,-,-,0,-,-,-,-,-,-,-,"Syringes, hypodermic needles, other inject/ion/ing equipment/instrument/supplies , Pipes, other smoke/ing or inhal/ing/ation equipment or supplies, Other","Article II. Illegal smoki,Article II. Illegal ...","Only prohibited for possesion/use with ""illegal smoking product"" defined as 

shall mean any substance, whether described as tobacco, herbs, incense, spice or any blend thereof, regardless of whether the substance is marketed for the purpose of being smoked, which includes any one or more of the following chemicals:

   (a)   Salvia divinorum or salvinorin A; all parts of the plant presently classified botanically as salvia divinorum, whether growing or not, the seeds thereof, any extract from any part of such plant, and every compound, manufacture, salts derivative, mixture or preparation of such plant, its seeds or extracts;

   (b)   2-[(1R, 3S)-3-hydroxycyclohexyl}--5--(2--methylocatan--2--yl) phenol (also known as CP47, 497) and homologues;

(c)   (6aS, 10aS)--9--(hydroxmethyl)--6, 6-dimethyl-3-(2-methyloctan-2-yl)--6a, 7, 10, 10a-tetrahydrobenzo [c] chormen-1-ol) (also known as HU-211 or Dexanabinol);

(d)   1-Pentyl-3-(1-naphthoyl) indole (also known as JWH-018); or

(e)   Butyl-3-(naphthoyl indole (also known as JWH-073).

(f)   1-pentyl-3-(4-methoxynaphthoyl) indole (also known as JWH-081).",-,"Possession, possession with intent to use, keep, Use",Article II. Illegal ...,"Only prohibited for possesion/use with ""illegal smoking product"" defined as 

shall mean any substance, whether described as tobacco, herbs, incense, spice or any blend thereof, regardless of whether the substance is marketed for the purpose of being smoked, which includes any one or more of the following chemicals:

   (a)   Salvia divinorum or salvinorin A; all parts of the plant presently classified botanically as salvia divinorum, whether growing or not, the seeds thereof, any extract from any part of such plant, and every compound, manufacture, salts derivative, mixture or preparation of such plant, its seeds or extracts;

   (b)   2-[(1R, 3S)-3-hydroxycyclohexyl}--5--(2--methylocatan--2--yl) phenol (also known as CP47, 497) and homologues;

(c)   (6aS, 10aS)--9--(hydroxmethyl)--6, 6-dimethyl-3-(2-methyloctan-2-yl)--6a, 7, 10, 10a-tetrahydrobenzo [c] chormen-1-ol) (also known as HU-211 or Dexanabinol);

(d)   1-Pentyl-3-(1-naphthoyl) indole (also known as JWH-018); or

(e)   Butyl-3-(naphthoyl indole (also known as JWH-073).

(f)   1-pentyl-3-(4-methoxynaphthoyl) indole (also known as JWH-081).",-,Unspecified Fine (NEW),Sec. 1-4. General penalty,-,-,"Syringes for approved medical use (i.e. diabetes) , Other paraphernalia for approved medical use",Article II. Illegal smoki,-,-,-,-,-,-,-,-,-,-,-,-,-,-,-,-,-,-,-,-,-,-,-,-,-,-,-,-,-,-,-,-,-,-,-,-,-,-,-,-,-,-,-,-,-,-,-,-,-,-,-,-,-,-
"Los Angeles, Los Angeles County, California, United States",city,https://app.monqcle.com/org/cphlr/project/drug-paraphernalia-laws-1689792283/record/73725,DPL_2025_Consolidated,2022-12-31,2024-12-31,1,0,-,-,-,-,-,-,-,-,-,-,-,-,-,-,-,-,-,-,-,-,-,-,-,-,-,-,-,-,-,-,-,-,-,-,-,-,-,-,-,-,-,-,-,-,-,-,-,-,-,-,-,-,-,-,-,-,-,-,-,-,-,-,-,-,-,-,-,-,-,-,-,-,-,-,-,-,-,-,-,-,-,-,-,-,-,-,-,-,-,-,-,-,-,-,-,-,-,-,-,-,-,-,-,-,-,-,-
"Los Angeles, Los Angeles County, California, United States",city,https://app.monqcle.com/org/cphlr/project/drug-paraphernalia-laws-1689792283/record/64118,DPL_2023_Consolidated,2022-12-31,2023-01-01,1,0,-,-,-,-,-,-,-,-,-,-,-,-,-,-,-,-,-,-,-,-,-,-,-,-,-,-,-,-,-,-,-,-,-,-,-,-,-,-,-,-,-,-,-,-,-,-,-,-,-,-,-,-,-,-,-,-,-,-,-,-,-,-,-,-,-,-,-,-,-,-,-,-,-,-,-,-,-,-,-,-,-,-,-,-,-,-,-,-,-,-,-,-,-,-,-,-,-,-,-,-,-,-,-,-,-,-,-
"Louisville, Jefferson County, Kentucky, United States",city,https://app.monqcle.com/org/cphlr/project/drug-paraphernalia-laws-1689792283/record/63412,DPL_2023_Consolidated,2022-12-31,2023-01-01,1,0,-,-,-,-,-,-,-,-,-,-,-,-,-,-,-,-,-,-,-,-,-,-,-,-,-,-,-,-,-,-,-,-,-,-,-,-,-,-,-,-,-,-,-,-,-,-,-,-,-,-,-,-,-,-,-,-,-,-,-,-,-,-,-,-,-,-,-,-,-,-,-,-,-,-,-,-,-,-,-,-,-,-,-,-,-,-,-,-,-,-,-,-,-,-,-,-,-,-,-,-,-,-,-,-,-,-,-
"Louisville, Jefferson County, Kentucky, United States",city,https://app.monqcle.com/org/cphlr/project/drug-paraphernalia-laws-1689792283/record/74893,DPL_2025_Consolidated,2022-12-31,2024-12-31,1,0,-,-,-,-,-,-,-,-,-,-,-,-,-,-,-,-,-,-,-,-,-,-,-,-,-,-,-,-,-,-,-,-,-,-,-,-,-,-,-,-,-,-,-,-,-,-,-,-,-,-,-,-,-,-,-,-,-,-,-,-,-,-,-,-,-,-,-,-,-,-,-,-,-,-,-,-,-,-,-,-,-,-,-,-,-,-,-,-,-,-,-,-,-,-,-,-,-,-,-,-,-,-,-,-,-,-,-
"Loveland, Larimer County, Colorado, United States",city,https://app.monqcle.com/org/cphlr/project/drug-paraphernalia-laws-1689792283/record/77325,DPL_2025_Consolidated,2022-12-31,2024-12-31,13,1,-,-,-,Municode,-,-,-,https://library.municode.com/co/loveland/codes/code_of_ordinances?nodeId=TIT9PUPEORMO_IVOFAGPUPE_CH9.41MADRPA,-,-,-,07/15/2013,-,-,-,-,-,-,-,07/16/2025,-,-,-,"Known, current through date published in ordinance",-,-,-,Both (ARCHIVE) ,-,-,-,0,-,-,-,-,-,-,-,"Syringes, hypodermic needles, other inject/ion/ing equipment/instrument/supplies , Pipes, other smoke/ing or inhal/ing/ation equipment or supplies, Drug test/ing or check/ing equipment or supplies, Other",CHAPTER 9.41. - MARIJUANA,-,-,"Sales, possession with intent to sell, offer for sale (NEW), Delivery, possession with intent to deliver/distribute, distribution, transfer, furnish, exchange (NEW), Possession, possession with intent to use, keep",CHAPTER 9.41. - MARIJUANA,-,-,"Unspecified Fine (NEW), Incarceration (NEW)",1.12.010 -,-,-,"Paraphernalia for consumption of cannabis, generally or medical use (NEW)",CHAPTER 9.41. - MARIJUANA,-,-,-,-,-,-,-,-,-,-,"Possession, Distribution, Sales",-,-,-,-,-,-,-,-,-,-,-,-,-,-,-,-,-,-,-,-,-,-,-,-,-,-,-,-,-,-,-,-,-,-,-,-,-,-,-,-,-,-,-
"Loveland, Larimer County, Colorado, United States",city,https://app.monqcle.com/org/cphlr/project/drug-paraphernalia-laws-1689792283/record/63997,DPL_2023_Consolidated,2022-12-31,2023-01-01,11,1,-,-,-,Municode,-,-,-,https://library.municode.com/co/loveland/codes/code_of_ordinances?nodeId=TIT9PUPEORMO_IVOFAGPUPE_CH9.41MADRPA,-,-,-,07/15/2013,-,-,-,-,-,-,-,05/30/2023,-,-,-,"Known, current through date published in ordinance",-,-,-,Both (ARCHIVE) ,"CHAPTER 9.41. -,CHAPTER 9.41. -",-,-,-,-,-,-,-,-,-,-,"Syringes, hypodermic needles, other inject/ion/ing equipment/instrument/supplies , Pipes, other smoke/ing or inhal/ing/ation equipment or supplies, Drug test/ing or check/ing equipment or supplies, Other",CHAPTER 9.41. - MARIJUANA,-,-,"Sales (ARCHIVE), Possession, possession with intent to use, keep, Other",CHAPTER 9.41. - MARIJUANA,"offer for sale, transfer ",-,Criminal (ARCHIVE) ,1.12.010 -,-,-,Other paraphernalia for approved medical use,CHAPTER 9.41. - MARIJUANA,medical marijuana ,-,-,-,-,-,-,-,-,-,-,-,-,-,-,-,-,-,-,-,-,-,-,-,-,-,-,-,-,-,-,-,-,-,-,-,-,-,-,-,-,-,-,-,-,-,-,-,-,-,-,-,-,-
"Lowell, Middlesex County, Massachusetts, United States",city,https://app.monqcle.com/org/cphlr/project/drug-paraphernalia-laws-1689792283/record/76290,DPL_2025_Consolidated,2022-12-31,2024-12-31,12,1,-,-,-,Ecode 360,-,-,-,https://ecode360.com/8184862?highlight=paraphernalia&searchId=18057629466099299#search-highlight-8184862-0,-,-,-,10/25/1988,-,-,-,-,-,-,-,08/12/2025,-,-,-,"Known, current through date published in ordinance",-,-,-,State (ARCHIVE) ,-,-,-,0,-,-,-,-,-,-,-,"Syringes, hypodermic needles, other inject/ion/ing equipment/instrument/supplies , Pipes, other smoke/ing or inhal/ing/ation equipment or supplies, Drug test/ing or check/ing equipment or supplies, Other",222-9 Drug paraphernalia.,-,-,"Sales, possession with intent to sell, offer for sale (NEW), Manufacturing, manufacture with intent to deliver or sell",222-9,-,-,Unspecified Fine (NEW),222-9,-,-,None,-,-,-,-,-,-,-,-,-,-,-,-,-,-,-,-,-,-,-,-,-,-,-,-,-,-,-,-,-,-,-,-,-,-,-,-,-,-,-,-,-,-,-,-,-,-,-,-,-,-,-,-,-,-,-
"Lowell, Middlesex County, Massachusetts, United States",city,https://app.monqcle.com/org/cphlr/project/drug-paraphernalia-laws-1689792283/record/63106,DPL_2023_Consolidated,2022-12-31,2023-01-01,11,1,-,-,-,Ecode 360,-,-,-,https://ecode360.com/8184862?highlight=paraphernalia&searchId=18057629466099299#search-highlight-8184862-0,-,-,-,10/25/1988,-,-,-,-,-,-,-,01/02/2024,-,-,-,"Known, current through date published in ordinance",-,-,-,State (ARCHIVE) ,222-9,-,-,-,-,-,-,-,-,-,-,"Syringes, hypodermic needles, other inject/ion/ing equipment/instrument/supplies , Pipes, other smoke/ing or inhal/ing/ation equipment or supplies, Drug test/ing or check/ing equipment or supplies, Other",222-9 Drug paraphernalia.,-,-,"Sales (ARCHIVE), Manufacturing, manufacture with intent to deliver or sell",222-9,-,-,Civil (ARCHIVE),222-9,-,-,None,-,-,-,-,-,-,-,-,-,-,-,-,-,-,-,-,-,-,-,-,-,-,-,-,-,-,-,-,-,-,-,-,-,-,-,-,-,-,-,-,-,-,-,-,-,-,-,-,-,-,-,-,-,-,-
"Lubbock, Lubbock County, Texas, United States",city,https://app.monqcle.com/org/cphlr/project/drug-paraphernalia-laws-1689792283/record/63179,DPL_2023_Consolidated ,2022-12-31,2023-01-01,1,0,-,-,-,-,-,-,-,-,-,-,-,-,-,-,-,-,-,-,-,-,-,-,-,-,-,-,-,-,-,-,-,-,-,-,-,-,-,-,-,-,-,-,-,-,-,-,-,-,-,-,-,-,-,-,-,-,-,-,-,-,-,-,-,-,-,-,-,-,-,-,-,-,-,-,-,-,-,-,-,-,-,-,-,-,-,-,-,-,-,-,-,-,-,-,-,-,-,-,-,-,-,-,-,-,-,-,-
"Lubbock, Lubbock County, Texas, United States",city,https://app.monqcle.com/org/cphlr/project/drug-paraphernalia-laws-1689792283/record/75156,DPL_2025_Consolidated,2022-12-31,2024-12-31,1,0,-,-,-,-,-,-,-,-,-,-,-,-,-,-,-,-,-,-,-,-,-,-,-,-,-,-,-,-,-,-,-,-,-,-,-,-,-,-,-,-,-,-,-,-,-,-,-,-,-,-,-,-,-,-,-,-,-,-,-,-,-,-,-,-,-,-,-,-,-,-,-,-,-,-,-,-,-,-,-,-,-,-,-,-,-,-,-,-,-,-,-,-,-,-,-,-,-,-,-,-,-,-,-,-,-,-,-
"Lynchburg, Virginia, United States",city,https://app.monqcle.com/org/cphlr/project/drug-paraphernalia-laws-1689792283/record/77407,DPL_2025_Consolidated,2022-12-31,2024-12-31,1,0,-,-,-,-,-,-,-,-,-,-,-,-,-,-,-,-,-,-,-,-,-,-,-,-,-,-,-,-,-,-,-,-,-,-,-,-,-,-,-,-,-,-,-,-,-,-,-,-,-,-,-,-,-,-,-,-,-,-,-,-,-,-,-,-,-,-,-,-,-,-,-,-,-,-,-,-,-,-,-,-,-,-,-,-,-,-,-,-,-,-,-,-,-,-,-,-,-,-,-,-,-,-,-,-,-,-,-
"Lynchburg, Virginia, United States",city,https://app.monqcle.com/org/cphlr/project/drug-paraphernalia-laws-1689792283/record/62837,DPL_2023_Consolidated ,2022-12-31,2023-01-01,1,0,-,-,-,-,-,-,-,-,-,-,-,-,-,-,-,-,-,-,-,-,-,-,-,-,-,-,-,-,-,-,-,-,-,-,-,-,-,-,-,-,-,-,-,-,-,-,-,-,-,-,-,-,-,-,-,-,-,-,-,-,-,-,-,-,-,-,-,-,-,-,-,-,-,-,-,-,-,-,-,-,-,-,-,-,-,-,-,-,-,-,-,-,-,-,-,-,-,-,-,-,-,-,-,-,-,-,-
"Macon, Bibb County, Georgia, United States",city,https://app.monqcle.com/org/cphlr/project/drug-paraphernalia-laws-1689792283/record/75627,DPL_2025_Consolidated,2022-12-31,2024-12-31,1,0,-,-,-,-,-,-,-,-,-,-,-,-,-,-,-,-,-,-,-,-,-,-,-,-,-,-,-,-,-,-,-,-,-,-,-,-,-,-,-,-,-,-,-,-,-,-,-,-,-,-,-,-,-,-,-,-,-,-,-,-,-,-,-,-,-,-,-,-,-,-,-,-,-,-,-,-,-,-,-,-,-,-,-,-,-,-,-,-,-,-,-,-,-,-,-,-,-,-,-,-,-,-,-,-,-,-,-
"Macon, Bibb County, Georgia, United States",city,https://app.monqcle.com/org/cphlr/project/drug-paraphernalia-laws-1689792283/record/63610,DPL_2023_Consolidated ,2022-12-31,2023-01-01,1,0,-,-,-,-,-,-,-,-,-,-,-,-,-,-,-,-,-,-,-,-,-,-,-,-,-,-,-,-,-,-,-,-,-,-,-,-,-,-,-,-,-,-,-,-,-,-,-,-,-,-,-,-,-,-,-,-,-,-,-,-,-,-,-,-,-,-,-,-,-,-,-,-,-,-,-,-,-,-,-,-,-,-,-,-,-,-,-,-,-,-,-,-,-,-,-,-,-,-,-,-,-,-,-,-,-,-,-
"Madison, Dane County, Wisconsin, United States",city,https://app.monqcle.com/org/cphlr/project/drug-paraphernalia-laws-1689792283/record/62830,DPL_2023_Consolidated,2022-12-31,2023-01-01,12,1,-,-,-,Municode,-,-,-,https://library.municode.com/wi/madison/codes/code_of_ordinances?nodeId=COORMAWIVOIICH20--31_CH23OFAGPUPO_23.201PODRPA,-,-,-,12/03/2020,-,-,-,12/04/2020,-,-,-,11/02/2023,-,-,-,"Known, current through date published in ordinance",-,-,-,State (ARCHIVE) ,23.201 -,-,-,-,-,-,-,-,-,-,-,"Syringes, hypodermic needles, other inject/ion/ing equipment/instrument/supplies , Pipes, other smoke/ing or inhal/ing/ation equipment or supplies, Drug test/ing or check/ing equipment or supplies, Other",23.201 -,-,-,"Possession, possession with intent to use, keep, Use",23.201 -,-,-,Civil (ARCHIVE),23.201 -,-,-,"Paraphernalia for consumption of cannabis, generally (ARCHIVE)",23.201 -,-,-,-,-,-,-,-,-,-,-,-,-,-,-,-,-,-,-,-,-,-,-,-,-,-,-,-,-,-,-,-,-,-,-,-,-,-,-,-,-,-,-,-,-,-,-,-,-,-,-,-,-,-,-
"Madison, Dane County, Wisconsin, United States",city,https://app.monqcle.com/org/cphlr/project/drug-paraphernalia-laws-1689792283/record/75473,DPL_2025_Consolidated,2022-12-31,2024-12-31,14,1,-,-,-,Municode,-,-,-,https://library.municode.com/wi/madison/codes/code_of_ordinances?nodeId=COORMAWIVOIICH20--31_CH23OFAGPUPO_23.201PODRPA,-,-,-,12/03/2020,-,-,-,12/04/2020,-,-,-,09/30/2025,-,-,-,"Known, current through date published in ordinance",-,-,-,State (ARCHIVE) ,-,-,-,0,-,-,-,-,-,-,-,"Syringes, hypodermic needles, other inject/ion/ing equipment/instrument/supplies , Pipes, other smoke/ing or inhal/ing/ation equipment or supplies, Drug test/ing or check/ing equipment or supplies, Other",23.201 -,-,-,"Possession, possession with intent to use, keep, Use",23.201 -,-,-,Unspecified Fine (NEW),23.201 -,-,-,"Paraphernalia for consumption of cannabis, generally or medical use (NEW)",23.201 - POSSESSION OF DR,-,-,-,-,-,-,-,-,-,-,Possession,-,-,-,-,-,-,-,-,-,-,-,-,-,-,-,-,-,-,-,-,-,-,-,-,-,-,-,-,-,-,-,-,-,-,-,-,-,-,-,-,-,-,-
"Manchester, Hillsborough County, New Hampshire, United States",city,https://app.monqcle.com/org/cphlr/project/drug-paraphernalia-laws-1689792283/record/79302,DPL_2025_Consolidated,2022-12-31,2024-12-31,1,0,-,-,-,-,-,-,-,-,-,-,-,-,-,-,-,-,-,-,-,-,-,-,-,-,-,-,-,-,-,-,-,-,-,-,-,-,-,-,-,-,-,-,-,-,-,-,-,-,-,-,-,-,-,-,-,-,-,-,-,-,-,-,-,-,-,-,-,-,-,-,-,-,-,-,-,-,-,-,-,-,-,-,-,-,-,-,-,-,-,-,-,-,-,-,-,-,-,-,-,-,-,-,-,-,-,-,-
"Manchester, Hillsborough County, New Hampshire, United States",city,https://app.monqcle.com/org/cphlr/project/drug-paraphernalia-laws-1689792283/record/63800,DPL_2023_Consolidated,2022-12-31,2023-01-01,1,0,-,-,-,-,-,-,-,-,-,-,-,-,-,-,-,-,-,-,-,-,-,-,-,-,-,-,-,-,-,-,-,-,-,-,-,-,-,-,-,-,-,-,-,-,-,-,-,-,-,-,-,-,-,-,-,-,-,-,-,-,-,-,-,-,-,-,-,-,-,-,-,-,-,-,-,-,-,-,-,-,-,-,-,-,-,-,-,-,-,-,-,-,-,-,-,-,-,-,-,-,-,-,-,-,-,-,-
"Manteca, San Joaquin County, California, United States",city,https://app.monqcle.com/org/cphlr/project/drug-paraphernalia-laws-1689792283/record/77399,DPL_2025_Consolidated,2022-12-31,2024-12-31,1,0,-,-,-,-,-,-,-,-,-,-,-,-,-,-,-,-,-,-,-,-,-,-,-,-,-,-,-,-,-,-,-,-,-,-,-,-,-,-,-,-,-,-,-,-,-,-,-,-,-,-,-,-,-,-,-,-,-,-,-,-,-,-,-,-,-,-,-,-,-,-,-,-,-,-,-,-,-,-,-,-,-,-,-,-,-,-,-,-,-,-,-,-,-,-,-,-,-,-,-,-,-,-,-,-,-,-,-
"Manteca, San Joaquin County, California, United States",city,https://app.monqcle.com/org/cphlr/project/drug-paraphernalia-laws-1689792283/record/63276,DPL_2023_Consolidated,2022-12-31,2023-01-01,1,0,-,-,-,-,-,-,-,-,-,-,-,-,-,-,-,-,-,-,-,-,-,-,-,-,-,-,-,-,-,-,-,-,-,-,-,-,-,-,-,-,-,-,-,-,-,-,-,-,-,-,-,-,-,-,-,-,-,-,-,-,-,-,-,-,-,-,-,-,-,-,-,-,-,-,-,-,-,-,-,-,-,-,-,-,-,-,-,-,-,-,-,-,-,-,-,-,-,-,-,-,-,-,-,-,-,-,-
"Marion County, Indiana, United States",county,https://app.monqcle.com/org/cphlr/project/drug-paraphernalia-laws-1689792283/record/74629,DPL_2025_Consolidated,2022-12-31,2024-12-31,1,0,-,-,-,-,-,-,-,-,-,-,-,-,-,-,-,-,-,-,-,-,-,-,-,-,-,-,-,-,-,-,-,-,-,-,-,-,-,-,-,-,-,-,-,-,-,-,-,-,-,-,-,-,-,-,-,-,-,-,-,-,-,-,-,-,-,-,-,-,-,-,-,-,-,-,-,-,-,-,-,-,-,-,-,-,-,-,-,-,-,-,-,-,-,-,-,-,-,-,-,-,-,-,-,-,-,-,-
"Marion County, Indiana, United States",county,https://app.monqcle.com/org/cphlr/project/drug-paraphernalia-laws-1689792283/record/63321,DPL_2023_Consolidated,2022-12-31,2023-01-01,1,0,-,-,-,-,-,-,-,-,-,-,-,-,-,-,-,-,-,-,-,-,-,-,-,-,-,-,-,-,-,-,-,-,-,-,-,-,-,-,-,-,-,-,-,-,-,-,-,-,-,-,-,-,-,-,-,-,-,-,-,-,-,-,-,-,-,-,-,-,-,-,-,-,-,-,-,-,-,-,-,-,-,-,-,-,-,-,-,-,-,-,-,-,-,-,-,-,-,-,-,-,-,-,-,-,-,-,-
"McAllen, Hidalgo County, Texas, United States",city,https://app.monqcle.com/org/cphlr/project/drug-paraphernalia-laws-1689792283/record/62883,DPL_2023_Consolidated ,2022-12-31,2023-01-01,1,0,-,-,-,-,-,-,-,-,-,-,-,-,-,-,-,-,-,-,-,-,-,-,-,-,-,-,-,-,-,-,-,-,-,-,-,-,-,-,-,-,-,-,-,-,-,-,-,-,-,-,-,-,-,-,-,-,-,-,-,-,-,-,-,-,-,-,-,-,-,-,-,-,-,-,-,-,-,-,-,-,-,-,-,-,-,-,-,-,-,-,-,-,-,-,-,-,-,-,-,-,-,-,-,-,-,-,-
"McAllen, Hidalgo County, Texas, United States",city,https://app.monqcle.com/org/cphlr/project/drug-paraphernalia-laws-1689792283/record/75760,DPL_2025_Consolidated,2022-12-31,2024-12-31,1,0,-,-,-,-,-,-,-,-,-,-,-,-,-,-,-,-,-,-,-,-,-,-,-,-,-,-,-,-,-,-,-,-,-,-,-,-,-,-,-,-,-,-,-,-,-,-,-,-,-,-,-,-,-,-,-,-,-,-,-,-,-,-,-,-,-,-,-,-,-,-,-,-,-,-,-,-,-,-,-,-,-,-,-,-,-,-,-,-,-,-,-,-,-,-,-,-,-,-,-,-,-,-,-,-,-,-,-
"McKinney, Collin County, Texas, United States",city,https://app.monqcle.com/org/cphlr/project/drug-paraphernalia-laws-1689792283/record/62651,DPL_2023_Consolidated,2022-12-31,2023-01-01,11,1,-,-,-,Municode,-,-,-,https://library.municode.com/tx/mckinney/codes/code_of_ordinances?nodeId=SPAGEOR_CH70OFMIPR_ARTVIISM_DIV3OTPRSU_S70-190DE,-,-,-,07/20/2010,-,Unknown date at bottom of ordinance,-,-,-,-,-,01/30/2023,-,-,-,"Known, current through date published in ordinance",-,-,-,Neither (ARCHIVE),-,-,-,-,-,-,-,-,-,-,-,"Pipes, other smoke/ing or inhal/ing/ation equipment or supplies",DIVISION 3. - OTHER PROHI,-,-,"Possession, possession with intent to use, keep, Use",DIVISION 3. - OTHER PROHI,violation requires traces of restricted smoking material on the paraphernalia ,-,Criminal (ARCHIVE) ,DIVISION 3. -,-,-,"Other paraphernalia for approved medical use, Xylazine checking/testing equipment specifically, in the context syringe services, harm reduction programs, or supervised use sites (NEW)",DIVISION 3. - OTHER PROHI,Religious,-,-,-,-,-,-,-,-,-,-,-,-,-,-,-,-,-,-,-,-,-,-,-,-,-,-,-,-,-,-,-,-,-,-,-,-,-,-,-,-,-,-,-,-,-,-,-,-,-,-,-,-,-
"Medford, Jackson County, Oregon, United States",city,https://app.monqcle.com/org/cphlr/project/drug-paraphernalia-laws-1689792283/record/62893,DPL_2023_Consolidated,2022-12-31,2023-01-01,1,0,-,-,-,-,-,-,-,-,-,-,-,-,-,-,-,-,-,-,-,-,-,-,-,-,-,-,-,-,-,-,-,-,-,-,-,-,-,-,-,-,-,-,-,-,-,-,-,-,-,-,-,-,-,-,-,-,-,-,-,-,-,-,-,-,-,-,-,-,-,-,-,-,-,-,-,-,-,-,-,-,-,-,-,-,-,-,-,-,-,-,-,-,-,-,-,-,-,-,-,-,-,-,-,-,-,-,-
"Medford, Jackson County, Oregon, United States",city,https://app.monqcle.com/org/cphlr/project/drug-paraphernalia-laws-1689792283/record/76905,DPL_2025_Consolidated,2022-12-31,2024-12-31,1,0,-,-,-,-,-,-,-,-,-,-,-,-,-,-,-,-,-,-,-,-,-,-,-,-,-,-,-,-,-,-,-,-,-,-,-,-,-,-,-,-,-,-,-,-,-,-,-,-,-,-,-,-,-,-,-,-,-,-,-,-,-,-,-,-,-,-,-,-,-,-,-,-,-,-,-,-,-,-,-,-,-,-,-,-,-,-,-,-,-,-,-,-,-,-,-,-,-,-,-,-,-,-,-,-,-,-,-
"Melbourne, Brevard County, Florida, United States",city,https://app.monqcle.com/org/cphlr/project/drug-paraphernalia-laws-1689792283/record/76894,DPL_2025_Consolidated,2022-12-31,2024-12-31,1,0,-,-,-,-,-,-,-,-,-,-,-,-,-,-,-,-,-,-,-,-,-,-,-,-,-,-,-,-,-,-,-,-,-,-,-,-,-,-,-,-,-,-,-,-,-,-,-,-,-,-,-,-,-,-,-,-,-,-,-,-,-,-,-,-,-,-,-,-,-,-,-,-,-,-,-,-,-,-,-,-,-,-,-,-,-,-,-,-,-,-,-,-,-,-,-,-,-,-,-,-,-,-,-,-,-,-,-
"Melbourne, Brevard County, Florida, United States",city,https://app.monqcle.com/org/cphlr/project/drug-paraphernalia-laws-1689792283/record/63868,DPL_2023_Consolidated,2022-12-31,2023-01-01,1,0,-,-,-,-,-,-,-,-,-,-,-,-,-,-,-,-,-,-,-,-,-,-,-,-,-,-,-,-,-,-,-,-,-,-,-,-,-,-,-,-,-,-,-,-,-,-,-,-,-,-,-,-,-,-,-,-,-,-,-,-,-,-,-,-,-,-,-,-,-,-,-,-,-,-,-,-,-,-,-,-,-,-,-,-,-,-,-,-,-,-,-,-,-,-,-,-,-,-,-,-,-,-,-,-,-,-,-
"Memphis, Shelby County, Tennessee, United States",city,https://app.monqcle.com/org/cphlr/project/drug-paraphernalia-laws-1689792283/record/74906,DPL_2025_Consolidated,2022-12-31,2024-12-31,1,0,-,-,-,-,-,-,-,-,-,-,-,-,-,-,-,-,-,-,-,-,-,-,-,-,-,-,-,-,-,-,-,-,-,-,-,-,-,-,-,-,-,-,-,-,-,-,-,-,-,-,-,-,-,-,-,-,-,-,-,-,-,-,-,-,-,-,-,-,-,-,-,-,-,-,-,-,-,-,-,-,-,-,-,-,-,-,-,-,-,-,-,-,-,-,-,-,-,-,-,-,-,-,-,-,-,-,-
"Memphis, Shelby County, Tennessee, United States",city,https://app.monqcle.com/org/cphlr/project/drug-paraphernalia-laws-1689792283/record/63586,DPL_2023_Consolidated,2022-12-31,2023-01-01,1,0,-,-,-,-,-,-,-,-,-,-,-,-,-,-,-,-,-,-,-,-,-,-,-,-,-,-,-,-,-,-,-,-,-,-,-,-,-,-,-,-,-,-,-,-,-,-,-,-,-,-,-,-,-,-,-,-,-,-,-,-,-,-,-,-,-,-,-,-,-,-,-,-,-,-,-,-,-,-,-,-,-,-,-,-,-,-,-,-,-,-,-,-,-,-,-,-,-,-,-,-,-,-,-,-,-,-,-
"Menifee, Riverside County, California, United States",city,https://app.monqcle.com/org/cphlr/project/drug-paraphernalia-laws-1689792283/record/76690,DPL_2025_Consolidated,2022-12-31,2024-12-31,1,0,-,-,-,-,-,-,-,-,-,-,-,-,-,-,-,-,-,-,-,-,-,-,-,-,-,-,-,-,-,-,-,-,-,-,-,-,-,-,-,-,-,-,-,-,-,-,-,-,-,-,-,-,-,-,-,-,-,-,-,-,-,-,-,-,-,-,-,-,-,-,-,-,-,-,-,-,-,-,-,-,-,-,-,-,-,-,-,-,-,-,-,-,-,-,-,-,-,-,-,-,-,-,-,-,-,-,-
"Menifee, Riverside County, California, United States",city,https://app.monqcle.com/org/cphlr/project/drug-paraphernalia-laws-1689792283/record/63289,DPL_2023_Consolidated,2022-12-31,2023-01-01,1,0,-,-,-,-,-,-,-,-,-,-,-,-,-,-,-,-,-,-,-,-,-,-,-,-,-,-,-,-,-,-,-,-,-,-,-,-,-,-,-,-,-,-,-,-,-,-,-,-,-,-,-,-,-,-,-,-,-,-,-,-,-,-,-,-,-,-,-,-,-,-,-,-,-,-,-,-,-,-,-,-,-,-,-,-,-,-,-,-,-,-,-,-,-,-,-,-,-,-,-,-,-,-,-,-,-,-,-
"Merced, Merced County, California, United States",city,https://app.monqcle.com/org/cphlr/project/drug-paraphernalia-laws-1689792283/record/76853,DPL_2025_Consolidated,2022-12-31,2024-12-31,1,0,-,-,-,-,-,-,-,-,-,-,-,-,-,-,-,-,-,-,-,-,-,-,-,-,-,-,-,-,-,-,-,-,-,-,-,-,-,-,-,-,-,-,-,-,-,-,-,-,-,-,-,-,-,-,-,-,-,-,-,-,-,-,-,-,-,-,-,-,-,-,-,-,-,-,-,-,-,-,-,-,-,-,-,-,-,-,-,-,-,-,-,-,-,-,-,-,-,-,-,-,-,-,-,-,-,-,-
"Merced, Merced County, California, United States",city,https://app.monqcle.com/org/cphlr/project/drug-paraphernalia-laws-1689792283/record/63433,DPL_2023_Consolidated,2022-12-31,2023-01-01,1,0,-,-,-,-,-,-,-,-,-,-,-,-,-,-,-,-,-,-,-,-,-,-,-,-,-,-,-,-,-,-,-,-,-,-,-,-,-,-,-,-,-,-,-,-,-,-,-,-,-,-,-,-,-,-,-,-,-,-,-,-,-,-,-,-,-,-,-,-,-,-,-,-,-,-,-,-,-,-,-,-,-,-,-,-,-,-,-,-,-,-,-,-,-,-,-,-,-,-,-,-,-,-,-,-,-,-,-
"Meridian, Ada County, Idaho, United States",city,https://app.monqcle.com/org/cphlr/project/drug-paraphernalia-laws-1689792283/record/76553,DPL_2025_Consolidated,2022-12-31,2024-12-31,1,0,-,-,-,-,-,-,-,-,-,-,-,-,-,-,-,-,-,-,-,-,-,-,-,-,-,-,-,-,-,-,-,-,-,-,-,-,-,-,-,-,-,-,-,-,-,-,-,-,-,-,-,-,-,-,-,-,-,-,-,-,-,-,-,-,-,-,-,-,-,-,-,-,-,-,-,-,-,-,-,-,-,-,-,-,-,-,-,-,-,-,-,-,-,-,-,-,-,-,-,-,-,-,-,-,-,-,-
"Meridian, Ada County, Idaho, United States",city,https://app.monqcle.com/org/cphlr/project/drug-paraphernalia-laws-1689792283/record/64011,DPL_2023_Consolidated ,2022-12-31,2023-01-01,1,0,-,-,-,-,-,-,-,-,-,-,-,-,-,-,-,-,-,-,-,-,-,-,-,-,-,-,-,-,-,-,-,-,-,-,-,-,-,-,-,-,-,-,-,-,-,-,-,-,-,-,-,-,-,-,-,-,-,-,-,-,-,-,-,-,-,-,-,-,-,-,-,-,-,-,-,-,-,-,-,-,-,-,-,-,-,-,-,-,-,-,-,-,-,-,-,-,-,-,-,-,-,-,-,-,-,-,-
"Mesa, Maricopa County, Arizona, United States",city,https://app.monqcle.com/org/cphlr/project/drug-paraphernalia-laws-1689792283/record/74822,DPL_2025_Consolidated,2022-12-31,2024-12-31,1,0,-,-,-,-,-,-,-,-,-,-,-,-,-,-,-,-,-,-,-,-,-,-,-,-,-,-,-,-,-,-,-,-,-,-,-,-,-,-,-,-,-,-,-,-,-,-,-,-,-,-,-,-,-,-,-,-,-,-,-,-,-,-,-,-,-,-,-,-,-,-,-,-,-,-,-,-,-,-,-,-,-,-,-,-,-,-,-,-,-,-,-,-,-,-,-,-,-,-,-,-,-,-,-,-,-,-,-
"Mesa, Maricopa County, Arizona, United States",city,https://app.monqcle.com/org/cphlr/project/drug-paraphernalia-laws-1689792283/record/62889,DPL_2023_Consolidated,2022-12-31,2023-01-01,1,0,-,-,-,-,-,-,-,-,-,-,-,-,-,-,-,-,-,-,-,-,-,-,-,-,-,-,-,-,-,-,-,-,-,-,-,-,-,-,-,-,-,-,-,-,-,-,-,-,-,-,-,-,-,-,-,-,-,-,-,-,-,-,-,-,-,-,-,-,-,-,-,-,-,-,-,-,-,-,-,-,-,-,-,-,-,-,-,-,-,-,-,-,-,-,-,-,-,-,-,-,-,-,-,-,-,-,-
"Mesquite, Dallas County, Texas, United States",city,https://app.monqcle.com/org/cphlr/project/drug-paraphernalia-laws-1689792283/record/75754,DPL_2025_Consolidated,2022-12-31,2024-12-31,1,0,-,-,-,-,-,-,-,-,-,-,-,-,-,-,-,-,-,-,-,-,-,-,-,-,-,-,-,-,-,-,-,-,-,-,-,-,-,-,-,-,-,-,-,-,-,-,-,-,-,-,-,-,-,-,-,-,-,-,-,-,-,-,-,-,-,-,-,-,-,-,-,-,-,-,-,-,-,-,-,-,-,-,-,-,-,-,-,-,-,-,-,-,-,-,-,-,-,-,-,-,-,-,-,-,-,-,-
"Mesquite, Dallas County, Texas, United States",city,https://app.monqcle.com/org/cphlr/project/drug-paraphernalia-laws-1689792283/record/62962,DPL_2023_Consolidated ,2022-12-31,2023-01-01,1,0,-,-,-,-,-,-,-,-,-,-,-,-,-,-,-,-,-,-,-,-,-,-,-,-,-,-,-,-,-,-,-,-,-,-,-,-,-,-,-,-,-,-,-,-,-,-,-,-,-,-,-,-,-,-,-,-,-,-,-,-,-,-,-,-,-,-,-,-,-,-,-,-,-,-,-,-,-,-,-,-,-,-,-,-,-,-,-,-,-,-,-,-,-,-,-,-,-,-,-,-,-,-,-,-,-,-,-
"Miami Beach, Miami-Dade County, Florida, United States",city,https://app.monqcle.com/org/cphlr/project/drug-paraphernalia-laws-1689792283/record/76757,DPL_2025_JD,2024-02-21,2024-12-31,1,0,-,-,-,-,-,-,-,-,-,-,-,-,-,-,-,-,-,-,-,-,-,-,-,-,-,-,-,-,-,-,-,-,-,-,-,-,-,-,-,-,-,-,-,-,-,-,-,-,-,-,-,-,-,-,-,-,-,-,-,-,-,-,-,-,-,-,-,-,-,-,-,-,-,-,-,-,-,-,-,-,-,-,-,-,-,-,-,-,-,-,-,-,-,-,-,-,-,-,-,-,-,-,-,-,-,-,-
"Miami Beach, Miami-Dade County, Florida, United States",city,https://app.monqcle.com/org/cphlr/project/drug-paraphernalia-laws-1689792283/record/77308,DPL_2025_Consolidated,2024-02-21,2024-12-31,1,0,-,-,-,-,-,-,-,-,-,-,-,-,-,-,-,-,-,-,-,-,-,-,-,-,-,-,-,-,-,-,-,-,-,-,-,-,-,-,-,-,-,-,-,-,-,-,-,-,-,-,-,-,-,-,-,-,-,-,-,-,-,-,-,-,-,-,-,-,-,-,-,-,-,-,-,-,-,-,-,-,-,-,-,-,-,-,-,-,-,-,-,-,-,-,-,-,-,-,-,-,-,-,-,-,-,-,-
"Miami Beach, Miami-Dade County, Florida, United States",city,https://app.monqcle.com/org/cphlr/project/drug-paraphernalia-laws-1689792283/record/77155,DPL_2025_PS,2024-02-21,2024-12-31,1,0,-,-,-,-,-,-,-,-,-,-,-,-,-,-,-,-,-,-,-,-,-,-,-,-,-,-,-,-,-,-,-,-,-,-,-,-,-,-,-,-,-,-,-,-,-,-,-,-,-,-,-,-,-,-,-,-,-,-,-,-,-,-,-,-,-,-,-,-,-,-,-,-,-,-,-,-,-,-,-,-,-,-,-,-,-,-,-,-,-,-,-,-,-,-,-,-,-,-,-,-,-,-,-,-,-,-,-
"Miami Beach, Miami-Dade County, Florida, United States",city,https://app.monqcle.com/org/cphlr/project/drug-paraphernalia-laws-1689792283/record/77307,DPL_2025_Consolidated,2022-12-31,2024-02-20,13,1,-,-,-,Municode,-,-,-,https://library.municode.com/fl/miami_beach/codes/code_of_ordinances?nodeId=SPAGEOR_CH70MIOF_ARTIINGE_S70-1STMI,-,-,-,10/26/2022,-,unknown date at bottom of ordinance,-,-,-,-,-,02/21/2024,-,-,-,"Known, current through date published in ordinance",-,-,-,State (ARCHIVE) ,-,-,-,1,Sec. 70-1. -,-,-,F.S. §§ 893.146 and 893.147(1)(b),-,-,-,"Syringes, hypodermic needles, other inject/ion/ing equipment/instrument/supplies , Pipes, other smoke/ing or inhal/ing/ation equipment or supplies, Other","893.147 Use, possession, ",-,-,"Possession, possession with intent to use, keep","893.147 Use, possession, ",-,-,Civil Fine (NEW),Sec. 70-1. - State misdem,-,-,None,-,-,-,-,-,-,-,-,-,-,-,-,-,-,-,-,-,-,-,-,-,-,-,-,-,-,-,-,-,-,-,-,-,-,-,-,-,-,-,-,-,-,-,-,-,-,-,-,-,-,-,-,-,-,-
"Miami Beach, Miami-Dade County, Florida, United States",city,https://app.monqcle.com/org/cphlr/project/drug-paraphernalia-laws-1689792283/record/63924,DPL_2023_Consolidated,2022-12-31,2023-01-01,11,1,-,-,-,Municode,-,-,-,https://library.municode.com/fl/miami_beach/codes/code_of_ordinances?nodeId=SPAGEOR_CH70MIOF_ARTIINGE_S70-1STMI,-,-,-,10/26/2022,-,unknown date at bottom of ordinance,-,-,-,-,-,09/29/2023,-,-,-,"Known, current through date published in ordinance",-,-,-,State (ARCHIVE) ,Sec. 70-1. -,-,-,-,-,-,-,-,-,-,-,Not specified,-,-,-,"Possession, possession with intent to use, keep","893.147 Use, possession, ",-,-,Civil (ARCHIVE),Sec. 70-1. - State misdem,-,-,None,-,-,-,-,-,-,-,-,-,-,-,-,-,-,-,-,-,-,-,-,-,-,-,-,-,-,-,-,-,-,-,-,-,-,-,-,-,-,-,-,-,-,-,-,-,-,-,-,-,-,-,-,-,-,-
"Miami Gardens, Miami-Dade County, Florida, United States",city,https://app.monqcle.com/org/cphlr/project/drug-paraphernalia-laws-1689792283/record/76293,DPL_2025_Consolidated,2022-12-31,2024-12-31,13,1,-,-,-,Municode,-,-,-,https://library.municode.com/fl/miami_gardens/codes/code_of_ordinances?nodeId=PTIICOOR_CH14MIOF_ARTIINGE_S14-1MIADSTLAPE,-,-,-,09/23/2015,-,unknown date at bottom,-,-,-,-,-,09/30/2025,-,-,-,"Known, current through date published in ordinance",-,-,-,State (ARCHIVE) ,-,-,-,1,Sec. 14-1. -,-,-,"F.S. §§ 893.146 and 893.147(1)(b),",-,-,-,"Syringes, hypodermic needles, other inject/ion/ing equipment/instrument/supplies , Pipes, other smoke/ing or inhal/ing/ation equipment or supplies, Other",893.147(1)(b)),-,-,"Possession, possession with intent to use, keep",Sec. 14-1. - Misdemeanor;,-,-,"Civil Fine (NEW), Unspecified Fine (NEW), Incarceration (NEW)","Sec. 14-1. -,Sec. 14-1. -",-,-,None,-,-,-,-,-,-,-,-,-,-,-,-,-,-,-,-,-,-,-,-,-,-,-,-,-,-,-,-,-,-,-,-,-,-,-,-,-,-,-,-,-,-,-,-,-,-,-,-,-,-,-,-,-,-,-
"Miami Gardens, Miami-Dade County, Florida, United States",city,https://app.monqcle.com/org/cphlr/project/drug-paraphernalia-laws-1689792283/record/76294,DPL_2_2025_Consolidated,2022-12-31,2024-12-31,12,1,-,-,-,Municode,-,-,-,https://library.municode.com/fl/miami_gardens/codes/code_of_ordinances?nodeId=PTIICOOR_CH14MIOF_ARTVINSUAB_DIV3DRPA_S14-345HYSYNESAPRWIPRDIPRWIDEMUPASE,-,-,-,-,-,-,-,03/10/2016,-,last known date law was in effect ,-,09/30/2025,-,-,-,"Known, current through date published in ordinance",-,-,-,Neither (ARCHIVE),-,-,-,0,-,-,-,-,-,-,-,"Syringes, hypodermic needles, other inject/ion/ing equipment/instrument/supplies ",DIVISION 3. - DRUG PARAPH,-,-,"Sales, possession with intent to sell, offer for sale (NEW), Delivery, possession with intent to deliver/distribute, distribution, transfer, furnish, exchange (NEW), Other",DIVISION 3. - DRUG PARAPH,Discard,-,"Unspecified Fine (NEW), Incarceration (NEW)",Sec. 1-13. -,-,-,"Syringes for approved medical use (i.e. diabetes) , Professionals acting in their course of business [e.g. pharmacists, physicians, manufacturers]","DIVISION 3. - DRUG PARAPH,DIVISION 3. - DRUG PARAPH",-,-,-,-,-,-,-,-,-,-,-,-,-,-,-,-,-,-,-,-,-,-,-,-,-,-,-,-,-,-,-,-,-,-,-,-,-,-,-,-,-,-,-,-,-,-,-,-,-,-,-,-,-,-
"Miami Gardens, Miami-Dade County, Florida, United States",city,https://app.monqcle.com/org/cphlr/project/drug-paraphernalia-laws-1689792283/record/63643,DPL_2023_Consolidated,2022-12-31,2023-01-01,11,1,-,-,-,Municode,-,-,-,https://library.municode.com/fl/miami_gardens/codes/code_of_ordinances?nodeId=PTIICOOR_CH14MIOF_ARTIINGE_S14-1MIADSTLAPE,-,-,-,09/23/2015,-,unknown date at bottom,-,-,-,-,-,02/27/2023,-,-,-,"Known, current through date published in ordinance",-,-,-,State (ARCHIVE) ,Sec. 14-1. -,-,-,-,-,-,-,-,-,-,-,"Syringes, hypodermic needles, other inject/ion/ing equipment/instrument/supplies , Pipes, other smoke/ing or inhal/ing/ation equipment or supplies",893.147(1)(b)),-,-,"Possession, possession with intent to use, keep",Sec. 14-1. - Misdemeanor;,-,-,"Civil (ARCHIVE), Criminal (ARCHIVE) ","Sec. 14-1. -,Sec. 14-1. -",-,-,None,-,-,-,-,-,-,-,-,-,-,-,-,-,-,-,-,-,-,-,-,-,-,-,-,-,-,-,-,-,-,-,-,-,-,-,-,-,-,-,-,-,-,-,-,-,-,-,-,-,-,-,-,-,-,-
"Miami Gardens, Miami-Dade County, Florida, United States",city,https://app.monqcle.com/org/cphlr/project/drug-paraphernalia-laws-1689792283/record/62875,DPL_2_2023_Consolidated,2022-12-31,2023-01-01,10,1,-,-,-,Municode,-,-,-,https://library.municode.com/fl/miami_gardens/codes/code_of_ordinances?nodeId=PTIICOOR_CH14MIOF_ARTVINSUAB_DIV3DRPA_S14-345HYSYNESAPRWIPRDIPRWIDEMUPASE,-,-,-,-,-,-,-,03/10/2016,-,last known date law was in effect ,-,-,-,-,-,"Known, current through date published in ordinance",-,-,-,Neither (ARCHIVE),-,-,-,-,-,-,-,-,-,-,-,"Syringes, hypodermic needles, other inject/ion/ing equipment/instrument/supplies ",DIVISION 3. - DRUG PARAPH,-,-,"Sales (ARCHIVE), Non-sale distribution/delivery (ARCHIVE)",-,"only for delivery to minors; 
It shall be unlawful for any person to discard any hypodermic syringe or needle, designed principally for subcutaneous injection, without first rendering such hypodermic syringe or needle useless by destruction or mutilation of the syringe barrel and needle.",-,Criminal (ARCHIVE) ,Sec. 1-13. -,-,-,"Syringes for approved medical use (i.e. diabetes) , Professionals acting in their course of business [e.g. pharmacists, physicians, manufacturers]",DIVISION 3. - DRUG PARAPH,-,-,-,-,-,-,-,-,-,-,-,-,-,-,-,-,-,-,-,-,-,-,-,-,-,-,-,-,-,-,-,-,-,-,-,-,-,-,-,-,-,-,-,-,-,-,-,-,-,-,-,-,-,-
"Miami, Miami-Dade County, Florida, United States",city,https://app.monqcle.com/org/cphlr/project/drug-paraphernalia-laws-1689792283/record/74784,DPL_2025_Consolidated,2022-12-31,2024-12-31,1,0,-,-,-,-,-,-,-,-,-,-,-,-,-,-,-,-,-,-,-,-,-,-,-,-,-,-,-,-,-,-,-,-,-,-,-,-,-,-,-,-,-,-,-,-,-,-,-,-,-,-,-,-,-,-,-,-,-,-,-,-,-,-,-,-,-,-,-,-,-,-,-,-,-,-,-,-,-,-,-,-,-,-,-,-,-,-,-,-,-,-,-,-,-,-,-,-,-,-,-,-,-,-,-,-,-,-,-
"Miami, Miami-Dade County, Florida, United States",city,https://app.monqcle.com/org/cphlr/project/drug-paraphernalia-laws-1689792283/record/63345,DPL_2023_Consolidated,2022-12-31,2023-01-01,1,0,-,-,-,-,-,-,-,-,-,-,-,-,-,-,-,-,-,-,-,-,-,-,-,-,-,-,-,-,-,-,-,-,-,-,-,-,-,-,-,-,-,-,-,-,-,-,-,-,-,-,-,-,-,-,-,-,-,-,-,-,-,-,-,-,-,-,-,-,-,-,-,-,-,-,-,-,-,-,-,-,-,-,-,-,-,-,-,-,-,-,-,-,-,-,-,-,-,-,-,-,-,-,-,-,-,-,-
"Midland, Midland County, Texas, United States",city,https://app.monqcle.com/org/cphlr/project/drug-paraphernalia-laws-1689792283/record/63169,DPL_2023_Consolidated ,2022-12-31,2023-01-01,1,0,-,-,-,-,-,-,-,-,-,-,-,-,-,-,-,-,-,-,-,-,-,-,-,-,-,-,-,-,-,-,-,-,-,-,-,-,-,-,-,-,-,-,-,-,-,-,-,-,-,-,-,-,-,-,-,-,-,-,-,-,-,-,-,-,-,-,-,-,-,-,-,-,-,-,-,-,-,-,-,-,-,-,-,-,-,-,-,-,-,-,-,-,-,-,-,-,-,-,-,-,-,-,-,-,-,-,-
"Midland, Midland County, Texas, United States",city,https://app.monqcle.com/org/cphlr/project/drug-paraphernalia-laws-1689792283/record/75742,DPL_2025_Consolidated,2022-12-31,2024-12-31,1,0,-,-,-,-,-,-,-,-,-,-,-,-,-,-,-,-,-,-,-,-,-,-,-,-,-,-,-,-,-,-,-,-,-,-,-,-,-,-,-,-,-,-,-,-,-,-,-,-,-,-,-,-,-,-,-,-,-,-,-,-,-,-,-,-,-,-,-,-,-,-,-,-,-,-,-,-,-,-,-,-,-,-,-,-,-,-,-,-,-,-,-,-,-,-,-,-,-,-,-,-,-,-,-,-,-,-,-
"Milpitas, Santa Clara County, California, 95035, United States",city,https://app.monqcle.com/org/cphlr/project/drug-paraphernalia-laws-1689792283/record/77198,DPL_2025_Consolidated,2022-12-31,2024-12-31,1,0,-,-,-,-,-,-,-,-,-,-,-,-,-,-,-,-,-,-,-,-,-,-,-,-,-,-,-,-,-,-,-,-,-,-,-,-,-,-,-,-,-,-,-,-,-,-,-,-,-,-,-,-,-,-,-,-,-,-,-,-,-,-,-,-,-,-,-,-,-,-,-,-,-,-,-,-,-,-,-,-,-,-,-,-,-,-,-,-,-,-,-,-,-,-,-,-,-,-,-,-,-,-,-,-,-,-,-
"Milpitas, Santa Clara County, California, 95035, United States",city,https://app.monqcle.com/org/cphlr/project/drug-paraphernalia-laws-1689792283/record/63575,DPL_2023_Consolidated,2022-12-31,2023-01-01,1,0,-,-,-,-,-,-,-,-,-,-,-,-,-,-,-,-,-,-,-,-,-,-,-,-,-,-,-,-,-,-,-,-,-,-,-,-,-,-,-,-,-,-,-,-,-,-,-,-,-,-,-,-,-,-,-,-,-,-,-,-,-,-,-,-,-,-,-,-,-,-,-,-,-,-,-,-,-,-,-,-,-,-,-,-,-,-,-,-,-,-,-,-,-,-,-,-,-,-,-,-,-,-,-,-,-,-,-
"Milwaukee, Milwaukee County, Wisconsin, United States",city,https://app.monqcle.com/org/cphlr/project/drug-paraphernalia-laws-1689792283/record/74948,DPL_2025_Consolidated,2022-12-31,2024-12-31,13,1,-,-,-,self-published,-,-,-,https://city.milwaukee.gov/ImageLibrary/Groups/ccClerk/Ordinances/Volume-1/CH106.pdf,-,-,-,04/16/2019,-,-,-,-,-,-,-,09/23/2025,-,-,-,"Known, current through date published in ordinance",-,-,-,State (ARCHIVE) ,-,-,-,0,-,-,-,-,-,-,-,"Syringes, hypodermic needles, other inject/ion/ing equipment/instrument/supplies , Pipes, other smoke/ing or inhal/ing/ation equipment or supplies, Drug test/ing or check/ing equipment or supplies, Other",106-36. Drug Paraphernali,-,-,"Sales, possession with intent to sell, offer for sale (NEW), Delivery, possession with intent to deliver/distribute, distribution, transfer, furnish, exchange (NEW), Possession, possession with intent to use, keep, Use, Advertising, display, Manufacturing, manufacture with intent to deliver or sell",106-36. Drug Paraphernali,-,-,"Unspecified Fine (NEW), Incarceration (NEW), Forfeiture/Seizure",106-36. Drug Paraphernali,-,-,"Syringes, generally",106-36. Drug Paraphernali,-,-,"Possession, Use, Distribution, Sales, Other",-,"manufacturing, advertising",-,-,-,-,-,-,-,-,-,-,-,-,-,-,-,-,-,-,-,-,-,-,-,-,-,-,-,-,-,-,-,-,-,-,-,-,-,-,-,-,-,-,-,-,-,-,-,-,-
"Milwaukee, Milwaukee County, Wisconsin, United States",city,https://app.monqcle.com/org/cphlr/project/drug-paraphernalia-laws-1689792283/record/63527,DPL_2023_Consolidated,2022-12-31,2023-01-01,11,1,-,-,-,self-published,-,-,-,https://city.milwaukee.gov/ImageLibrary/Groups/ccClerk/Ordinances/Volume-1/CH106.pdf,-,-,-,04/16/2019,-,-,-,-,-,-,-,06/20/2023,-,-,-,"Known, current through date published in ordinance",-,-,-,State (ARCHIVE) ,106-36. Drug Paraphernali,-,-,-,-,-,-,-,-,-,-,"Syringes, hypodermic needles, other inject/ion/ing equipment/instrument/supplies , Pipes, other smoke/ing or inhal/ing/ation equipment or supplies, Drug test/ing or check/ing equipment or supplies, Other",106-36. Drug Paraphernali,-,-,"Sales (ARCHIVE), Non-sale distribution/delivery (ARCHIVE), Possession, possession with intent to use, keep, Use, Advertising, display, Manufacturing, manufacture with intent to deliver or sell, Other",106-36. Drug Paraphernali,-,-,"Criminal (ARCHIVE) , Forfeiture/Seizure",106-36. Drug Paraphernali,-,-,"Syringes for approved medical use (i.e. diabetes) , Xylazine checking/testing equipment specifically, in the context syringe services, harm reduction programs, or supervised use sites (NEW)",106-36. Drug Paraphernali,-,-,-,-,-,-,-,-,-,-,-,-,-,-,-,-,-,-,-,-,-,-,-,-,-,-,-,-,-,-,-,-,-,-,-,-,-,-,-,-,-,-,-,-,-,-,-,-,-,-,-,-,-,-
"Minneapolis, Hennepin County, Minnesota, United States",city,https://app.monqcle.com/org/cphlr/project/drug-paraphernalia-laws-1689792283/record/64166,DPL_2023_Consolidated,2022-12-31,2023-01-01,11,1,-,-,-,Municode,-,-,-,https://library.municode.com/mn/minneapolis/codes/code_of_ordinances?nodeId=COOR_TIT11HESA_CH223DR_ARTIVDRPA_223.240MADEDRPAPR,-,-,-,10/08/1982,-,Unknown date type,-,-,-,-,-,11/02/2023,-,-,-,"Known, current through date published in ordinance",-,-,-,State (ARCHIVE) ,ARTICLE IV. - DRUG P...,-,-,-,-,-,-,-,-,-,-,"Syringes, hypodermic needles, other inject/ion/ing equipment/instrument/supplies , Pipes, other smoke/ing or inhal/ing/ation equipment or supplies, Other",ARTICLE IV. - DRUG P...,-,-,"Non-sale distribution/delivery (ARCHIVE), Possession, possession with intent to use, keep, Use, Advertising, display, Manufacturing, manufacture with intent to deliver or sell",ARTICLE IV. - DRUG PARAPH,-,-,"Civil (ARCHIVE), Forfeiture/Seizure",ARTICLE IV. - DRUG P...,-,-,None,-,-,-,-,-,-,-,-,-,-,-,-,-,-,-,-,-,-,-,-,-,-,-,-,-,-,-,-,-,-,-,-,-,-,-,-,-,-,-,-,-,-,-,-,-,-,-,-,-,-,-,-,-,-,-
"Minneapolis, Hennepin County, Minnesota, United States",city,https://app.monqcle.com/org/cphlr/project/drug-paraphernalia-laws-1689792283/record/74955,DPL_2025_Consolidated,2022-12-31,2024-12-31,12,1,-,-,-,Municode,-,-,-,https://library.municode.com/mn/minneapolis/codes/code_of_ordinances?nodeId=COOR_TIT11HESA_CH223DR_ARTIVDRPA_223.240MADEDRPAPR,-,-,-,10/24/2003,-,Unknown date type,-,-,-,-,-,07/28/2025,-,-,-,"Known, current through date published in ordinance",-,-,-,State (ARCHIVE) ,-,-,-,0,-,-,-,-,-,-,-,"Syringes, hypodermic needles, other inject/ion/ing equipment/instrument/supplies , Pipes, other smoke/ing or inhal/ing/ation equipment or supplies, Other","ARTICLE IV. - DRUG PARAPH,ARTICLE IV. - DRUG P...",-,-,"Delivery, possession with intent to deliver/distribute, distribution, transfer, furnish, exchange (NEW), Possession, possession with intent to use, keep, Use, Advertising, display, Manufacturing, manufacture with intent to deliver or sell",ARTICLE IV. - DRUG PARAPH,-,-,"Misdemeanor (NEW), Forfeiture/Seizure","ARTICLE IV. - DRUG P...,ARTICLE IV. - DRUG PARAPH",-,-,"Syringes for approved medical use (i.e. diabetes) , Professionals acting in their course of business [e.g. pharmacists, physicians, manufacturers]",ARTICLE I. - GENERALLY,-,-,-,-,-,-,-,-,-,-,-,-,-,-,-,-,-,-,-,-,-,-,-,-,-,-,-,-,-,-,-,-,-,-,-,-,-,-,-,-,-,-,-,-,-,-,-,-,-,-,-,-,-,-
"Miramar, Broward County, Florida, United States",city,https://app.monqcle.com/org/cphlr/project/drug-paraphernalia-laws-1689792283/record/75734,DPL_2025_Consolidated,2022-12-31,2024-12-31,1,0,-,-,-,-,-,-,-,-,-,-,-,-,-,-,-,-,-,-,-,-,-,-,-,-,-,-,-,-,-,-,-,-,-,-,-,-,-,-,-,-,-,-,-,-,-,-,-,-,-,-,-,-,-,-,-,-,-,-,-,-,-,-,-,-,-,-,-,-,-,-,-,-,-,-,-,-,-,-,-,-,-,-,-,-,-,-,-,-,-,-,-,-,-,-,-,-,-,-,-,-,-,-,-,-,-,-,-
"Miramar, Broward County, Florida, United States",city,https://app.monqcle.com/org/cphlr/project/drug-paraphernalia-laws-1689792283/record/63808,DPL_2023_Consolidated ,2022-12-31,2023-01-01,1,0,-,-,-,-,-,-,-,-,-,-,-,-,-,-,-,-,-,-,-,-,-,-,-,-,-,-,-,-,-,-,-,-,-,-,-,-,-,-,-,-,-,-,-,-,-,-,-,-,-,-,-,-,-,-,-,-,-,-,-,-,-,-,-,-,-,-,-,-,-,-,-,-,-,-,-,-,-,-,-,-,-,-,-,-,-,-,-,-,-,-,-,-,-,-,-,-,-,-,-,-,-,-,-,-,-,-,-
"Mission, Hidalgo County, Texas, United States",city,https://app.monqcle.com/org/cphlr/project/drug-paraphernalia-laws-1689792283/record/62906,DPL_2023_Consolidated,2022-12-31,2023-01-01,1,0,-,-,-,-,-,-,-,-,-,-,-,-,-,-,-,-,-,-,-,-,-,-,-,-,-,-,-,-,-,-,-,-,-,-,-,-,-,-,-,-,-,-,-,-,-,-,-,-,-,-,-,-,-,-,-,-,-,-,-,-,-,-,-,-,-,-,-,-,-,-,-,-,-,-,-,-,-,-,-,-,-,-,-,-,-,-,-,-,-,-,-,-,-,-,-,-,-,-,-,-,-,-,-,-,-,-,-
"Mission, Hidalgo County, Texas, United States",city,https://app.monqcle.com/org/cphlr/project/drug-paraphernalia-laws-1689792283/record/76861,DPL_2025_Consolidated,2022-12-31,2024-12-31,1,0,-,-,-,-,-,-,-,-,-,-,-,-,-,-,-,-,-,-,-,-,-,-,-,-,-,-,-,-,-,-,-,-,-,-,-,-,-,-,-,-,-,-,-,-,-,-,-,-,-,-,-,-,-,-,-,-,-,-,-,-,-,-,-,-,-,-,-,-,-,-,-,-,-,-,-,-,-,-,-,-,-,-,-,-,-,-,-,-,-,-,-,-,-,-,-,-,-,-,-,-,-,-,-,-,-,-,-
"Mission Viejo, Orange County, California, United States",city,https://app.monqcle.com/org/cphlr/project/drug-paraphernalia-laws-1689792283/record/63498,DPL_2023_Consolidated,2022-12-31,2023-01-01,1,0,-,-,-,-,-,-,-,-,-,-,-,-,-,-,-,-,-,-,-,-,-,-,-,-,-,-,-,-,-,-,-,-,-,-,-,-,-,-,-,-,-,-,-,-,-,-,-,-,-,-,-,-,-,-,-,-,-,-,-,-,-,-,-,-,-,-,-,-,-,-,-,-,-,-,-,-,-,-,-,-,-,-,-,-,-,-,-,-,-,-,-,-,-,-,-,-,-,-,-,-,-,-,-,-,-,-,-
"Mission Viejo, Orange County, California, United States",city,https://app.monqcle.com/org/cphlr/project/drug-paraphernalia-laws-1689792283/record/76987,DPL_2025_Consolidated,2022-12-31,2024-12-31,1,0,-,-,-,-,-,-,-,-,-,-,-,-,-,-,-,-,-,-,-,-,-,-,-,-,-,-,-,-,-,-,-,-,-,-,-,-,-,-,-,-,-,-,-,-,-,-,-,-,-,-,-,-,-,-,-,-,-,-,-,-,-,-,-,-,-,-,-,-,-,-,-,-,-,-,-,-,-,-,-,-,-,-,-,-,-,-,-,-,-,-,-,-,-,-,-,-,-,-,-,-,-,-,-,-,-,-,-
"Missouri City, Fort Bend County, Texas, United States",city,https://app.monqcle.com/org/cphlr/project/drug-paraphernalia-laws-1689792283/record/62777,DPL_2023_Consolidated,2022-12-31,2023-01-01,1,0,-,-,-,-,-,-,-,-,-,-,-,-,-,-,-,-,-,-,-,-,-,-,-,-,-,-,-,-,-,-,-,-,-,-,-,-,-,-,-,-,-,-,-,-,-,-,-,-,-,-,-,-,-,-,-,-,-,-,-,-,-,-,-,-,-,-,-,-,-,-,-,-,-,-,-,-,-,-,-,-,-,-,-,-,-,-,-,-,-,-,-,-,-,-,-,-,-,-,-,-,-,-,-,-,-,-,-
"Missouri City, Fort Bend County, Texas, United States",city,https://app.monqcle.com/org/cphlr/project/drug-paraphernalia-laws-1689792283/record/77193,DPL_2025_Consolidated,2022-12-31,2024-12-31,1,0,-,-,-,-,-,-,-,-,-,-,-,-,-,-,-,-,-,-,-,-,-,-,-,-,-,-,-,-,-,-,-,-,-,-,-,-,-,-,-,-,-,-,-,-,-,-,-,-,-,-,-,-,-,-,-,-,-,-,-,-,-,-,-,-,-,-,-,-,-,-,-,-,-,-,-,-,-,-,-,-,-,-,-,-,-,-,-,-,-,-,-,-,-,-,-,-,-,-,-,-,-,-,-,-,-,-,-
"Mobile, Mobile County, Alabama, United States",city,https://app.monqcle.com/org/cphlr/project/drug-paraphernalia-laws-1689792283/record/75655,DPL_2025_Consolidated,2022-12-31,2024-12-31,12,1,-,-,-,Municode,-,-,-,https://library.municode.com/al/mobile/codes/code_of_ordinances?nodeId=CICO_CH39OFMIPR_ARTIINGE_S39-17UNUSPOINUSDESEDRPA,-,-,-,03/15/2005,-,unknown date at bottom of ordinance,-,-,-,-,-,03/25/2025,-,-,-,"Known, current through date published in ordinance",-,-,-,Both (ARCHIVE) ,-,-,-,0,-,-,-,-,-,-,-,"Syringes, hypodermic needles, other inject/ion/ing equipment/instrument/supplies , Pipes, other smoke/ing or inhal/ing/ation equipment or supplies, Drug test/ing or check/ing equipment or supplies, Other",Sec. 39-17. -,-,-,"Sales, possession with intent to sell, offer for sale (NEW), Delivery, possession with intent to deliver/distribute, distribution, transfer, furnish, exchange (NEW), Possession, possession with intent to use, keep, Use, Manufacturing, manufacture with intent to deliver or sell",Sec. 39-17. - Unlawful to,-,-,"Unspecified Fine (NEW), Forfeiture/Seizure","Sec. 39-17. - Unlawful to,Sec. 39-17. - Unlawful to",-,-,None,-,-,-,-,-,-,-,-,-,-,-,-,-,-,-,-,-,-,-,-,-,-,-,-,-,-,-,-,-,-,-,-,-,-,-,-,-,-,-,-,-,-,-,-,-,-,-,-,-,-,-,-,-,-,-
"Mobile, Mobile County, Alabama, United States",city,https://app.monqcle.com/org/cphlr/project/drug-paraphernalia-laws-1689792283/record/63536,DPL_2023_Consolidated,2022-12-31,2023-01-01,11,1,-,-,-,Municode,-,-,-,https://library.municode.com/al/mobile/codes/code_of_ordinances?nodeId=CICO_CH39OFMIPR_ARTIINGE_S39-17UNUSPOINUSDESEDRPA,-,-,-,03/15/2005,-,unknown date at bottom of ordinance,-,-,-,-,-,10/12/2023,-,-,-,"Known, current through date published in ordinance",-,-,-,Both (ARCHIVE) ,"Sec. 39-17. -,Sec. 39-17. -",-,-,-,-,-,-,-,-,-,-,"Syringes, hypodermic needles, other inject/ion/ing equipment/instrument/supplies , Pipes, other smoke/ing or inhal/ing/ation equipment or supplies, Drug test/ing or check/ing equipment or supplies, Other",Sec. 39-17. -,-,-,"Sales (ARCHIVE), Non-sale distribution/delivery (ARCHIVE), Possession, possession with intent to use, keep, Use, Manufacturing, manufacture with intent to deliver or sell",Sec. 39-17. - Unlawful to,-,-,"Criminal (ARCHIVE) , Forfeiture/Seizure",Sec. 39-17. - Unlawful to,-,-,None,-,-,-,-,-,-,-,-,-,-,-,-,-,-,-,-,-,-,-,-,-,-,-,-,-,-,-,-,-,-,-,-,-,-,-,-,-,-,-,-,-,-,-,-,-,-,-,-,-,-,-,-,-,-,-
"Modesto, Stanislaus County, California, United States",city,https://app.monqcle.com/org/cphlr/project/drug-paraphernalia-laws-1689792283/record/75158,DPL_2025_Consolidated,2022-12-31,2024-12-31,1,0,-,-,-,-,-,-,-,-,-,-,-,-,-,-,-,-,-,-,-,-,-,-,-,-,-,-,-,-,-,-,-,-,-,-,-,-,-,-,-,-,-,-,-,-,-,-,-,-,-,-,-,-,-,-,-,-,-,-,-,-,-,-,-,-,-,-,-,-,-,-,-,-,-,-,-,-,-,-,-,-,-,-,-,-,-,-,-,-,-,-,-,-,-,-,-,-,-,-,-,-,-,-,-,-,-,-,-
"Modesto, Stanislaus County, California, United States",city,https://app.monqcle.com/org/cphlr/project/drug-paraphernalia-laws-1689792283/record/63150,DPL_2023_Consolidated,2022-12-31,2023-01-01,1,0,-,-,-,-,-,-,-,-,-,-,-,-,-,-,-,-,-,-,-,-,-,-,-,-,-,-,-,-,-,-,-,-,-,-,-,-,-,-,-,-,-,-,-,-,-,-,-,-,-,-,-,-,-,-,-,-,-,-,-,-,-,-,-,-,-,-,-,-,-,-,-,-,-,-,-,-,-,-,-,-,-,-,-,-,-,-,-,-,-,-,-,-,-,-,-,-,-,-,-,-,-,-,-,-,-,-,-
"Montgomery, Montgomery County, Alabama, United States",city,https://app.monqcle.com/org/cphlr/project/drug-paraphernalia-laws-1689792283/record/75353,DPL_2025_Consolidated,2022-12-31,2024-12-31,1,0,-,-,-,-,-,-,-,-,-,-,-,-,-,-,-,-,-,-,-,-,-,-,-,-,-,-,-,-,-,-,-,-,-,-,-,-,-,-,-,-,-,-,-,-,-,-,-,-,-,-,-,-,-,-,-,-,-,-,-,-,-,-,-,-,-,-,-,-,-,-,-,-,-,-,-,-,-,-,-,-,-,-,-,-,-,-,-,-,-,-,-,-,-,-,-,-,-,-,-,-,-,-,-,-,-,-,-
"Montgomery, Montgomery County, Alabama, United States",city,https://app.monqcle.com/org/cphlr/project/drug-paraphernalia-laws-1689792283/record/62982,DPL_2023_Consolidated,2022-12-31,2023-01-01,1,0,-,-,-,-,-,-,-,-,-,-,-,-,-,-,-,-,-,-,-,-,-,-,-,-,-,-,-,-,-,-,-,-,-,-,-,-,-,-,-,-,-,-,-,-,-,-,-,-,-,-,-,-,-,-,-,-,-,-,-,-,-,-,-,-,-,-,-,-,-,-,-,-,-,-,-,-,-,-,-,-,-,-,-,-,-,-,-,-,-,-,-,-,-,-,-,-,-,-,-,-,-,-,-,-,-,-,-
"Moreno Valley, Riverside County, California, United States",city,https://app.monqcle.com/org/cphlr/project/drug-paraphernalia-laws-1689792283/record/63717,DPL_2023_Consolidated,2022-12-31,2023-01-01,1,0,-,-,-,-,-,-,-,-,-,-,-,-,-,-,-,-,-,-,-,-,-,-,-,-,-,-,-,-,-,-,-,-,-,-,-,-,-,-,-,-,-,-,-,-,-,-,-,-,-,-,-,-,-,-,-,-,-,-,-,-,-,-,-,-,-,-,-,-,-,-,-,-,-,-,-,-,-,-,-,-,-,-,-,-,-,-,-,-,-,-,-,-,-,-,-,-,-,-,-,-,-,-,-,-,-,-,-
"Moreno Valley, Riverside County, California, United States",city,https://app.monqcle.com/org/cphlr/project/drug-paraphernalia-laws-1689792283/record/75193,DPL_2025_Consolidated,2022-12-31,2024-12-31,1,0,-,-,-,-,-,-,-,-,-,-,-,-,-,-,-,-,-,-,-,-,-,-,-,-,-,-,-,-,-,-,-,-,-,-,-,-,-,-,-,-,-,-,-,-,-,-,-,-,-,-,-,-,-,-,-,-,-,-,-,-,-,-,-,-,-,-,-,-,-,-,-,-,-,-,-,-,-,-,-,-,-,-,-,-,-,-,-,-,-,-,-,-,-,-,-,-,-,-,-,-,-,-,-,-,-,-,-
"Mountain View, Santa Clara County, California, United States",city,https://app.monqcle.com/org/cphlr/project/drug-paraphernalia-laws-1689792283/record/64000,DPL_2023_Consolidated,2022-12-31,2023-01-01,1,0,-,-,-,-,-,-,-,-,-,-,-,-,-,-,-,-,-,-,-,-,-,-,-,-,-,-,-,-,-,-,-,-,-,-,-,-,-,-,-,-,-,-,-,-,-,-,-,-,-,-,-,-,-,-,-,-,-,-,-,-,-,-,-,-,-,-,-,-,-,-,-,-,-,-,-,-,-,-,-,-,-,-,-,-,-,-,-,-,-,-,-,-,-,-,-,-,-,-,-,-,-,-,-,-,-,-,-
"Mountain View, Santa Clara County, California, United States",city,https://app.monqcle.com/org/cphlr/project/drug-paraphernalia-laws-1689792283/record/77437,DPL_2025_Consolidated,2022-12-31,2024-12-31,1,0,-,-,-,-,-,-,-,-,-,-,-,-,-,-,-,-,-,-,-,-,-,-,-,-,-,-,-,-,-,-,-,-,-,-,-,-,-,-,-,-,-,-,-,-,-,-,-,-,-,-,-,-,-,-,-,-,-,-,-,-,-,-,-,-,-,-,-,-,-,-,-,-,-,-,-,-,-,-,-,-,-,-,-,-,-,-,-,-,-,-,-,-,-,-,-,-,-,-,-,-,-,-,-,-,-,-,-
"Mount Pleasant, Charleston County, South Carolina, United States",city,https://app.monqcle.com/org/cphlr/project/drug-paraphernalia-laws-1689792283/record/77309,DPL_2025_Consolidated,2022-12-31,2024-12-31,12,1,-,-,-,ALP,-,-,-,https://codelibrary.amlegal.com/codes/mtpleasantsc/latest/mpleasant_sc/0-0-0-116926,-,-,-,02/08/1982,-,-,-,-,-,-,-,08/18/2025,-,-,-,"Known, current through date published in ordinance",-,-,-,Federal (ARCHIVE) ,-,-,-,0,-,-,-,-,-,-,-,"Syringes, hypodermic needles, other inject/ion/ing equipment/instrument/supplies , Pipes, other smoke/ing or inhal/ing/ation equipment or supplies, Drug test/ing or check/ing equipment or supplies, Other",PROHIBITING THE SALE OF D,-,-,"Delivery, possession with intent to deliver/distribute, distribution, transfer, furnish, exchange (NEW), Possession, possession with intent to use, keep, Use, Advertising, display, Manufacturing, manufacture with intent to deliver or sell",PROHIBITING THE SALE...,-,-,"Unspecified Fine (NEW), Incarceration (NEW), Forfeiture/Seizure","PROHIBITING THE SALE OF D,PROHIBITING THE SALE OF D",-,-,None,-,-,-,-,-,-,-,-,-,-,-,-,-,-,-,-,-,-,-,-,-,-,-,-,-,-,-,-,-,-,-,-,-,-,-,-,-,-,-,-,-,-,-,-,-,-,-,-,-,-,-,-,-,-,-
"Mount Pleasant, Charleston County, South Carolina, United States",city,https://app.monqcle.com/org/cphlr/project/drug-paraphernalia-laws-1689792283/record/63147,DPL_2023_Consolidated,2022-12-31,2023-01-01,11,1,-,-,-,ALP,-,-,-,https://codelibrary.amlegal.com/codes/mtpleasantsc/latest/mpleasant_sc/0-0-0-116926,-,-,-,02/08/1982,-,-,-,-,-,-,-,09/15/2023,-,-,-,"Known, current through date published in ordinance",-,-,-,Federal (ARCHIVE) ,PROHIBITING THE SALE...,-,-,-,-,-,-,-,-,-,-,"Syringes, hypodermic needles, other inject/ion/ing equipment/instrument/supplies , Pipes, other smoke/ing or inhal/ing/ation equipment or supplies, Drug test/ing or check/ing equipment or supplies, Other",PROHIBITING THE SALE OF D,-,-,"Non-sale distribution/delivery (ARCHIVE), Possession, possession with intent to use, keep, Use, Advertising, display, Manufacturing, manufacture with intent to deliver or sell",PROHIBITING THE SALE...,-,-,"Criminal (ARCHIVE) , Forfeiture/Seizure","PROHIBITING THE SALE OF D,PROHIBITING THE SALE OF D",-,-,None,-,-,-,-,-,-,-,-,-,-,-,-,-,-,-,-,-,-,-,-,-,-,-,-,-,-,-,-,-,-,-,-,-,-,-,-,-,-,-,-,-,-,-,-,-,-,-,-,-,-,-,-,-,-,-
"Murfreesboro, Rutherford County, Tennessee, United States",city,https://app.monqcle.com/org/cphlr/project/drug-paraphernalia-laws-1689792283/record/62936,DPL_2023_Consolidated ,2022-12-31,2023-01-01,1,0,-,-,-,-,-,-,-,-,-,-,-,-,-,-,-,-,-,-,-,-,-,-,-,-,-,-,-,-,-,-,-,-,-,-,-,-,-,-,-,-,-,-,-,-,-,-,-,-,-,-,-,-,-,-,-,-,-,-,-,-,-,-,-,-,-,-,-,-,-,-,-,-,-,-,-,-,-,-,-,-,-,-,-,-,-,-,-,-,-,-,-,-,-,-,-,-,-,-,-,-,-,-,-,-,-,-,-
"Murfreesboro, Rutherford County, Tennessee, United States",city,https://app.monqcle.com/org/cphlr/project/drug-paraphernalia-laws-1689792283/record/75746,DPL_2025_Consolidated,2022-12-31,2024-12-31,1,0,-,-,-,-,-,-,-,-,-,-,-,-,-,-,-,-,-,-,-,-,-,-,-,-,-,-,-,-,-,-,-,-,-,-,-,-,-,-,-,-,-,-,-,-,-,-,-,-,-,-,-,-,-,-,-,-,-,-,-,-,-,-,-,-,-,-,-,-,-,-,-,-,-,-,-,-,-,-,-,-,-,-,-,-,-,-,-,-,-,-,-,-,-,-,-,-,-,-,-,-,-,-,-,-,-,-,-
"Murrieta, Riverside County, California, United States",city,https://app.monqcle.com/org/cphlr/project/drug-paraphernalia-laws-1689792283/record/62733,DPL_2023_Consolidated,2022-12-31,2023-01-01,1,0,-,-,-,-,-,-,-,-,-,-,-,-,-,-,-,-,-,-,-,-,-,-,-,-,-,-,-,-,-,-,-,-,-,-,-,-,-,-,-,-,-,-,-,-,-,-,-,-,-,-,-,-,-,-,-,-,-,-,-,-,-,-,-,-,-,-,-,-,-,-,-,-,-,-,-,-,-,-,-,-,-,-,-,-,-,-,-,-,-,-,-,-,-,-,-,-,-,-,-,-,-,-,-,-,-,-,-
"Murrieta, Riverside County, California, United States",city,https://app.monqcle.com/org/cphlr/project/drug-paraphernalia-laws-1689792283/record/76618,DPL_2025_Consolidated,2022-12-31,2024-12-31,11,1,-,-,-,ALP,-,-,-,https://codelibrary.amlegal.com/codes/murrieta/latest/murrieta_ca/0-0-0-19851,-,-,-,07/15/2006,-,unknown date below ordinance; month and date imputed ,-,-,-,-,-,04/15/2025,-,-,-,"Known, current through date published in ordinance",-,-,-,-,-,-,-,0,-,-,-,-,-,-,-,"Syringes, hypodermic needles, other inject/ion/ing equipment/instrument/supplies , Pipes, other smoke/ing or inhal/ing/ation equipment or supplies, Other",Chapter 5.24 TOBACCO SALE,-,-,"Sales, possession with intent to sell, offer for sale (NEW)",Chapter 5.24 TOBACCO SALE,-,-,"""Unlawful"" only (NEW)",-,-,-,None,-,-,-,-,-,-,-,-,-,-,-,-,-,-,-,-,-,-,-,-,-,-,-,-,-,-,-,-,-,-,-,-,-,-,-,-,-,-,-,-,-,-,-,-,-,-,-,-,-,-,-,-,-,-,-
"Nampa, Canyon County, Idaho, United States",city,https://app.monqcle.com/org/cphlr/project/drug-paraphernalia-laws-1689792283/record/76957,DPL_2025_Consolidated,2022-12-31,2024-12-31,1,0,-,-,-,-,-,-,-,-,-,-,-,-,-,-,-,-,-,-,-,-,-,-,-,-,-,-,-,-,-,-,-,-,-,-,-,-,-,-,-,-,-,-,-,-,-,-,-,-,-,-,-,-,-,-,-,-,-,-,-,-,-,-,-,-,-,-,-,-,-,-,-,-,-,-,-,-,-,-,-,-,-,-,-,-,-,-,-,-,-,-,-,-,-,-,-,-,-,-,-,-,-,-,-,-,-,-,-
"Nampa, Canyon County, Idaho, United States",city,https://app.monqcle.com/org/cphlr/project/drug-paraphernalia-laws-1689792283/record/63173,DPL_2023_Consolidated,2022-12-31,2023-01-01,1,0,-,-,-,-,-,-,-,-,-,-,-,-,-,-,-,-,-,-,-,-,-,-,-,-,-,-,-,-,-,-,-,-,-,-,-,-,-,-,-,-,-,-,-,-,-,-,-,-,-,-,-,-,-,-,-,-,-,-,-,-,-,-,-,-,-,-,-,-,-,-,-,-,-,-,-,-,-,-,-,-,-,-,-,-,-,-,-,-,-,-,-,-,-,-,-,-,-,-,-,-,-,-,-,-,-,-,-
"Napa, Napa County, California, United States",city,https://app.monqcle.com/org/cphlr/project/drug-paraphernalia-laws-1689792283/record/77472,DPL_2025_Consolidated,2022-12-31,2024-12-31,1,0,-,-,-,-,-,-,-,-,-,-,-,-,-,-,-,-,-,-,-,-,-,-,-,-,-,-,-,-,-,-,-,-,-,-,-,-,-,-,-,-,-,-,-,-,-,-,-,-,-,-,-,-,-,-,-,-,-,-,-,-,-,-,-,-,-,-,-,-,-,-,-,-,-,-,-,-,-,-,-,-,-,-,-,-,-,-,-,-,-,-,-,-,-,-,-,-,-,-,-,-,-,-,-,-,-,-,-
"Napa, Napa County, California, United States",city,https://app.monqcle.com/org/cphlr/project/drug-paraphernalia-laws-1689792283/record/63655,DPL_2023_Consolidated,2022-12-31,2023-01-01,1,0,-,-,-,-,-,-,-,-,-,-,-,-,-,-,-,-,-,-,-,-,-,-,-,-,-,-,-,-,-,-,-,-,-,-,-,-,-,-,-,-,-,-,-,-,-,-,-,-,-,-,-,-,-,-,-,-,-,-,-,-,-,-,-,-,-,-,-,-,-,-,-,-,-,-,-,-,-,-,-,-,-,-,-,-,-,-,-,-,-,-,-,-,-,-,-,-,-,-,-,-,-,-,-,-,-,-,-
"Naperville, DuPage County, Illinois, United States",city,https://app.monqcle.com/org/cphlr/project/drug-paraphernalia-laws-1689792283/record/75679,DPL_2025_PS,2024-01-01,2024-12-31,16,1,-,-,-,Municode,-,-,-,https://library.municode.com/il/naperville/codes/code_of_ordinances?nodeId=TIT10PORE_CH2GEOF_10-2-3-1POCADRPA,-,-,-,01/01/2024,-,-,-,-,-,-,-,10/20/2025,-,-,-,"Known, current through date published in ordinance",-,-,-,State (ARCHIVE) ,-,-,-,1,10-2-3-1: - POSSESSION OF,-,-,720 ILCS 600/1 et seq.; 720 ILCS 635,-,-,-,"Syringes, hypodermic needles, other inject/ion/ing equipment/instrument/supplies , Pipes, other smoke/ing or inhal/ing/ation equipment or supplies, Drug test/ing or check/ing equipment or supplies, Other", (720 ILCS 600/2) (from C,-,-,"Possession, possession with intent to use, keep",10-2-3-1: - POSSESSION OF,-,-,Unspecified Fine (NEW),10-2-3-1: -,-,-,"Syringes for approved medical use (i.e. diabetes) , Other paraphernalia for approved medical use, Paraphernalia for consumption of cannabis, generally or medical use (NEW), Syringes from syringe services, harm reduction programs, or supervised use sites (NEW), Drug checking/testing equipment for fentanyl or fentanyl analogues , Professionals acting in their course of business [e.g. pharmacists, physicians, manufacturers], Public officials in the course of their duties, generally","10-2-3-1: - POSSESSION OF,(720 ILCS 635/1) (from Ch,720 ILCS 600/2, (720 ILCS 600/2) (from C",-,-,-,-,-,-,Possession,-,-,-,Possession,-,-,-,-,-,-,-,Possession,-,-,-,-,-,-,-,-,-,-,-,-,-,-,-,-,-,-,-,-,-,-,-,-,-,-,-,-,-,-,-,-,-,-,-
"Naperville, DuPage County, Illinois, United States",city,https://app.monqcle.com/org/cphlr/project/drug-paraphernalia-laws-1689792283/record/75902,DPL_2025_Consolidated,2024-01-01,2024-12-31,16,1,-,-,-,Municode,-,-,-,https://library.municode.com/il/naperville/codes/code_of_ordinances?nodeId=TIT10PORE_CH2GEOF_10-2-3-1POCADRPA,-,-,-,01/01/2024,-,-,-,-,-,-,-,10/20/2025,-,-,-,"Known, current through date published in ordinance",-,-,-,State (ARCHIVE) ,-,-,-,1,10-2-3-1: - POSSESSION OF,-,-,720 ILCS 600/1 et seq.; 720 ILCS 635,-,-,-,"Syringes, hypodermic needles, other inject/ion/ing equipment/instrument/supplies , Pipes, other smoke/ing or inhal/ing/ation equipment or supplies, Drug test/ing or check/ing equipment or supplies, Other", (720 ILCS 600/2) (from C,-,-,"Possession, possession with intent to use, keep",10-2-3-1: - POSSESSION OF,-,-,Unspecified Fine (NEW),10-2-3-1: -,-,-,"Syringes for approved medical use (i.e. diabetes) , Other paraphernalia for approved medical use, Paraphernalia for consumption of cannabis, generally or medical use (NEW), Syringes from syringe services, harm reduction programs, or supervised use sites (NEW), Drug checking/testing equipment for fentanyl or fentanyl analogues , Professionals acting in their course of business [e.g. pharmacists, physicians, manufacturers], Public officials in the course of their duties, generally","10-2-3-1: - POSSESSION OF,720 ILCS 600/2, (720 ILCS 600/2) (from C,(720 ILCS 635/1) (from Ch",-,-,-,-,-,-,Possession,-,-,-,Possession,-,-,-,-,-,-,-,Possession,-,-,-,-,-,-,-,-,-,-,-,-,-,-,-,-,-,-,-,-,-,-,-,-,-,-,-,-,-,-,-,-,-,-,-
"Naperville, DuPage County, Illinois, United States",city,https://app.monqcle.com/org/cphlr/project/drug-paraphernalia-laws-1689792283/record/63297,DPL_2023_Consolidated,2022-12-31,2023-01-01,11,1,-,-,-,Municode,-,-,-,https://library.municode.com/il/naperville/codes/code_of_ordinances?nodeId=TIT10PORE_CH2GEOF_10-2-3-1POCADRPA,-,-,-,11/19/2019,-,-,-,-,-,-,-,12/15/2023,-,-,-,"Known, current through date published in ordinance",-,-,-,State (ARCHIVE) ,10-2-3-1: - POSSESSION OF,-,-,-,-,-,-,-,-,-,-,"Syringes, hypodermic needles, other inject/ion/ing equipment/instrument/supplies , Pipes, other smoke/ing or inhal/ing/ation equipment or supplies, Drug test/ing or check/ing equipment or supplies, Other",10-2-3-1: - POSSESSION OF,-,-,"Possession, possession with intent to use, keep",10-2-3-1: - POSSESSION OF,-,-,Civil (ARCHIVE),10-2-3-1: -,-,-,"Syringes for approved medical use (i.e. diabetes) , Other paraphernalia for approved medical use, Paraphernalia for consumption of cannabis, generally (ARCHIVE), Syringe services or harm reduction programs specifically, supervised use sites (ARCHIVE), Xylazine checking/testing equipment specifically, in the context syringe services, harm reduction programs, or supervised use sites (NEW), Professionals acting in their course of business [e.g. pharmacists, physicians, manufacturers], Public officials in the course of their duties, generally",-,"Syringes obtained from pharmacy

syringes generally limited to 18+",-,-,-,-,-,-,-,-,-,-,-,-,-,-,-,-,-,-,-,-,-,-,-,-,-,-,-,-,-,-,-,-,-,-,-,-,-,-,-,-,-,-,-,-,-,-,-,-,-,-,-,-,-
"Naperville, DuPage County, Illinois, United States",city,https://app.monqcle.com/org/cphlr/project/drug-paraphernalia-laws-1689792283/record/75901,DPL_2025_Consolidated,2022-12-31,2023-12-31,15,1,-,-,-,Municode,-,-,-,https://library.municode.com/il/naperville/codes/code_of_ordinances?nodeId=TIT10PORE_CH2GEOF_10-2-3-1POCADRPA,-,-,-,11/19/2019,-,-,-,-,-,-,-,01/01/2024,-,-,-,"Known, current through date published in ordinance",-,-,-,State (ARCHIVE) ,-,-,-,1,10-2-3-1: - POSSESSION OF,-,-,720 ILCS 600/1 et seq.; 720 ILCS 635,-,-,-,"Syringes, hypodermic needles, other inject/ion/ing equipment/instrument/supplies , Pipes, other smoke/ing or inhal/ing/ation equipment or supplies, Drug test/ing or check/ing equipment or supplies, Other", (720 ILCS 600/2) (from C,-,-,"Possession, possession with intent to use, keep",10-2-3-1: - POSSESSION OF,-,-,Unspecified Fine (NEW),10-2-3-1: -,-,-,"Syringes for approved medical use (i.e. diabetes) , Other paraphernalia for approved medical use, Paraphernalia for consumption of cannabis, generally or medical use (NEW), Syringes from syringe services, harm reduction programs, or supervised use sites (NEW), Professionals acting in their course of business [e.g. pharmacists, physicians, manufacturers], Public officials in the course of their duties, generally","720 ILCS 600/2,10-2-3-1: - POSSESSION OF,(720 ILCS 635/1) (from Ch",-,-,-,-,-,-,Possession,-,-,-,Possession,-,-,-,-,-,-,-,-,-,-,-,-,-,-,-,-,-,-,-,-,-,-,-,-,-,-,-,-,-,-,-,-,-,-,-,-,-,-,-,-,-,-,-
"Nashua, Hillsborough County, New Hampshire, United States",city,https://app.monqcle.com/org/cphlr/project/drug-paraphernalia-laws-1689792283/record/64127,DPL_2023_Consolidated,2022-12-31,2023-01-01,1,0,-,-,-,-,-,-,-,-,-,-,-,-,-,-,-,-,-,-,-,-,-,-,-,-,-,-,-,-,-,-,-,-,-,-,-,-,-,-,-,-,-,-,-,-,-,-,-,-,-,-,-,-,-,-,-,-,-,-,-,-,-,-,-,-,-,-,-,-,-,-,-,-,-,-,-,-,-,-,-,-,-,-,-,-,-,-,-,-,-,-,-,-,-,-,-,-,-,-,-,-,-,-,-,-,-,-,-
"Nashua, Hillsborough County, New Hampshire, United States",city,https://app.monqcle.com/org/cphlr/project/drug-paraphernalia-laws-1689792283/record/76768,DPL_2025_Consolidated,2022-12-31,2024-12-31,1,0,-,-,-,-,-,-,-,-,-,-,-,-,-,-,-,-,-,-,-,-,-,-,-,-,-,-,-,-,-,-,-,-,-,-,-,-,-,-,-,-,-,-,-,-,-,-,-,-,-,-,-,-,-,-,-,-,-,-,-,-,-,-,-,-,-,-,-,-,-,-,-,-,-,-,-,-,-,-,-,-,-,-,-,-,-,-,-,-,-,-,-,-,-,-,-,-,-,-,-,-,-,-,-,-,-,-,-
"Nashville, Davidson County, Tennessee, United States",city,https://app.monqcle.com/org/cphlr/project/drug-paraphernalia-laws-1689792283/record/74942,DPL_2025_Consolidated,2022-12-31,2024-12-31,12,1,-,-,-,Municode,-,-,-,https://library.municode.com/tn/metro_government_of_nashville_and_davidson_county/codes/code_of_ordinances?nodeId=CD_TIT11PUPEMOWE_DIVIGERE_CH11.16OFAGPUDE_11.16.050COSUOSPAPRXC,-,-,-,07/16/1974,-,unknown date at bottom of ordinance ,-,-,-,-,-,09/10/2025,-,-,-,"Known, current through date published in ordinance",-,-,-,State (ARCHIVE) ,-,-,-,0,-,-,-,-,-,-,-,"Syringes, hypodermic needles, other inject/ion/ing equipment/instrument/supplies , Other",11.16.050 -,any other instrument or implement adapted for the use of any controlled substance,-,"Possession, possession with intent to use, keep",11.16.050 -,-,-,"""Unlawful"" only (NEW)",11.16.050 ,-,-,"Professionals acting in their course of business [e.g. pharmacists, physicians, manufacturers]",11.16.050 - Controlled su,-,-,-,-,-,-,-,-,-,-,-,-,-,-,-,-,-,-,-,-,-,-,-,-,-,-,-,-,-,-,-,-,-,-,-,-,-,-,-,-,-,-,-,-,-,-,-,-,-,-,-,-,-,-
"Nashville, Davidson County, Tennessee, United States",city,https://app.monqcle.com/org/cphlr/project/drug-paraphernalia-laws-1689792283/record/62835,DPL_2023_Consolidated,2022-12-31,2023-01-01,11,1,-,-,-,Municode,-,-,-,https://library.municode.com/tn/metro_government_of_nashville_and_davidson_county/codes/code_of_ordinances?nodeId=CD_TIT11PUPEMOWE_DIVIGERE_CH11.16OFAGPUDE_11.16.050COSUOSPAPRXC,-,-,-,07/16/1974,-,unknown date at bottom of ordinance ,-,-,-,-,-,07/11/2023,-,-,-,"Known, current through date published in ordinance",-,-,-,State (ARCHIVE) ,11.16.050 -,-,-,-,-,-,-,-,-,-,-,"Syringes, hypodermic needles, other inject/ion/ing equipment/instrument/supplies , Other",11.16.050 -,any other instrument or implement adapted for the use of any controlled substance,-,"Possession, possession with intent to use, keep",11.16.050 -,"possession of paraphernalia prohibited only when it has  ""on it any quantity, including trace, of a controlled substance""",-,Criminal (ARCHIVE) ,11.16.050 ,-,-,"Professionals acting in their course of business [e.g. pharmacists, physicians, manufacturers]",11.16.050 -,-,-,-,-,-,-,-,-,-,-,-,-,-,-,-,-,-,-,-,-,-,-,-,-,-,-,-,-,-,-,-,-,-,-,-,-,-,-,-,-,-,-,-,-,-,-,-,-,-,-,-,-,-,-
"Newark, Essex County, New Jersey, United States",city,https://app.monqcle.com/org/cphlr/project/drug-paraphernalia-laws-1689792283/record/74972,DPL_2_2025_Consolidated,2022-12-31,2024-12-31,13,1,-,-,-,Ecode 360 ,-,-,-,https://ecode360.com/36692131?highlight=drug%20paraphernalia&searchId=8466748237803954#,-,-,-,06/22/1994,-,unknown date type,-,-,-,-,-,09/17/2025,-,-,-,"Known, current through date published in ordinance",-,-,-,State (ARCHIVE) ,-,-,-,1,-,-,-,N.J.S.A. 2C:36-1 et al.,-,-,-,Other,Chapter 20:14,"all products and materials of any kind which are used for or intended to be used for the packaging, repacking, storing, containing or concealment of a controlled dangerous substance or controlled substance analog. Such materials shall include but not be limited to: capsules, cocaine vials, balloons, envelopes and other containers used or intended for use in packing small quantities of controlled dangerous substances or controlled substance analogs, as well as containers and other objects used or intended for use in storing or concealing controlled dangerous substances or controlled substance analogs.",-,"Sales, possession with intent to sell, offer for sale (NEW), Delivery, possession with intent to deliver/distribute, distribution, transfer, furnish, exchange (NEW), Manufacturing, manufacture with intent to deliver or sell",Chapter 20:14 Materials U,-,-,"""Unlawful"" only (NEW)",Chapter 20:14,-,-,None,-,-,-,-,-,-,-,-,-,-,-,-,-,-,-,-,-,-,-,-,-,-,-,-,-,-,-,-,-,-,-,-,-,-,-,-,-,-,-,-,-,-,-,-,-,-,-,-,-,-,-,-,-,-,-
"Newark, Essex County, New Jersey, United States",city,https://app.monqcle.com/org/cphlr/project/drug-paraphernalia-laws-1689792283/record/74971,DPL_2025_Consolidated,2022-12-31,2024-12-31,13,1,-,-,-,Ecode 360,-,-,-,https://ecode360.com/36691398#36691398,-,-,-,05/16/2007,-,-,-,-,-,-,-,09/17/2025,-,-,-,"Known, current through date published in ordinance",-,-,-,State (ARCHIVE) ,-,-,-,1,Chapter 20:13,-,-,N.J.S.A. 24:21-10(c),-,-,-,"Syringes, hypodermic needles, other inject/ion/ing equipment/instrument/supplies , Pipes, other smoke/ing or inhal/ing/ation equipment or supplies, Drug test/ing or check/ing equipment or supplies, Other",Chapter 20:13,-,-,"Sales, possession with intent to sell, offer for sale (NEW), Advertising, display",Chapter 20:13 Sale or Dis,-,-,"Unspecified Fine (NEW), Incarceration (NEW)",Chapter 20:13,-,-,"Professionals acting in their course of business [e.g. pharmacists, physicians, manufacturers], Public officials in the course of their duties, generally","Chapter 20:13,24:21-10. Registration re",-,-,-,-,-,-,-,-,-,-,-,-,-,-,-,-,-,-,-,-,-,-,-,-,-,-,-,-,-,-,-,-,-,-,-,-,-,-,-,-,-,-,-,-,-,-,-,-,-,-,-,-,-,-
"Newark, Essex County, New Jersey, United States",city,https://app.monqcle.com/org/cphlr/project/drug-paraphernalia-laws-1689792283/record/63113,DPL_2_2023_Consolidated,2022-12-31,2023-01-01,11,1,-,-,-,Ecode 360 ,-,-,-,https://ecode360.com/36692131?highlight=drug%20paraphernalia&searchId=8466748237803954#,-,-,-,06/22/1994,-,unknown date type,-,-,-,-,-,09/20/2023,-,-,-,"Known, current through date published in ordinance",-,-,-,State (ARCHIVE) ,"Chapter 20:14 Materials U,Chapter 20:14",-,-,-,-,-,-,-,-,-,-,Other,Chapter 20:14,"all products and materials of any kind which are used for or intended to be used for the packaging, repacking, storing, containing or concealment of a controlled dangerous substance or controlled substance analog. Such materials shall include but not be limited to: capsules, cocaine vials, balloons, envelopes and other containers used or intended for use in packing small quantities of controlled dangerous substances or controlled substance analogs, as well as containers and other objects used or intended for use in storing or concealing controlled dangerous substances or controlled substance analogs.",-,"Sales (ARCHIVE), Non-sale distribution/delivery (ARCHIVE), Manufacturing, manufacture with intent to deliver or sell",Chapter 20:14 Materials U,-,-,Criminal (ARCHIVE) ,Chapter 20:14,-,-,None,-,-,-,-,-,-,-,-,-,-,-,-,-,-,-,-,-,-,-,-,-,-,-,-,-,-,-,-,-,-,-,-,-,-,-,-,-,-,-,-,-,-,-,-,-,-,-,-,-,-,-,-,-,-,-
"Newark, Essex County, New Jersey, United States",city,https://app.monqcle.com/org/cphlr/project/drug-paraphernalia-laws-1689792283/record/63497,DPL_2023_Consolidated,2022-12-31,2023-01-01,11,1,-,-,-,Ecode 360,-,-,-,https://ecode360.com/36691398#36691398,-,-,-,05/16/2007,-,-,-,-,-,-,-,09/20/2023,-,"eye dropper, spoon, rolling paper",-,"Known, current through date published in ordinance",-,-,-,State (ARCHIVE) ,Chapter 20:13,-,-,-,-,-,-,-,-,-,-,"Syringes, hypodermic needles, other inject/ion/ing equipment/instrument/supplies , Pipes, other smoke/ing or inhal/ing/ation equipment or supplies, Drug test/ing or check/ing equipment or supplies, Other",Chapter 20:13,-,-,"Sales (ARCHIVE), Advertising, display, Manufacturing, manufacture with intent to deliver or sell, Other","Chapter 20:13,Chapter 20:13,Chapter 20:13","offer to sell, display, maintain any building, conveyance or premises whatever which are resorted to by persons for the manufacturing, distribution, dispensing, administration or use",-,Criminal (ARCHIVE) ,Chapter 20:13,-,-,"Professionals acting in their course of business [e.g. pharmacists, physicians, manufacturers], Public officials in the course of their duties, generally",Chapter 20:13,-,-,-,-,-,-,-,-,-,-,-,-,-,-,-,-,-,-,-,-,-,-,-,-,-,-,-,-,-,-,-,-,-,-,-,-,-,-,-,-,-,-,-,-,-,-,-,-,-,-,-,-,-,-
"New Bedford, Bristol County, Massachusetts, United States",city,https://app.monqcle.com/org/cphlr/project/drug-paraphernalia-laws-1689792283/record/77294,DPL_2025_Consolidated,2022-12-31,2024-12-31,13,1,-,-,-,Municode,-,-,-,https://library.municode.com/ma/new_bedford/codes/code_of_ordinances/418717?nodeId=COOR_CH17OFMIPR_S17-19PRSAIT,-,-,-,11/27/2007,-,unknown date at bottom of ordinance,-,-,-,-,-,07/17/2025,-,-,-,"Known, current through date published in ordinance",-,-,-,State (ARCHIVE) ,-,-,-,1,Sec. 17-19. -,-,-,"M.G.L.A. c. 94C, § 1",-,-,-,"Pipes, other smoke/ing or inhal/ing/ation equipment or supplies, Drug test/ing or check/ing equipment or supplies, Other",M.G.L.A. c. 94C,-,-,"Sales, possession with intent to sell, offer for sale (NEW), Delivery, possession with intent to deliver/distribute, distribution, transfer, furnish, exchange (NEW)",Sec. 17-19. -,-,-,Unspecified Fine (NEW),"Sec. 17-19. - Prohibited ,Sec. 17-18. - Noncriminal",-,-,None,-,-,-,-,-,-,-,-,-,-,-,-,-,-,-,-,-,-,-,-,-,-,-,-,-,-,-,-,-,-,-,-,-,-,-,-,-,-,-,-,-,-,-,-,-,-,-,-,-,-,-,-,-,-,-
"New Bedford, Bristol County, Massachusetts, United States",city,https://app.monqcle.com/org/cphlr/project/drug-paraphernalia-laws-1689792283/record/63879,DPL_2023_Consolidated,2022-12-31,2023-01-01,11,1,-,-,-,Municode,-,-,-,https://library.municode.com/ma/new_bedford/codes/code_of_ordinances/418717?nodeId=COOR_CH17OFMIPR_S17-19PRSAIT,-,-,-,11/27/2007,-,unknown date at bottom of ordinance,-,-,-,-,-,03/17/2023,-,-,-,"Known, current through date published in ordinance",-,-,-,State (ARCHIVE) ,Sec. 17-19. -,-,-,-,-,-,-,-,-,-,-,"Pipes, other smoke/ing or inhal/ing/ation equipment or supplies, Drug test/ing or check/ing equipment or supplies, Other",M.G.L.A. c. 94C,-,-,"Sales (ARCHIVE), Non-sale distribution/delivery (ARCHIVE)",Sec. 17-19. -,-,-,Civil (ARCHIVE),Sec. 17-19. - Prohibited ,-,-,None,-,-,-,-,-,-,-,-,-,-,-,-,-,-,-,-,-,-,-,-,-,-,-,-,-,-,-,-,-,-,-,-,-,-,-,-,-,-,-,-,-,-,-,-,-,-,-,-,-,-,-,-,-,-,-
"New Braunfels, Comal County, Texas, United States",city,https://app.monqcle.com/org/cphlr/project/drug-paraphernalia-laws-1689792283/record/76839,DPL_2025_Consolidated,2022-12-31,2024-12-31,1,0,-,-,-,-,-,-,-,-,-,-,-,-,-,-,-,-,-,-,-,-,-,-,-,-,-,-,-,-,-,-,-,-,-,-,-,-,-,-,-,-,-,-,-,-,-,-,-,-,-,-,-,-,-,-,-,-,-,-,-,-,-,-,-,-,-,-,-,-,-,-,-,-,-,-,-,-,-,-,-,-,-,-,-,-,-,-,-,-,-,-,-,-,-,-,-,-,-,-,-,-,-,-,-,-,-,-,-
"New Braunfels, Comal County, Texas, United States",city,https://app.monqcle.com/org/cphlr/project/drug-paraphernalia-laws-1689792283/record/64170,DPL_2023_Consolidated,2022-12-31,2023-01-01,1,0,-,-,-,-,-,-,-,-,-,-,-,-,-,-,-,-,-,-,-,-,-,-,-,-,-,-,-,-,-,-,-,-,-,-,-,-,-,-,-,-,-,-,-,-,-,-,-,-,-,-,-,-,-,-,-,-,-,-,-,-,-,-,-,-,-,-,-,-,-,-,-,-,-,-,-,-,-,-,-,-,-,-,-,-,-,-,-,-,-,-,-,-,-,-,-,-,-,-,-,-,-,-,-,-,-,-,-
"New Haven, South Central Connecticut Planning Region, Connecticut, United States",city,https://app.monqcle.com/org/cphlr/project/drug-paraphernalia-laws-1689792283/record/75851,DPL_2025_Consolidated,2022-12-31,2024-12-31,1,0,-,-,-,-,-,-,-,-,-,-,-,-,-,-,-,-,-,-,-,-,-,-,-,-,-,-,-,-,-,-,-,-,-,-,-,-,-,-,-,-,-,-,-,-,-,-,-,-,-,-,-,-,-,-,-,-,-,-,-,-,-,-,-,-,-,-,-,-,-,-,-,-,-,-,-,-,-,-,-,-,-,-,-,-,-,-,-,-,-,-,-,-,-,-,-,-,-,-,-,-,-,-,-,-,-,-,-
"New Haven, South Central Connecticut Planning Region, Connecticut, United States",city,https://app.monqcle.com/org/cphlr/project/drug-paraphernalia-laws-1689792283/record/64050,DPL_2023_Consolidated,2022-12-31,2023-01-01,1,0,-,-,-,-,-,-,-,-,-,-,-,-,-,-,-,-,-,-,-,-,-,-,-,-,-,-,-,-,-,-,-,-,-,-,-,-,-,-,-,-,-,-,-,-,-,-,-,-,-,-,-,-,-,-,-,-,-,-,-,-,-,-,-,-,-,-,-,-,-,-,-,-,-,-,-,-,-,-,-,-,-,-,-,-,-,-,-,-,-,-,-,-,-,-,-,-,-,-,-,-,-,-,-,-,-,-,-
"New Orleans, Orleans Parish, Louisiana, United States",city,https://app.monqcle.com/org/cphlr/project/drug-paraphernalia-laws-1689792283/record/63962,DPL_2023_Consolidated,2022-12-31,2023-01-01,12,1,-,-,-,Municode,-,-,-,https://library.municode.com/la/new_orleans/codes/code_of_ordinances/418202?nodeId=PTIICO_CH102OFMIPR_ARTIIICOSU_DIV2PA,-,-,-,08/05/2021,-,unknown date at bottom of ordinance,-,09/15/2021,-,-,-,10/31/2023,-,-,-,"Known, current through date published in ordinance",-,-,-,State (ARCHIVE) ,DIVISION 2. -,-,-,-,-,-,-,-,-,-,-,"Syringes, hypodermic needles, other inject/ion/ing equipment/instrument/supplies , Pipes, other smoke/ing or inhal/ing/ation equipment or supplies, Drug test/ing or check/ing equipment or supplies, Other",DIVISION 2. -,-,-,"Sales (ARCHIVE), Non-sale distribution/delivery (ARCHIVE), Possession, possession with intent to use, keep, Use, Other",DIVISION 2. - PARAPHERNAL,"lend, rent, lease, give, exchange, display",-,"Criminal (ARCHIVE) , Forfeiture/Seizure","DIVISION 2. - PARAPHERNAL,DIVISION 2. - PARAPHERNAL",-,-,"Syringes for approved medical use (i.e. diabetes) , Paraphernalia for consumption of cannabis, generally (ARCHIVE), Syringe services or harm reduction programs specifically, supervised use sites (ARCHIVE), Drug checking/testing equipment for fentanyl or fentanyl analogues , Xylazine checking/testing equipment specifically, in the context syringe services, harm reduction programs, or supervised use sites (NEW), Professionals acting in their course of business [e.g. pharmacists, physicians, manufacturers]","DIVISION 2. -,DIVISION 2. -",Nothing contained in this article shall be construed to prohibit the sale of hypodermic syringes or needles by licensed pharmacists or drug prevention and/or AIDS education programs as approved by the department of health and/or the state department of health and hospitals.,-,-,-,-,-,-,-,-,-,-,-,-,-,-,-,-,-,-,-,-,-,-,-,-,-,-,-,-,-,-,-,-,-,-,-,-,-,-,-,-,-,-,-,-,-,-,-,-,-,-,-,-,-
"New Orleans, Orleans Parish, Louisiana, United States",city,https://app.monqcle.com/org/cphlr/project/drug-paraphernalia-laws-1689792283/record/74505,DPL_2025_Consolidated,2022-12-31,2024-12-31,18,1,-,-,-,Municode,-,-,-,https://library.municode.com/la/new_orleans/codes/code_of_ordinances/418202?nodeId=PTIICO_CH102OFMIPR_ARTIIICOSU_DIV2PA,-,-,-,08/05/2021,-,unknown date at bottom of ordinance,-,09/15/2021,-,-,-,10/01/2025,-,-,-,"Known, current through date published in ordinance",-,-,-,State (ARCHIVE) ,-,-,-,0,-,-,-,-,-,-,-,"Syringes, hypodermic needles, other inject/ion/ing equipment/instrument/supplies , Pipes, other smoke/ing or inhal/ing/ation equipment or supplies, Drug test/ing or check/ing equipment or supplies, Other",DIVISION 2. - PARAPHERNAL,-,-,"Sales, possession with intent to sell, offer for sale (NEW), Delivery, possession with intent to deliver/distribute, distribution, transfer, furnish, exchange (NEW), Give away, give, gift, free distribution (NEW), Possession, possession with intent to use, keep, Use, Advertising, display",DIVISION 2. - PARAPHERNAL,-,-,"Unspecified Fine (NEW), Incarceration (NEW), Forfeiture/Seizure","Sec. 1-13. - General pena,DIVISION 2. - PARAPHERNAL,DIVISION 2. - PARAPHERNAL",-,-,"Syringes for approved medical use (i.e. diabetes) , Paraphernalia for consumption of cannabis, generally or medical use (NEW), Syringes from syringe services, harm reduction programs, or supervised use sites (NEW), Drug checking/testing equipment for fentanyl or fentanyl analogues , Drug checking equipment, in the context of syringe services, harm reduction programs, or supervised use sites (NEW), Pipes/smoking equipment, in the context syringe services, harm reduction programs, or supervised use sites (NEW), Professionals acting in their course of business [e.g. pharmacists, physicians, manufacturers]","DIVISION 2. -,DIVISION 2. -",-,-,-,-,-,-,"Possession, Use, Distribution, Sales, Other",-,advertising,-,Use,-,-,-,-,-,-,-,"Possession, Sales",-,-,-,-,-,-,-,"Possession, Use, Distribution, Sales, Other",-,advertising,-,-,-,-,-,-,-,-,-,-,-,-,-,"Possession, Use, Distribution, Sales, Other",-,advertising,-,-,-,-,-,-,-,-,-
"Newport Beach, Orange County, California, United States",city,https://app.monqcle.com/org/cphlr/project/drug-paraphernalia-laws-1689792283/record/63284,DPL_2023_Consolidated,2022-12-31,2023-01-01,1,0,-,-,-,-,-,-,-,-,-,-,-,-,-,-,-,-,-,-,-,-,-,-,-,-,-,-,-,-,-,-,-,-,-,-,-,-,-,-,-,-,-,-,-,-,-,-,-,-,-,-,-,-,-,-,-,-,-,-,-,-,-,-,-,-,-,-,-,-,-,-,-,-,-,-,-,-,-,-,-,-,-,-,-,-,-,-,-,-,-,-,-,-,-,-,-,-,-,-,-,-,-,-,-,-,-,-,-
"Newport Beach, Orange County, California, United States",city,https://app.monqcle.com/org/cphlr/project/drug-paraphernalia-laws-1689792283/record/77224,DPL_2025_Consolidated,2022-12-31,2024-12-31,1,0,-,-,-,-,-,-,-,-,-,-,-,-,-,-,-,-,-,-,-,-,-,-,-,-,-,-,-,-,-,-,-,-,-,-,-,-,-,-,-,-,-,-,-,-,-,-,-,-,-,-,-,-,-,-,-,-,-,-,-,-,-,-,-,-,-,-,-,-,-,-,-,-,-,-,-,-,-,-,-,-,-,-,-,-,-,-,-,-,-,-,-,-,-,-,-,-,-,-,-,-,-,-,-,-,-,-,-
"Newport News, Virginia, 23607, United States",city,https://app.monqcle.com/org/cphlr/project/drug-paraphernalia-laws-1689792283/record/75315,DPL_2025_Consolidated,2022-12-31,2024-12-31,1,0,-,-,-,-,-,-,-,-,-,-,-,-,-,-,-,-,-,-,-,-,-,-,-,-,-,-,-,-,-,-,-,-,-,-,-,-,-,-,-,-,-,-,-,-,-,-,-,-,-,-,-,-,-,-,-,-,-,-,-,-,-,-,-,-,-,-,-,-,-,-,-,-,-,-,-,-,-,-,-,-,-,-,-,-,-,-,-,-,-,-,-,-,-,-,-,-,-,-,-,-,-,-,-,-,-,-,-
"Newport News, Virginia, 23607, United States",city,https://app.monqcle.com/org/cphlr/project/drug-paraphernalia-laws-1689792283/record/63182,DPL_2023_Consolidated,2022-12-31,2023-01-01,1,0,-,-,-,-,-,-,-,-,-,-,-,-,-,-,-,-,-,-,-,-,-,-,-,-,-,-,-,-,-,-,-,-,-,-,-,-,-,-,-,-,-,-,-,-,-,-,-,-,-,-,-,-,-,-,-,-,-,-,-,-,-,-,-,-,-,-,-,-,-,-,-,-,-,-,-,-,-,-,-,-,-,-,-,-,-,-,-,-,-,-,-,-,-,-,-,-,-,-,-,-,-,-,-,-,-,-,-
"Newton, Middlesex County, Massachusetts, United States",city,https://app.monqcle.com/org/cphlr/project/drug-paraphernalia-laws-1689792283/record/64001,DPL_2023_Consolidated,2022-12-31,2023-01-01,1,0,-,-,-,-,-,-,-,-,-,-,-,-,-,-,-,-,-,-,-,-,-,-,-,-,-,-,-,-,-,-,-,-,-,-,-,-,-,-,-,-,-,-,-,-,-,-,-,-,-,-,-,-,-,-,-,-,-,-,-,-,-,-,-,-,-,-,-,-,-,-,-,-,-,-,-,-,-,-,-,-,-,-,-,-,-,-,-,-,-,-,-,-,-,-,-,-,-,-,-,-,-,-,-,-,-,-,-
"Newton, Middlesex County, Massachusetts, United States",city,https://app.monqcle.com/org/cphlr/project/drug-paraphernalia-laws-1689792283/record/77179,DPL_2025_Consolidated,2022-12-31,2024-12-31,1,0,-,-,-,-,-,-,-,-,-,-,-,-,-,-,-,-,-,-,-,-,-,-,-,-,-,-,-,-,-,-,-,-,-,-,-,-,-,-,-,-,-,-,-,-,-,-,-,-,-,-,-,-,-,-,-,-,-,-,-,-,-,-,-,-,-,-,-,-,-,-,-,-,-,-,-,-,-,-,-,-,-,-,-,-,-,-,-,-,-,-,-,-,-,-,-,-,-,-,-,-,-,-,-,-,-,-,-
"New York, City of New York, United States",city,https://app.monqcle.com/org/cphlr/project/drug-paraphernalia-laws-1689792283/record/73684,DPL_2025_Consolidated,2022-12-31,2024-12-31,1,0,-,-,-,-,-,-,-,-,-,-,-,-,-,-,-,-,-,-,-,-,-,-,-,-,-,-,-,-,-,-,-,-,-,-,-,-,-,-,-,-,-,-,-,-,-,-,-,-,-,-,-,-,-,-,-,-,-,-,-,-,-,-,-,-,-,-,-,-,-,-,-,-,-,-,-,-,-,-,-,-,-,-,-,-,-,-,-,-,-,-,-,-,-,-,-,-,-,-,-,-,-,-,-,-,-,-,-
"New York, City of New York, United States",city,https://app.monqcle.com/org/cphlr/project/drug-paraphernalia-laws-1689792283/record/63419,DPL_2023_Consolidated,2022-12-31,2023-01-01,1,0,-,-,-,-,-,-,-,-,-,-,-,-,-,-,-,-,-,-,-,-,-,-,-,-,-,-,-,-,-,-,-,-,-,-,-,-,-,-,-,-,-,-,-,-,-,-,-,-,-,-,-,-,-,-,-,-,-,-,-,-,-,-,-,-,-,-,-,-,-,-,-,-,-,-,-,-,-,-,-,-,-,-,-,-,-,-,-,-,-,-,-,-,-,-,-,-,-,-,-,-,-,-,-,-,-,-,-
"Norfolk, Virginia, United States",city,https://app.monqcle.com/org/cphlr/project/drug-paraphernalia-laws-1689792283/record/75106,DPL_2025_Consolidated,2022-12-31,2024-12-31,1,0,-,-,-,-,-,-,-,-,-,-,-,-,-,-,-,-,-,-,-,-,-,-,-,-,-,-,-,-,-,-,-,-,-,-,-,-,-,-,-,-,-,-,-,-,-,-,-,-,-,-,-,-,-,-,-,-,-,-,-,-,-,-,-,-,-,-,-,-,-,-,-,-,-,-,-,-,-,-,-,-,-,-,-,-,-,-,-,-,-,-,-,-,-,-,-,-,-,-,-,-,-,-,-,-,-,-,-
"Norfolk, Virginia, United States",city,https://app.monqcle.com/org/cphlr/project/drug-paraphernalia-laws-1689792283/record/63260,DPL_2023_Consolidated,2022-12-31,2023-01-01,1,0,-,-,-,-,-,-,-,-,-,-,-,-,-,-,-,-,-,-,-,-,-,-,-,-,-,-,-,-,-,-,-,-,-,-,-,-,-,-,-,-,-,-,-,-,-,-,-,-,-,-,-,-,-,-,-,-,-,-,-,-,-,-,-,-,-,-,-,-,-,-,-,-,-,-,-,-,-,-,-,-,-,-,-,-,-,-,-,-,-,-,-,-,-,-,-,-,-,-,-,-,-,-,-,-,-,-,-
"Norman, Cleveland County, Oklahoma, United States",city,https://app.monqcle.com/org/cphlr/project/drug-paraphernalia-laws-1689792283/record/76264,DPL_2025_Consolidated,2022-12-31,2024-12-31,12,1,-,-,-,Municode; self-published,-,-,-,https://norman.municipalcodeonline.com/book?type=ordinances#name=24-312_Possession_Or_Sale_Of_Drug-Related_Paraphernalia,-,-,-,-,-,-,-,09/22/2020,-,-,-,06/24/2025,-,-,-,"Known, current through date published in ordinance",-,-,-,State (ARCHIVE) ,-,-,-,0,-,-,-,-,-,-,-,"Syringes, hypodermic needles, other inject/ion/ing equipment/instrument/supplies , Pipes, other smoke/ing or inhal/ing/ation equipment or supplies, Drug test/ing or check/ing equipment or supplies, Other",24-312,-,-,"Sales, possession with intent to sell, offer for sale (NEW), Delivery, possession with intent to deliver/distribute, distribution, transfer, furnish, exchange (NEW), Possession, possession with intent to use, keep, Use, Manufacturing, manufacture with intent to deliver or sell",24-312 Possession Or Sale,-,-,"Unspecified Fine (NEW), Incarceration (NEW)",APPENDIX B CITY OF NORMAN,-,-,"Professionals acting in their course of business [e.g. pharmacists, physicians, manufacturers]",24-312 Possession Or Sale,-,-,-,-,-,-,-,-,-,-,-,-,-,-,-,-,-,-,-,-,-,-,-,-,-,-,-,-,-,-,-,-,-,-,-,-,-,-,-,-,-,-,-,-,-,-,-,-,-,-,-,-,-,-
"Norman, Cleveland County, Oklahoma, United States",city,https://app.monqcle.com/org/cphlr/project/drug-paraphernalia-laws-1689792283/record/62977,DPL_2023_Consolidated,2022-12-31,2023-01-01,11,1,-,-,-,"Municode, self-published",-,-,-,https://norman.municipalcodeonline.com/book?type=ordinances#name=24-312_Possession_Or_Sale_Of_Drug-Related_Paraphernalia,-,-,-,-,-,-,-,09/22/2020,-,In effect since at least date posted ,-,02/28/2023,-,-,-,"Known, current through date published in ordinance",-,-,-,State (ARCHIVE) ,24-312 Possession Or Sale,-,-,-,-,-,-,-,-,-,-,"Syringes, hypodermic needles, other inject/ion/ing equipment/instrument/supplies , Pipes, other smoke/ing or inhal/ing/ation equipment or supplies, Drug test/ing or check/ing equipment or supplies, Other",24-312,-,-,"Sales (ARCHIVE), Non-sale distribution/delivery (ARCHIVE), Possession, possession with intent to use, keep, Use, Manufacturing, manufacture with intent to deliver or sell",24-312 Possession Or Sale,-,-,Criminal (ARCHIVE) ,APPENDIX B CITY OF NORMAN,-,-,"Professionals acting in their course of business [e.g. pharmacists, physicians, manufacturers]",24-312 Possession Or Sale,-,-,-,-,-,-,-,-,-,-,-,-,-,-,-,-,-,-,-,-,-,-,-,-,-,-,-,-,-,-,-,-,-,-,-,-,-,-,-,-,-,-,-,-,-,-,-,-,-,-,-,-,-,-
"North Charleston, Charleston County, South Carolina, United States",city,https://app.monqcle.com/org/cphlr/project/drug-paraphernalia-laws-1689792283/record/63214,DPL_2023_Consolidated,2022-12-31,2023-01-01,1,0,-,-,-,-,-,-,-,-,-,-,-,-,-,-,-,-,-,-,-,-,-,-,-,-,-,-,-,-,-,-,-,-,-,-,-,-,-,-,-,-,-,-,-,-,-,-,-,-,-,-,-,-,-,-,-,-,-,-,-,-,-,-,-,-,-,-,-,-,-,-,-,-,-,-,-,-,-,-,-,-,-,-,-,-,-,-,-,-,-,-,-,-,-,-,-,-,-,-,-,-,-,-,-,-,-,-,-
"North Charleston, Charleston County, South Carolina, United States",city,https://app.monqcle.com/org/cphlr/project/drug-paraphernalia-laws-1689792283/record/76077,DPL_2025_Consolidated,2022-12-31,2024-12-31,1,0,-,-,-,-,-,-,-,-,-,-,-,-,-,-,-,-,-,-,-,-,-,-,-,-,-,-,-,-,-,-,-,-,-,-,-,-,-,-,-,-,-,-,-,-,-,-,-,-,-,-,-,-,-,-,-,-,-,-,-,-,-,-,-,-,-,-,-,-,-,-,-,-,-,-,-,-,-,-,-,-,-,-,-,-,-,-,-,-,-,-,-,-,-,-,-,-,-,-,-,-,-,-,-,-,-,-,-
"North Las Vegas, Clark County, Nevada, United States",city,https://app.monqcle.com/org/cphlr/project/drug-paraphernalia-laws-1689792283/record/75475,DPL_2025_Consolidated,2022-12-31,2024-12-31,11,1,-,-,-,Municode,-,-,-,https://library.municode.com/nv/north_las_vegas/codes/code_of_ordinances?nodeId=TIT9PUPEMOWE_CH9.16COSU_9.16.010DRPA,-,-,-,07/15/1980,-,Month and date imputed; unknown date at bottom of ordianance,-,-,-,-,-,09/23/2025,-,-,-,"Known, current through date published in ordinance",-,-,-,-,-,-,-,0,-,-,-,-,-,-,-,"Syringes, hypodermic needles, other inject/ion/ing equipment/instrument/supplies , Pipes, other smoke/ing or inhal/ing/ation equipment or supplies, Drug test/ing or check/ing equipment or supplies, Other",9.16.010 - Drug paraphern,-,-,"Sales, possession with intent to sell, offer for sale (NEW), Delivery, possession with intent to deliver/distribute, distribution, transfer, furnish, exchange (NEW), Give away, give, gift, free distribution (NEW), Advertising, display, Other",9.16.010 - Drug paraphern,supply,-,"Unspecified Fine (NEW), Incarceration (NEW)",9.16.010 - Drug paraphern,-,-,"Syringes for approved medical use (i.e. diabetes) , Professionals acting in their course of business [e.g. pharmacists, physicians, manufacturers], Public officials in the course of their duties, generally",9.16.010 - Drug paraphern,-,-,-,-,-,-,-,-,-,-,-,-,-,-,-,-,-,-,-,-,-,-,-,-,-,-,-,-,-,-,-,-,-,-,-,-,-,-,-,-,-,-,-,-,-,-,-,-,-,-,-,-,-,-
"North Las Vegas, Clark County, Nevada, United States",city,https://app.monqcle.com/org/cphlr/project/drug-paraphernalia-laws-1689792283/record/63505,DPL_2023_Consolidated,2022-12-31,2023-01-01,1,0,-,-,-,-,-,-,-,-,-,-,-,-,-,-,-,-,-,-,-,-,-,-,-,-,-,-,-,-,-,-,-,-,-,-,-,-,-,-,-,-,-,-,-,-,-,-,-,-,-,-,-,-,-,-,-,-,-,-,-,-,-,-,-,-,-,-,-,-,-,-,-,-,-,-,-,-,-,-,-,-,-,-,-,-,-,-,-,-,-,-,-,-,-,-,-,-,-,-,-,-,-,-,-,-,-,-,-
"Norwalk, Los Angeles County, California, 90650, United States",postcode,https://app.monqcle.com/org/cphlr/project/drug-paraphernalia-laws-1689792283/record/78256,DPL_2025_Consolidated,2022-12-31,2024-12-31,1,0,-,-,-,-,-,-,-,-,-,-,-,-,-,-,-,-,-,-,-,-,-,-,-,-,-,-,-,-,-,-,-,-,-,-,-,-,-,-,-,-,-,-,-,-,-,-,-,-,-,-,-,-,-,-,-,-,-,-,-,-,-,-,-,-,-,-,-,-,-,-,-,-,-,-,-,-,-,-,-,-,-,-,-,-,-,-,-,-,-,-,-,-,-,-,-,-,-,-,-,-,-,-,-,-,-,-,-
"Norwalk, Los Angeles County, California, 90650, United States",postcode,https://app.monqcle.com/org/cphlr/project/drug-paraphernalia-laws-1689792283/record/62972,DPL_2023_Consolidated,2022-12-31,2023-01-01,1,0,-,-,-,-,-,-,-,-,-,-,-,-,-,-,-,-,-,-,-,-,-,-,-,-,-,-,-,-,-,-,-,-,-,-,-,-,-,-,-,-,-,-,-,-,-,-,-,-,-,-,-,-,-,-,-,-,-,-,-,-,-,-,-,-,-,-,-,-,-,-,-,-,-,-,-,-,-,-,-,-,-,-,-,-,-,-,-,-,-,-,-,-,-,-,-,-,-,-,-,-,-,-,-,-,-,-,-
"Norwalk, Western Connecticut Planning Region, Connecticut, United States",city,https://app.monqcle.com/org/cphlr/project/drug-paraphernalia-laws-1689792283/record/76504,DPL_2025_Consolidated,2022-12-31,2024-12-31,1,0,-,-,-,-,-,-,-,-,-,-,-,-,-,-,-,-,-,-,-,-,-,-,-,-,-,-,-,-,-,-,-,-,-,-,-,-,-,-,-,-,-,-,-,-,-,-,-,-,-,-,-,-,-,-,-,-,-,-,-,-,-,-,-,-,-,-,-,-,-,-,-,-,-,-,-,-,-,-,-,-,-,-,-,-,-,-,-,-,-,-,-,-,-,-,-,-,-,-,-,-,-,-,-,-,-,-,-
"Norwalk, Western Connecticut Planning Region, Connecticut, United States",city,https://app.monqcle.com/org/cphlr/project/drug-paraphernalia-laws-1689792283/record/63637,DPL_2023_Consolidated,2022-12-31,2023-01-01,1,0,-,-,-,-,-,-,-,-,-,-,-,-,-,-,-,-,-,-,-,-,-,-,-,-,-,-,-,-,-,-,-,-,-,-,-,-,-,-,-,-,-,-,-,-,-,-,-,-,-,-,-,-,-,-,-,-,-,-,-,-,-,-,-,-,-,-,-,-,-,-,-,-,-,-,-,-,-,-,-,-,-,-,-,-,-,-,-,-,-,-,-,-,-,-,-,-,-,-,-,-,-,-,-,-,-,-,-
"Oakland, Alameda County, California, United States",city,https://app.monqcle.com/org/cphlr/project/drug-paraphernalia-laws-1689792283/record/74909,DPL_2025_Consolidated,2022-12-31,2024-12-31,1,0,-,-,-,-,-,-,-,-,-,-,-,-,-,-,-,-,-,-,-,-,-,-,-,-,-,-,-,-,-,-,-,-,-,-,-,-,-,-,-,-,-,-,-,-,-,-,-,-,-,-,-,-,-,-,-,-,-,-,-,-,-,-,-,-,-,-,-,-,-,-,-,-,-,-,-,-,-,-,-,-,-,-,-,-,-,-,-,-,-,-,-,-,-,-,-,-,-,-,-,-,-,-,-,-,-,-,-
"Oakland, Alameda County, California, United States",city,https://app.monqcle.com/org/cphlr/project/drug-paraphernalia-laws-1689792283/record/63474,DPL_2023_Consolidated ,2022-12-31,2023-01-01,1,0,-,-,-,-,-,-,-,-,-,-,-,-,-,-,-,-,-,-,-,-,-,-,-,-,-,-,-,-,-,-,-,-,-,-,-,-,-,-,-,-,-,-,-,-,-,-,-,-,-,-,-,-,-,-,-,-,-,-,-,-,-,-,-,-,-,-,-,-,-,-,-,-,-,-,-,-,-,-,-,-,-,-,-,-,-,-,-,-,-,-,-,-,-,-,-,-,-,-,-,-,-,-,-,-,-,-,-
"Oceanside, San Diego County, California, United States",city,https://app.monqcle.com/org/cphlr/project/drug-paraphernalia-laws-1689792283/record/75291,DPL_2025_Consolidated,2022-12-31,2024-12-31,1,0,-,-,-,-,-,-,-,-,-,-,-,-,-,-,-,-,-,-,-,-,-,-,-,-,-,-,-,-,-,-,-,-,-,-,-,-,-,-,-,-,-,-,-,-,-,-,-,-,-,-,-,-,-,-,-,-,-,-,-,-,-,-,-,-,-,-,-,-,-,-,-,-,-,-,-,-,-,-,-,-,-,-,-,-,-,-,-,-,-,-,-,-,-,-,-,-,-,-,-,-,-,-,-,-,-,-,-
"Oceanside, San Diego County, California, United States",city,https://app.monqcle.com/org/cphlr/project/drug-paraphernalia-laws-1689792283/record/63972,DPL_2023_Consolidated ,2022-12-31,2023-01-01,1,0,-,-,-,-,-,-,-,-,-,-,-,-,-,-,-,-,-,-,-,-,-,-,-,-,-,-,-,-,-,-,-,-,-,-,-,-,-,-,-,-,-,-,-,-,-,-,-,-,-,-,-,-,-,-,-,-,-,-,-,-,-,-,-,-,-,-,-,-,-,-,-,-,-,-,-,-,-,-,-,-,-,-,-,-,-,-,-,-,-,-,-,-,-,-,-,-,-,-,-,-,-,-,-,-,-,-,-
"Odessa, Ector County, Texas, United States",city,https://app.monqcle.com/org/cphlr/project/drug-paraphernalia-laws-1689792283/record/76157,DPL_2025_Consolidated,2022-12-31,2024-12-31,1,0,-,-,-,-,-,-,-,-,-,-,-,-,-,-,-,-,-,-,-,-,-,-,-,-,-,-,-,-,-,-,-,-,-,-,-,-,-,-,-,-,-,-,-,-,-,-,-,-,-,-,-,-,-,-,-,-,-,-,-,-,-,-,-,-,-,-,-,-,-,-,-,-,-,-,-,-,-,-,-,-,-,-,-,-,-,-,-,-,-,-,-,-,-,-,-,-,-,-,-,-,-,-,-,-,-,-,-
"Odessa, Ector County, Texas, United States",city,https://app.monqcle.com/org/cphlr/project/drug-paraphernalia-laws-1689792283/record/63501,DPL_2023_Consolidated,2022-12-31,2023-01-01,1,0,-,-,-,-,-,-,-,-,-,-,-,-,-,-,-,-,-,-,-,-,-,-,-,-,-,-,-,-,-,-,-,-,-,-,-,-,-,-,-,-,-,-,-,-,-,-,-,-,-,-,-,-,-,-,-,-,-,-,-,-,-,-,-,-,-,-,-,-,-,-,-,-,-,-,-,-,-,-,-,-,-,-,-,-,-,-,-,-,-,-,-,-,-,-,-,-,-,-,-,-,-,-,-,-,-,-,-
"O’Fallon, Saint Charles County, Missouri, United States",city,https://app.monqcle.com/org/cphlr/project/drug-paraphernalia-laws-1689792283/record/76787,DPL_2025_JD,2023-03-09,2024-12-31,14,1,-,-,-,Ecode 360,-,-,-,https://ecode360.com/OF3382/document/714224929.pdf,-,-,-,-,-,-,-,03/09/2023,-,-,-,10/09/2025,-,-,-,"Known, current through date published in ordinance",-,-,-,State (ARCHIVE) ,-,-,-,1,Section 215.540 Unlawful ,-,-,"Section 195.010, RSMo",-,-,-,"Syringes, hypodermic needles, other inject/ion/ing equipment/instrument/supplies , Pipes, other smoke/ing or inhal/ing/ation equipment or supplies, Drug test/ing or check/ing equipment or supplies, Other","Section 195.010, RSMo.",-,-,"Possession, possession with intent to use, keep, Use",Section 215.540 Unlawful ,-,-,"Felony (NEW), Unspecified Fine (NEW), Incarceration (NEW)",Section 100.010 General P,-,-,"Paraphernalia for consumption of cannabis, generally or medical use (NEW)",Section 215.540 Unlawful ,-,-,-,-,-,-,-,-,-,-,Possession,-,-,-,-,-,-,-,-,-,-,-,-,-,-,-,-,-,-,-,-,-,-,-,-,-,-,-,-,-,-,-,-,-,-,-,-,-,-,-,-,-,-,-
"O’Fallon, Saint Charles County, Missouri, United States",city,https://app.monqcle.com/org/cphlr/project/drug-paraphernalia-laws-1689792283/record/77313,DPL_2025_Consolidated,2023-03-09,2024-12-31,14,1,-,-,-,Ecode 360,-,-,-,https://ecode360.com/OF3382/document/714224929.pdf,-,-,-,-,-,-,-,03/09/2023,-,-,-,10/09/2025,-,-,-,"Known, current through date published in ordinance",-,-,-,State (ARCHIVE) ,-,-,-,1,Section 215.540 Unlawful ,-,-,"195.010, RSMo.",-,-,-,"Syringes, hypodermic needles, other inject/ion/ing equipment/instrument/supplies , Pipes, other smoke/ing or inhal/ing/ation equipment or supplies, Drug test/ing or check/ing equipment or supplies, Other","Section 195.010, RSMo.",-,-,"Possession, possession with intent to use, keep, Use",Section 215.540 Unlawful ,-,-,"Felony (NEW), Unspecified Fine (NEW), Incarceration (NEW)","Section 215.540 Unlawful , Section 100.010General P",-,-,"Paraphernalia for consumption of cannabis, generally or medical use (NEW)",Section 215.540 Unlawful ,-,-,-,-,-,-,-,-,-,-,Possession,-,-,-,-,-,-,-,-,-,-,-,-,-,-,-,-,-,-,-,-,-,-,-,-,-,-,-,-,-,-,-,-,-,-,-,-,-,-,-,-,-,-,-
"O’Fallon, Saint Charles County, Missouri, United States",city,https://app.monqcle.com/org/cphlr/project/drug-paraphernalia-laws-1689792283/record/77196,DPL_2025_PS,2023-03-09,2024-12-31,14,1,-,-,-,Ecode 360,-,-,-,https://ecode360.com/OF3382/document/714224929.pdf,-,-,-,-,-,-,-,07/15/2008,-,last known date of effect ,-,03/09/2023,-,-,-,"Known, current through date published in ordinance",-,-,-,State (ARCHIVE) ,-,-,-,1,Section 215.540 Unlawful ,-,-,"195.010, RSMo.",-,-,-,"Syringes, hypodermic needles, other inject/ion/ing equipment/instrument/supplies , Pipes, other smoke/ing or inhal/ing/ation equipment or supplies, Drug test/ing or check/ing equipment or supplies, Other","Section 195.010, RSMo.",-,-,"Possession, possession with intent to use, keep, Use",Section 215.540 Unlawful ,-,-,"Felony (NEW), Unspecified Fine (NEW), Incarceration (NEW)","Section 215.540 Unlawful , Section 100.010General P",-,-,"Paraphernalia for consumption of cannabis, generally or medical use (NEW)",Section 215.540 Unlawful ,-,-,-,-,-,-,-,-,-,-,"Possession, Use",-,-,-,-,-,-,-,-,-,-,-,-,-,-,-,-,-,-,-,-,-,-,-,-,-,-,-,-,-,-,-,-,-,-,-,-,-,-,-,-,-,-,-
"O’Fallon, Saint Charles County, Missouri, United States",city,https://app.monqcle.com/org/cphlr/project/drug-paraphernalia-laws-1689792283/record/77312,DPL_2025_Consolidated,2022-12-31,2023-03-08,13,1,-,-,-,Ecode 360,-,-,-,https://ecode360.com/OF3382/document/714224929.pdf,-,-,-,-,-,-,-,07/15/2008,-,last known date of effect ,-,03/09/2023,-,-,-,"Known, current through date published in ordinance",-,-,-,State (ARCHIVE) ,-,-,-,1,Section 215.540 Unlawful ,-,-,"195.010, RSMo.",-,-,-,"Syringes, hypodermic needles, other inject/ion/ing equipment/instrument/supplies , Pipes, other smoke/ing or inhal/ing/ation equipment or supplies, Drug test/ing or check/ing equipment or supplies, Other","Section 195.010, RSMo.",-,-,"Possession, possession with intent to use, keep, Use",Section 215.540 Unlawful ,-,-,"Unspecified Fine (NEW), Incarceration (NEW)", Section 100.010General P,-,-,None,-,-,-,-,-,-,-,-,-,-,-,-,-,-,-,-,-,-,-,-,-,-,-,-,-,-,-,-,-,-,-,-,-,-,-,-,-,-,-,-,-,-,-,-,-,-,-,-,-,-,-,-,-,-,-
"O’Fallon, Saint Charles County, Missouri, United States",city,https://app.monqcle.com/org/cphlr/project/drug-paraphernalia-laws-1689792283/record/63690,DPL_2023_Consolidated ,2022-12-31,2023-01-01,11,1,-,-,-,Ecode 360,-,-,-,https://ecode360.com/OF3382/document/714224929.pdf,-,-,-,-,-,-,-,07/15/2008,-,last known date of effect ,-,03/09/2023,-,-,-,"Known, current through date published in ordinance",-,-,-,State (ARCHIVE) ,Section 215.540 Unlawful ,-,-,-,-,-,-,-,-,-,-,"Syringes, hypodermic needles, other inject/ion/ing equipment/instrument/supplies , Pipes, other smoke/ing or inhal/ing/ation equipment or supplies, Drug test/ing or check/ing equipment or supplies, Other","Section 195.010, RSMo.",-,-,"Possession, possession with intent to use, keep, Use",Section 215.540 Unlawful ,-,-,Criminal (ARCHIVE) ,-,-,-,"Paraphernalia for consumption of cannabis, generally (ARCHIVE)",-,-,-,-,-,-,-,-,-,-,-,-,-,-,-,-,-,-,-,-,-,-,-,-,-,-,-,-,-,-,-,-,-,-,-,-,-,-,-,-,-,-,-,-,-,-,-,-,-,-,-,-,-,-,-
"Ogden, Utah, United States",city,https://app.monqcle.com/org/cphlr/project/drug-paraphernalia-laws-1689792283/record/77317,DPL_2025_Consolidated,2024-05-01,2024-12-31,15,1,-,-,-,ALP,-,-,-,https://codelibrary.amlegal.com/codes/ogdencityut/latest/ogdencity_ut/0-0-0-15851,-,-,-,-,-,-,-,05/01/2024,-,-,-,07/15/2025,-,-,-,"Known, current through date published in ordinance",-,-,-,State (ARCHIVE) ,-,-,-,1,CHAPTER 8 CONTROLLED SUBS,-,-,"58-37a-3, 58-37a-4, 58-37a-5, 58-37a-6",-,-,-,"Syringes, hypodermic needles, other inject/ion/ing equipment/instrument/supplies , Pipes, other smoke/ing or inhal/ing/ation equipment or supplies, Drug test/ing or check/ing equipment or supplies, Other",U.C.A. 1953 § 58-37a-3 § ,-,-,"Delivery, possession with intent to deliver/distribute, distribution, transfer, furnish, exchange (NEW), Possession, possession with intent to use, keep, Use, Advertising, display, Manufacturing, manufacture with intent to deliver or sell","U.C.A. 1953 § 58-37a-5 § ,U.C.A. 1953 § 58-37a-5 § ,U.C.A. 1953 § 58-37a-5 § ",-,-,"Misdemeanor (NEW), Unspecified Fine (NEW), Incarceration (NEW), Forfeiture/Seizure","CHAPTER 8 CONTROLLED...,1-4A-1: PENALTIES",-,-,"Syringes for approved medical use (i.e. diabetes) , Syringes from syringe services, harm reduction programs, or supervised use sites (NEW), Drug checking/testing equipment for fentanyl or fentanyl analogues , Other","U.C.A. 1953 § 58-37a-3 § ,U.C.A. 1953 § 58-37a-5 § ","syringes used for the prevention of disease transmission, A person may not be charged with possession of hypodermic syringes as drug paraphernalia if the syringe is unused and is in a sealed sterile package.",-,-,-,-,-,Possession,-,-,-,-,-,-,-,-,-,-,-,"Possession, Use, Distribution, Other",-,"Manufacturing, Advertising",-,-,-,-,-,-,-,-,-,-,-,-,-,-,-,-,-,-,-,-,-,-,-,-,-,-,-,-,-,-,-,-,-
"Ogden, Utah, United States",city,https://app.monqcle.com/org/cphlr/project/drug-paraphernalia-laws-1689792283/record/76797,DPL_2025_JD,2024-05-01,2024-12-31,15,1,-,-,-,ALP,-,-,-,https://codelibrary.amlegal.com/codes/ogdencityut/latest/ogdencity_ut/0-0-0-15851,-,-,-,-,-,-,-,05/01/2024,-,-,-,12/31/2024,-,-,-,"Known, current through date published in ordinance",-,-,-,State (ARCHIVE) ,-,-,-,1,CHAPTER 8 CONTROLLED SUBS,-,-,"58-37a-3, 58-37a-4, 58-37a-5, 58-37a-6",-,-,-,"Syringes, hypodermic needles, other inject/ion/ing equipment/instrument/supplies , Pipes, other smoke/ing or inhal/ing/ation equipment or supplies, Drug test/ing or check/ing equipment or supplies, Other",U.C.A. 1953 § 58-37a-3 § ,-,-,"Delivery, possession with intent to deliver/distribute, distribution, transfer, furnish, exchange (NEW), Possession, possession with intent to use, keep, Use, Advertising, display, Manufacturing, manufacture with intent to deliver or sell","U.C.A. 1953 § 58-37a-5 § ,U.C.A. 1953 § 58-37a-5 § ,U.C.A. 1953 § 58-37a-5 § ",-,-,"Misdemeanor (NEW), Unspecified Fine (NEW), Incarceration (NEW), Forfeiture/Seizure","CHAPTER 8 CONTROLLED...,1-4A-1: PENALTIES",-,-,"Syringes for approved medical use (i.e. diabetes) , Syringes from syringe services, harm reduction programs, or supervised use sites (NEW), Drug checking/testing equipment for fentanyl or fentanyl analogues , Other","U.C.A. 1953 § 58-37a-5 § ,U.C.A. 1953 § 58-37a-3 § ","syringes used for the prevention of disease transmission, A person may not be charged with possession of hypodermic syringes as drug paraphernalia if the syringe is unused and is in a sealed sterile package.",-,-,-,-,-,"Possession, Use, Distribution, Other",-,"Manufacturing, Advertising",-,-,-,-,-,-,-,-,-,"Possession, Use, Distribution, Other",-,"Manufacturing, Advertising",-,-,-,-,-,-,-,-,-,-,-,-,-,-,-,-,-,-,-,-,-,-,-,-,-,-,-,-,-,-,-,-,-
"Ogden, Utah, United States",city,https://app.monqcle.com/org/cphlr/project/drug-paraphernalia-laws-1689792283/record/76796,DPL_2025_JD,2023-05-03,2024-04-30,14,1,-,-,-,ALP,-,-,-,https://codelibrary.amlegal.com/codes/ogdencityut/latest/ogdencity_ut/0-0-0-15851,-,-,-,-,-,-,-,05/03/2023,-,-,-,05/01/2024,-,-,-,"Known, current through date published in ordinance",-,-,-,State (ARCHIVE) ,-,-,-,1,CHAPTER 8 CONTROLLED SUBS,-,-,"58-37a-3, 58-37a-4, 58-37a-5, 58-37a-6",-,-,-,"Syringes, hypodermic needles, other inject/ion/ing equipment/instrument/supplies , Pipes, other smoke/ing or inhal/ing/ation equipment or supplies, Drug test/ing or check/ing equipment or supplies, Other",U.C.A. 1953 § 58-37a-3 § ,-,-,"Delivery, possession with intent to deliver/distribute, distribution, transfer, furnish, exchange (NEW), Possession, possession with intent to use, keep, Use, Advertising, display, Manufacturing, manufacture with intent to deliver or sell","U.C.A. 1953 § 58-37a-5 § ,U.C.A. 1953 § 58-37a-5 § ,U.C.A. 1953 § 58-37a-5 § ",-,-,"Misdemeanor (NEW), Unspecified Fine (NEW), Incarceration (NEW), Forfeiture/Seizure","CHAPTER 8 CONTROLLED...,1-4A-1: PENALTIES",-,-,"Syringes for approved medical use (i.e. diabetes) , Drug checking/testing equipment for fentanyl or fentanyl analogues , Other","U.C.A. 1953 § 58-37a-3 § ,U.C.A. 1953 § 58-37a-5 § ","syringes used for the prevention of disease transmission, A person may not be charged with possession of hypodermic syringes as drug paraphernalia if the syringe is unused and is in a sealed sterile package.",-,-,-,-,-,-,-,-,-,-,-,-,-,-,-,-,-,"Possession, Use, Distribution, Other",-,"Manufacturing, Advertising",-,-,-,-,-,-,-,-,-,-,-,-,-,-,-,-,-,-,-,-,-,-,-,-,-,-,-,-,-,-,-,-,-
"Ogden, Utah, United States",city,https://app.monqcle.com/org/cphlr/project/drug-paraphernalia-laws-1689792283/record/77316,DPL_2025_Consolidated,2023-05-03,2024-04-30,14,1,-,-,-,ALP,-,-,-,https://codelibrary.amlegal.com/codes/ogdencityut/latest/ogdencity_ut/0-0-0-15851,-,-,-,-,-,-,-,05/03/2023,-,-,-,05/01/2024,-,-,-,"Known, current through date published in ordinance",-,-,-,State (ARCHIVE) ,-,-,-,1,CHAPTER 8 CONTROLLED SUBS,-,-,"58-37a-3, 58-37a-4, 58-37a-5, 58-37a-6",-,-,-,"Syringes, hypodermic needles, other inject/ion/ing equipment/instrument/supplies , Pipes, other smoke/ing or inhal/ing/ation equipment or supplies, Drug test/ing or check/ing equipment or supplies, Other",U.C.A. 1953 § 58-37a-3 § ,-,-,"Delivery, possession with intent to deliver/distribute, distribution, transfer, furnish, exchange (NEW), Possession, possession with intent to use, keep, Use, Advertising, display, Manufacturing, manufacture with intent to deliver or sell","U.C.A. 1953 § 58-37a-5 § ,U.C.A. 1953 § 58-37a-5 § ,U.C.A. 1953 § 58-37a-5 § ",-,-,"Misdemeanor (NEW), Unspecified Fine (NEW), Incarceration (NEW), Forfeiture/Seizure","1-4A-1: PENALTIES,CHAPTER 8 CONTROLLED...",-,-,"Syringes for approved medical use (i.e. diabetes) , Drug checking/testing equipment for fentanyl or fentanyl analogues , Other","U.C.A. 1953 § 58-37a-3 § ,U.C.A. 1953 § 58-37a-5 § ","syringes used for the prevention of disease transmission, A person may not be charged with possession of hypodermic syringes as drug paraphernalia if the syringe is unused and is in a sealed sterile package.",-,-,-,-,-,-,-,-,-,-,-,-,-,-,-,-,-,"Possession, Use, Distribution, Other",-,"Manufacturing, Advertising",-,-,-,-,-,-,-,-,-,-,-,-,-,-,-,-,-,-,-,-,-,-,-,-,-,-,-,-,-,-,-,-,-
"Ogden, Utah, United States",city,https://app.monqcle.com/org/cphlr/project/drug-paraphernalia-laws-1689792283/record/77314,DPL_2025_Consolidated,2022-12-31,2023-05-02,13,1,-,-,-,ALP,-,-,-,https://codelibrary.amlegal.com/codes/ogdencityut/latest/ogdencity_ut/0-0-0-15851,-,-,-,06/23/1998,-,unknown date at bottom of ordinance ,-,-,-,-,-,05/03/2023,-,-,-,"Known, current through date published in ordinance",-,-,-,State (ARCHIVE) ,-,-,-,1,CHAPTER 8 CONTROLLED SUBS,-,-,"58-37a-3, 58-37a-4, 58-37a-5, 58-37a-6",-,-,-,"Syringes, hypodermic needles, other inject/ion/ing equipment/instrument/supplies , Pipes, other smoke/ing or inhal/ing/ation equipment or supplies, Drug test/ing or check/ing equipment or supplies, Other",U.C.A. 1953 § 58-37a-3 § ,-,-,"Delivery, possession with intent to deliver/distribute, distribution, transfer, furnish, exchange (NEW), Possession, possession with intent to use, keep, Use, Advertising, display, Manufacturing, manufacture with intent to deliver or sell","U.C.A. 1953 § 58-37a-5 § ,U.C.A. 1953 § 58-37a-5 § ,U.C.A. 1953 § 58-37a-5 § ",-,-,"Misdemeanor (NEW), Unspecified Fine (NEW), Incarceration (NEW), Forfeiture/Seizure","1-4A-1: PENALTIES,CHAPTER 8 CONTROLLED...,58-37a-6 Seizure -- Forfe",-,-,"Syringes for approved medical use (i.e. diabetes) , Other",U.C.A. 1953 § 58-37a-5 § ,"syringes used for the prevention of disease transmission, A person may not be charged with possession of hypodermic syringes as drug paraphernalia if the syringe is unused and is in a sealed sterile package.",-,-,-,-,-,-,-,-,-,-,-,-,-,-,-,-,-,-,-,-,-,-,-,-,-,-,-,-,-,-,-,-,-,-,-,-,-,-,-,-,-,-,-,-,-,-,-,-,-,-,-,-,-
"Ogden, Utah, United States",city,https://app.monqcle.com/org/cphlr/project/drug-paraphernalia-laws-1689792283/record/63139,DPL_2023_Consolidated,2022-12-31,2023-01-01,11,1,-,-,-,ALP,-,-,-,https://codelibrary.amlegal.com/codes/ogdencityut/latest/ogdencity_ut/0-0-0-15851,-,-,-,06/23/1998,-,unknown date at bottom of ordinance ,-,-,-,-,-,05/07/2024,-,-,-,"Known, current through date published in ordinance",-,-,-,State (ARCHIVE) ,CHAPTER 8 CONTROLLED...,-,-,-,-,-,-,-,-,-,-,"Syringes, hypodermic needles, other inject/ion/ing equipment/instrument/supplies , Pipes, other smoke/ing or inhal/ing/ation equipment or supplies, Drug test/ing or check/ing equipment or supplies, Other",U.C.A. 1953 § 58-37a-5 § 58-37a-5,-,-,"Non-sale distribution/delivery (ARCHIVE), Possession, possession with intent to use, keep, Use, Advertising, display, Manufacturing, manufacture with intent to deliver or sell",U.C.A. 1953 § 58-37a-5 § 58-37a-5,-,-,"Civil (ARCHIVE), Criminal (ARCHIVE) , Forfeiture/Seizure, Other","U.C.A. 1953 § 58-37a-5 § 58-37a-5,CHAPTER 8 CONTROLLED...",-,-,"Syringes for approved medical use (i.e. diabetes) , Other",U.C.A. 1953 § 58-37a-5 § 58-37a-5,"syringes used for the prevention of disease transmission

(b)A person may not be charged with possession of hypodermic syringes as drug paraphernalia if the syringe is unused and is in a sealed sterile package.",-,-,-,-,-,-,-,-,-,-,-,-,-,-,-,-,-,-,-,-,-,-,-,-,-,-,-,-,-,-,-,-,-,-,-,-,-,-,-,-,-,-,-,-,-,-,-,-,-,-,-,-,-
"Oklahoma City, Oklahoma County, Oklahoma, United States",city,https://app.monqcle.com/org/cphlr/project/drug-paraphernalia-laws-1689792283/record/63495,DPL_2023_Consolidated,2022-12-31,2023-01-01,11,1,-,also a nuisance,-,Municode,-,-,-,https://library.municode.com/ok/oklahoma_city/codes/code_of_ordinances?nodeId=OKMUCO2020_CH30MIPROF_ARTIXDRREOF_DIV3DRPA,-,-,-,09/25/2018,-,unknown date at bottom of ordinance,-,-,-,-,-,06/09/2023,-,-,-,"Known, current through date published in ordinance",-,-,-,State (ARCHIVE) ,DIVISION 3. - DRUG PARAPH,-,-,-,-,-,-,-,-,-,-,"Syringes, hypodermic needles, other inject/ion/ing equipment/instrument/supplies , Pipes, other smoke/ing or inhal/ing/ation equipment or supplies, Drug test/ing or check/ing equipment or supplies, Other",DIVISION 3. - DRUG PARAPH,-,-,"Non-sale distribution/delivery (ARCHIVE), Possession, possession with intent to use, keep, Use, Manufacturing, manufacture with intent to deliver or sell",DIVISION 3. - DRUG PARAPH,-,-,"Civil (ARCHIVE), Forfeiture/Seizure","DIVISION 3. -,DIVISION 3. - DRUG PARAPH",-,-,"Professionals acting in their course of business [e.g. pharmacists, physicians, manufacturers]",DIVISION 3. - DRUG PARAPH,-,-,-,-,-,-,-,-,-,-,-,-,-,-,-,-,-,-,-,-,-,-,-,-,-,-,-,-,-,-,-,-,-,-,-,-,-,-,-,-,-,-,-,-,-,-,-,-,-,-,-,-,-,-
"Oklahoma City, Oklahoma County, Oklahoma, United States",city,https://app.monqcle.com/org/cphlr/project/drug-paraphernalia-laws-1689792283/record/74943,DPL_2025_Consolidated,2022-12-31,2024-12-31,12,1,-,also a nuisance,-,Municode,-,-,-,https://library.municode.com/ok/oklahoma_city/codes/code_of_ordinances?nodeId=OKMUCO2020_CH30MIPROF_ARTIXDRREOF_DIV3DRPA,-,-,-,09/25/2018,-,unknown date at bottom of ordinance,-,-,-,-,-,06/30/2025,-,-,-,"Known, current through date published in ordinance",-,-,-,State (ARCHIVE) ,-,-,-,0,-,-,-,-,-,-,-,"Syringes, hypodermic needles, other inject/ion/ing equipment/instrument/supplies , Pipes, other smoke/ing or inhal/ing/ation equipment or supplies, Drug test/ing or check/ing equipment or supplies, Other",DIVISION 3. - DRUG PARAPH,-,-,"Delivery, possession with intent to deliver/distribute, distribution, transfer, furnish, exchange (NEW), Possession, possession with intent to use, keep, Use, Manufacturing, manufacture with intent to deliver or sell",DIVISION 3. - DRUG PARAPH,-,-,"Unspecified Fine (NEW), Forfeiture/Seizure","DIVISION 3. - DRUG PARAPH,DIVISION 3. -",-,-,"Professionals acting in their course of business [e.g. pharmacists, physicians, manufacturers]",DIVISION 3. - DRUG PARAPH,-,-,-,-,-,-,-,-,-,-,-,-,-,-,-,-,-,-,-,-,-,-,-,-,-,-,-,-,-,-,-,-,-,-,-,-,-,-,-,-,-,-,-,-,-,-,-,-,-,-,-,-,-,-
"Olathe, Johnson County, Kansas, United States",city,https://app.monqcle.com/org/cphlr/project/drug-paraphernalia-laws-1689792283/record/75731,DPL_2025_PS,2023-07-19,2024-12-31,13,1,-,-,-,Code Publishing Company ,-,-,-,https://olathe.municipal.codes/Code/9.17.130,-,-,-,07/19/2023,-,-,-,-,-,-,-,08/19/2025,-,-,-,"Known, current through date published in ordinance",-,-,-,Both (ARCHIVE) ,-,-,-,0,-,-,-,-,-,-,-,"Syringes, hypodermic needles, other inject/ion/ing equipment/instrument/supplies , Pipes, other smoke/ing or inhal/ing/ation equipment or supplies, Drug test/ing or check/ing equipment or supplies, Other",9.17.030 Definitions.,-,-,"Sales, possession with intent to sell, offer for sale (NEW), Delivery, possession with intent to deliver/distribute, distribution, transfer, furnish, exchange (NEW), Give away, give, gift, free distribution (NEW), Possession, possession with intent to use, keep, Use, Advertising, display, Manufacturing, manufacture with intent to deliver or sell","Chapter 9.17 CONTROLLED S,Chapter 9.17 CONTROLLED S,Chapter 9.17 CONTROLLED S,Chapter 9.17 CONTROLLED S",-,-,"Unspecified Fine (NEW), Incarceration (NEW)",Chapter 9.17 CONTROLLED S,Class A Public Offense,-,Drug checking/testing equipment for fentanyl or fentanyl analogues ,9.17.030 Definitions.,-,-,-,-,-,-,-,-,-,-,-,-,-,-,-,-,-,-,"Possession, Use, Distribution, Sales, Other",-,"manufacturing, advertising ",-,-,-,-,-,-,-,-,-,-,-,-,-,-,-,-,-,-,-,-,-,-,-,-,-,-,-,-,-,-,-,-,-
"Olathe, Johnson County, Kansas, United States",city,https://app.monqcle.com/org/cphlr/project/drug-paraphernalia-laws-1689792283/record/75912,DPL_2025_Consolidated,2023-07-19,2024-12-31,13,1,-,-,-,Code Publishing Company ,-,-,-,https://olathe.municipal.codes/Code/9.17.130,-,-,-,07/19/2023,-,-,-,-,-,-,-,08/19/2025,-,-,-,"Known, current through date published in ordinance",-,-,-,Both (ARCHIVE) ,-,-,-,0,-,-,-,-,-,-,-,"Syringes, hypodermic needles, other inject/ion/ing equipment/instrument/supplies , Pipes, other smoke/ing or inhal/ing/ation equipment or supplies, Drug test/ing or check/ing equipment or supplies, Other",9.17.030 Definitions.,-,-,"Sales, possession with intent to sell, offer for sale (NEW), Delivery, possession with intent to deliver/distribute, distribution, transfer, furnish, exchange (NEW), Give away, give, gift, free distribution (NEW), Possession, possession with intent to use, keep, Use, Advertising, display, Manufacturing, manufacture with intent to deliver or sell","Chapter 9.17 CONTROLLED S,Chapter 9.17 CONTROLLED S,Chapter 9.17 CONTROLLED S,Chapter 9.17 CONTROLLED S",-,-,"Unspecified Fine (NEW), Incarceration (NEW)","Chapter 9.17 CONTROLLED S,9.18.010 Classification o",-,-,Drug checking/testing equipment for fentanyl or fentanyl analogues ,9.17.030 Definitions.,-,-,-,-,-,-,-,-,-,-,-,-,-,-,-,-,-,-,"Possession, Use, Distribution, Sales, Other",-,"manufacturing, advertising ",-,-,-,-,-,-,-,-,-,-,-,-,-,-,-,-,-,-,-,-,-,-,-,-,-,-,-,-,-,-,-,-,-
"Olathe, Johnson County, Kansas, United States",city,https://app.monqcle.com/org/cphlr/project/drug-paraphernalia-laws-1689792283/record/75911,DPL_2025_Consolidated,2022-12-31,2023-07-18,12,1,-,-,-,Code Publishing Company ,-,-,-,https://olathe.municipal.codes/Code/9.17.130,-,-,-,09/05/2017,-,-,-,-,-,-,-,07/19/2023,-,-,-,"Known, current through date published in ordinance",-,-,-,Both (ARCHIVE) ,-,-,-,0,-,-,-,-,-,-,-,"Syringes, hypodermic needles, other inject/ion/ing equipment/instrument/supplies , Pipes, other smoke/ing or inhal/ing/ation equipment or supplies, Drug test/ing or check/ing equipment or supplies, Other",Chapter 9.17 CONTROLLED S,-,-,"Sales, possession with intent to sell, offer for sale (NEW), Delivery, possession with intent to deliver/distribute, distribution, transfer, furnish, exchange (NEW), Give away, give, gift, free distribution (NEW), Possession, possession with intent to use, keep, Use, Advertising, display, Manufacturing, manufacture with intent to deliver or sell","Chapter 9.17 CONTROLLED S,Chapter 9.17 CONTROLLED S,Chapter 9.17 CONTROLLED S,Chapter 9.17 CONTROLLED S",-,-,"Unspecified Fine (NEW), Incarceration (NEW)","9.18.010 Classification o,Chapter 9.17 CONTROLLED S",-,-,None,-,-,-,-,-,-,-,-,-,-,-,-,-,-,-,-,-,-,-,-,-,-,-,-,-,-,-,-,-,-,-,-,-,-,-,-,-,-,-,-,-,-,-,-,-,-,-,-,-,-,-,-,-,-,-
"Olathe, Johnson County, Kansas, United States",city,https://app.monqcle.com/org/cphlr/project/drug-paraphernalia-laws-1689792283/record/64013,DPL_2023_Consolidated,2022-12-31,2023-01-01,11,1,-,-,-,Code Publishing Co,-,-,-,https://olathe.municipal.codes/Code/9.17.130,-,-,-,09/05/2017,-,-,-,-,-,-,-,07/19/2023,-,-,-,"Known, current through date published in ordinance",-,-,-,Both (ARCHIVE) ,"Chapter 9.17 CONTROLLED S,Chapter 9.17 CONTROLLED S",-,-,-,-,-,-,-,-,-,-,"Syringes, hypodermic needles, other inject/ion/ing equipment/instrument/supplies , Pipes, other smoke/ing or inhal/ing/ation equipment or supplies, Drug test/ing or check/ing equipment or supplies, Other",Chapter 9.17 CONTROLLED S,-,-,"Sales (ARCHIVE), Non-sale distribution/delivery (ARCHIVE), Possession, possession with intent to use, keep, Use, Advertising, display, Manufacturing, manufacture with intent to deliver or sell, Other","Chapter 9.17 CONTROLLED S,Chapter 9.17 CONTROLLED S,Chapter 9.17,Chapter 9.17","Display, dispense",-,Criminal (ARCHIVE) ,Chapter 9.17 CONTROLLED S,-,-,None,-,-,-,-,-,-,-,-,-,-,-,-,-,-,-,-,-,-,-,-,-,-,-,-,-,-,-,-,-,-,-,-,-,-,-,-,-,-,-,-,-,-,-,-,-,-,-,-,-,-,-,-,-,-,-
"Omaha, Douglas County, Nebraska, United States",city,https://app.monqcle.com/org/cphlr/project/drug-paraphernalia-laws-1689792283/record/74799,DPL_2025_Consolidated,2022-12-31,2024-12-31,1,0,-,-,-,-,-,-,-,-,-,-,-,-,-,-,-,-,-,-,-,-,-,-,-,-,-,-,-,-,-,-,-,-,-,-,-,-,-,-,-,-,-,-,-,-,-,-,-,-,-,-,-,-,-,-,-,-,-,-,-,-,-,-,-,-,-,-,-,-,-,-,-,-,-,-,-,-,-,-,-,-,-,-,-,-,-,-,-,-,-,-,-,-,-,-,-,-,-,-,-,-,-,-,-,-,-,-,-
"Omaha, Douglas County, Nebraska, United States",city,https://app.monqcle.com/org/cphlr/project/drug-paraphernalia-laws-1689792283/record/63801,DPL_2023_Consolidated,2022-12-31,2023-01-01,1,0,-,-,-,-,-,-,-,-,-,-,-,-,-,-,-,-,-,-,-,-,-,-,-,-,-,-,-,-,-,-,-,-,-,-,-,-,-,-,-,-,-,-,-,-,-,-,-,-,-,-,-,-,-,-,-,-,-,-,-,-,-,-,-,-,-,-,-,-,-,-,-,-,-,-,-,-,-,-,-,-,-,-,-,-,-,-,-,-,-,-,-,-,-,-,-,-,-,-,-,-,-,-,-,-,-,-,-
"Ontario, San Bernardino County, California, United States",city,https://app.monqcle.com/org/cphlr/project/drug-paraphernalia-laws-1689792283/record/63071,DPL_2023_Consolidated,2022-12-31,2023-01-01,1,0,-,-,-,-,-,-,-,-,-,-,-,-,-,-,-,-,-,-,-,-,-,-,-,-,-,-,-,-,-,-,-,-,-,-,-,-,-,-,-,-,-,-,-,-,-,-,-,-,-,-,-,-,-,-,-,-,-,-,-,-,-,-,-,-,-,-,-,-,-,-,-,-,-,-,-,-,-,-,-,-,-,-,-,-,-,-,-,-,-,-,-,-,-,-,-,-,-,-,-,-,-,-,-,-,-,-,-
"Ontario, San Bernardino County, California, United States",city,https://app.monqcle.com/org/cphlr/project/drug-paraphernalia-laws-1689792283/record/75303,DPL_2025_Consolidated,2022-12-31,2024-12-31,1,0,-,-,-,-,-,-,-,-,-,-,-,-,-,-,-,-,-,-,-,-,-,-,-,-,-,-,-,-,-,-,-,-,-,-,-,-,-,-,-,-,-,-,-,-,-,-,-,-,-,-,-,-,-,-,-,-,-,-,-,-,-,-,-,-,-,-,-,-,-,-,-,-,-,-,-,-,-,-,-,-,-,-,-,-,-,-,-,-,-,-,-,-,-,-,-,-,-,-,-,-,-,-,-,-,-,-,-
"Orange, Orange County, California, United States",city,https://app.monqcle.com/org/cphlr/project/drug-paraphernalia-laws-1689792283/record/75594,DPL_2025_Consolidated,2022-12-31,2024-12-31,1,0,-,-,-,-,-,-,-,-,-,-,-,-,-,-,-,-,-,-,-,-,-,-,-,-,-,-,-,-,-,-,-,-,-,-,-,-,-,-,-,-,-,-,-,-,-,-,-,-,-,-,-,-,-,-,-,-,-,-,-,-,-,-,-,-,-,-,-,-,-,-,-,-,-,-,-,-,-,-,-,-,-,-,-,-,-,-,-,-,-,-,-,-,-,-,-,-,-,-,-,-,-,-,-,-,-,-,-
"Orange, Orange County, California, United States",city,https://app.monqcle.com/org/cphlr/project/drug-paraphernalia-laws-1689792283/record/63994,DPL_2023_Consolidated ,2022-12-31,2023-01-01,1,0,-,-,-,-,-,-,-,-,-,-,-,-,-,-,-,-,-,-,-,-,-,-,-,-,-,-,-,-,-,-,-,-,-,-,-,-,-,-,-,-,-,-,-,-,-,-,-,-,-,-,-,-,-,-,-,-,-,-,-,-,-,-,-,-,-,-,-,-,-,-,-,-,-,-,-,-,-,-,-,-,-,-,-,-,-,-,-,-,-,-,-,-,-,-,-,-,-,-,-,-,-,-,-,-,-,-,-
"Orem, Utah County, Utah, United States",city,https://app.monqcle.com/org/cphlr/project/drug-paraphernalia-laws-1689792283/record/77289,DPL_2025_Consolidated,2024-05-01,2024-12-31,15,1,-,-,-,self-published ,-,-,-,https://online.encodeplus.com/regs/orem-ut/doc-viewer.aspx?secid=744&keywords=drug%27s%2Cdrugged%2Cdrugging%2Cdrugs%2Cdrugs%27%2Cdrug%2Cparaphernalia%27s%2Cparaphernalia#secid-744,-,-,-,-,-,-,-,05/01/2024,-,-,-,10/27/2025,-,-,-,"Unknown, reflects date of data collection",-,-,-,State (ARCHIVE) ,-,-,-,1,9-1-3. Utah Drug Parapher,-,-,Utah Drug Paraphernalia Act,-,-,-,"Syringes, hypodermic needles, other inject/ion/ing equipment/instrument/supplies , Pipes, other smoke/ing or inhal/ing/ation equipment or supplies, Drug test/ing or check/ing equipment or supplies, Other",Index	Utah Code Title 58	,-,-,"Delivery, possession with intent to deliver/distribute, distribution, transfer, furnish, exchange (NEW), Possession, possession with intent to use, keep, Use, Advertising, display, Manufacturing, manufacture with intent to deliver or sell",58-37a-5.  Unlawful acts.,-,-,"Misdemeanor (NEW), Forfeiture/Seizure","58-37a-5.  Unlawful acts.,58-37a-5.  Unlawful acts.","



",-,"Syringes for approved medical use (i.e. diabetes) , Syringes from syringe services, harm reduction programs, or supervised use sites (NEW), Drug checking/testing equipment for fentanyl or fentanyl analogues ","58-37a-5.  Unlawful acts.,58-37a-5.  Unlawful acts.,Index	Utah Code Title 58	","
",-,-,-,-,-,Possession,-,-,-,-,-,-,-,-,-,-,-,"Possession, Use, Distribution, Other",-,manufacture,-,-,-,-,-,-,-,-,-,-,-,-,-,-,-,-,-,-,-,-,-,-,-,-,-,-,-,-,-,-,-,-,-
"Orem, Utah County, Utah, United States",city,https://app.monqcle.com/org/cphlr/project/drug-paraphernalia-laws-1689792283/record/76374,DPL_2025_PS,2024-05-01,2024-12-31,15,1,-,-,-,self-published ,-,-,-,https://online.encodeplus.com/regs/orem-ut/doc-viewer.aspx?secid=744&keywords=drug%27s%2Cdrugged%2Cdrugging%2Cdrugs%2Cdrugs%27%2Cdrug%2Cparaphernalia%27s%2Cparaphernalia#secid-744,-,-,-,-,-,-,-,05/01/2024,-,-,-,10/27/2025,-,-,-,"Unknown, reflects date of data collection",-,-,-,State (ARCHIVE) ,-,-,-,1,9-1-3. Utah Drug Parapher,-,-,Utah Drug Paraphernalia Act,-,-,-,"Syringes, hypodermic needles, other inject/ion/ing equipment/instrument/supplies , Pipes, other smoke/ing or inhal/ing/ation equipment or supplies, Drug test/ing or check/ing equipment or supplies, Other",Index	Utah Code Title 58	,-,-,"Delivery, possession with intent to deliver/distribute, distribution, transfer, furnish, exchange (NEW), Possession, possession with intent to use, keep, Use, Advertising, display, Manufacturing, manufacture with intent to deliver or sell",58-37a-5.  Unlawful acts.,-,-,"Misdemeanor (NEW), Forfeiture/Seizure","58-37a-5.  Unlawful acts.,58-37a-5.  Unlawful acts.","



",-,"Syringes for approved medical use (i.e. diabetes) , Syringes from syringe services, harm reduction programs, or supervised use sites (NEW), Drug checking/testing equipment for fentanyl or fentanyl analogues ","58-37a-5.  Unlawful acts.,Index	Utah Code Title 58	,58-37a-5.  Unlawful acts.","
",-,-,-,-,-,Distribution,-,-,-,-,-,-,-,-,-,-,-,"Possession, Use, Distribution, Other",-,manufacture,-,-,-,-,-,-,-,-,-,-,-,-,-,-,-,-,-,-,-,-,-,-,-,-,-,-,-,-,-,-,-,-,-
"Orem, Utah County, Utah, United States",city,https://app.monqcle.com/org/cphlr/project/drug-paraphernalia-laws-1689792283/record/76373,DPL_2025_PS,2023-05-03,2024-04-30,14,1,-,-,-,self-published ,-,-,-,https://online.encodeplus.com/regs/orem-ut/doc-viewer.aspx?secid=744&keywords=drug%27s%2Cdrugged%2Cdrugging%2Cdrugs%2Cdrugs%27%2Cdrug%2Cparaphernalia%27s%2Cparaphernalia#secid-744,-,-,-,-,-,-,-,05/03/2023,-,-,-,05/01/2024,-,-,-,"Known, current through date published in ordinance",-,-,-,State (ARCHIVE) ,-,-,-,1,9-1-3. Utah Drug Parapher,-,-,Utah Drug Paraphernalia Act,-,-,-,"Syringes, hypodermic needles, other inject/ion/ing equipment/instrument/supplies , Pipes, other smoke/ing or inhal/ing/ation equipment or supplies, Drug test/ing or check/ing equipment or supplies, Other",Index	Utah Code Title 58	,-,-,"Delivery, possession with intent to deliver/distribute, distribution, transfer, furnish, exchange (NEW), Possession, possession with intent to use, keep, Use, Advertising, display, Manufacturing, manufacture with intent to deliver or sell",58-37a-5.  Unlawful acts.,-,-,"Misdemeanor (NEW), Forfeiture/Seizure","58-37a-5.  Unlawful acts.,58-37a-5.  Unlawful acts.","



",-,"Syringes for approved medical use (i.e. diabetes) , Drug checking/testing equipment for fentanyl or fentanyl analogues ","58-37a-5.  Unlawful acts.,Index	Utah Code Title 58	","
",-,-,-,-,-,-,-,-,-,-,-,-,-,-,-,-,-,"Possession, Use, Distribution, Other",-,manufacture,-,-,-,-,-,-,-,-,-,-,-,-,-,-,-,-,-,-,-,-,-,-,-,-,-,-,-,-,-,-,-,-,-
"Orem, Utah County, Utah, United States",city,https://app.monqcle.com/org/cphlr/project/drug-paraphernalia-laws-1689792283/record/77288,DPL_2025_Consolidated,2023-05-03,2024-04-30,14,1,-,-,-,self-published ,-,-,-,https://online.encodeplus.com/regs/orem-ut/doc-viewer.aspx?secid=744&keywords=drug%27s%2Cdrugged%2Cdrugging%2Cdrugs%2Cdrugs%27%2Cdrug%2Cparaphernalia%27s%2Cparaphernalia#secid-744,-,-,-,-,-,-,-,05/03/2023,-,-,-,05/01/2024,-,-,-,"Known, current through date published in ordinance",-,-,-,State (ARCHIVE) ,-,-,-,1,9-1-3. Utah Drug Parapher,-,-,Utah Drug Paraphernalia Act,-,-,-,"Syringes, hypodermic needles, other inject/ion/ing equipment/instrument/supplies , Pipes, other smoke/ing or inhal/ing/ation equipment or supplies, Drug test/ing or check/ing equipment or supplies, Other",Index	Utah Code Title 58	,-,-,"Delivery, possession with intent to deliver/distribute, distribution, transfer, furnish, exchange (NEW), Possession, possession with intent to use, keep, Use, Advertising, display, Manufacturing, manufacture with intent to deliver or sell",58-37a-5.  Unlawful acts.,-,-,"Misdemeanor (NEW), Forfeiture/Seizure","58-37a-5.  Unlawful acts.,58-37a-5.  Unlawful acts.","



",-,"Syringes for approved medical use (i.e. diabetes) , Drug checking/testing equipment for fentanyl or fentanyl analogues ","58-37a-5.  Unlawful acts.,Index	Utah Code Title 58	","
",-,-,-,-,-,-,-,-,-,-,-,-,-,-,-,-,-,"Possession, Use, Distribution, Other",-,manufacture,-,-,-,-,-,-,-,-,-,-,-,-,-,-,-,-,-,-,-,-,-,-,-,-,-,-,-,-,-,-,-,-,-
"Orem, Utah County, Utah, United States",city,https://app.monqcle.com/org/cphlr/project/drug-paraphernalia-laws-1689792283/record/77287,DPL_2025_Consolidated,2022-12-31,2023-05-02,13,1,-,-,-,self-published ,-,-,-,https://online.encodeplus.com/regs/orem-ut/doc-viewer.aspx?secid=744&keywords=drug%27s%2Cdrugged%2Cdrugging%2Cdrugs%2Cdrugs%27%2Cdrug%2Cparaphernalia%27s%2Cparaphernalia#secid-744,-,-,-,03/14/2006,-,-,-,-,-,-,-,05/03/2023,-,-,-,"Known, current through date published in ordinance",-,-,-,State (ARCHIVE) ,-,-,-,1,9-1-3. Utah Drug Parapher,-,-,Utah Drug Paraphernalia Act,-,-,-,"Syringes, hypodermic needles, other inject/ion/ing equipment/instrument/supplies , Pipes, other smoke/ing or inhal/ing/ation equipment or supplies, Drug test/ing or check/ing equipment or supplies, Other",Index	Utah Code Title 58	,-,-,"Delivery, possession with intent to deliver/distribute, distribution, transfer, furnish, exchange (NEW), Possession, possession with intent to use, keep, Use, Advertising, display, Manufacturing, manufacture with intent to deliver or sell",58-37a-5.  Unlawful acts.,-,-,"Misdemeanor (NEW), Forfeiture/Seizure","58-37a-5.  Unlawful acts.,58-37a-5.  Unlawful acts.","



",-,Syringes for approved medical use (i.e. diabetes) ,58-37a-5.  Unlawful acts.,"
",-,-,-,-,-,-,-,-,-,-,-,-,-,-,-,-,-,-,-,-,-,-,-,-,-,-,-,-,-,-,-,-,-,-,-,-,-,-,-,-,-,-,-,-,-,-,-,-,-,-,-,-,-
"Orem, Utah County, Utah, United States",city,https://app.monqcle.com/org/cphlr/project/drug-paraphernalia-laws-1689792283/record/63157,DPL_2023_Consolidated,2022-12-31,2023-01-01,11,1,-,-,-,self-published ,-,-,-,https://online.encodeplus.com/regs/orem-ut/doc-viewer.aspx?secid=744&keywords=drug%27s%2Cdrugged%2Cdrugging%2Cdrugs%2Cdrugs%27%2Cdrug%2Cparaphernalia%27s%2Cparaphernalia#secid-744,-,-,-,03/14/2006,-,-,-,-,-,-,-,10/24/2023,-,-,-,"Known, current through date published in ordinance",-,-,-,State (ARCHIVE) ,9-1-3. Utah Drug Parapher,-,-,-,-,-,-,-,-,-,-,"Syringes, hypodermic needles, other inject/ion/ing equipment/instrument/supplies , Pipes, other smoke/ing or inhal/ing/ation equipment or supplies, Drug test/ing or check/ing equipment or supplies, Other",Index	Utah Code Title 58	,-,-,"Non-sale distribution/delivery (ARCHIVE), Possession, possession with intent to use, keep, Use, Advertising, display, Manufacturing, manufacture with intent to deliver or sell","Index	Utah Code Title 58	,Index	Utah Code Title 58	,Index	Utah Code Title 58	",-,-,"Criminal (ARCHIVE) , Forfeiture/Seizure, Other","Index	Utah Code Title 58	,Index	Utah Code Title 58	,Index	Utah Code Title 58	","Sentencing requirements for minors. If a minor who is under 18 years of age is found by a court to have violated this chapter, the court may order the minor to complete: (1) a screening as defined in Section 41-6a-501; (2) an assessment as defined in Section 41-6a-501 if the screening indicates an assessment to be appropriate; and (3) an educational series as defined in Section 41-6a-501 or substance use disorder treatment as indicated by an assessment.



",-,"Syringes for approved medical use (i.e. diabetes) , Other","Index	Utah Code Title 58	,Index	Utah Code Title 58	","distribution of hypodermic syringes for the prevention of disease transmission

syringes that are unused and in a sealed sterile package 
",-,-,-,-,-,-,-,-,-,-,-,-,-,-,-,-,-,-,-,-,-,-,-,-,-,-,-,-,-,-,-,-,-,-,-,-,-,-,-,-,-,-,-,-,-,-,-,-,-,-,-,-,-
"Orlando, Orange County, Florida, United States",city,https://app.monqcle.com/org/cphlr/project/drug-paraphernalia-laws-1689792283/record/63796,DPL_2023_Consolidated,2022-12-31,2023-01-01,1,0,-,-,-,-,-,-,-,-,-,-,-,-,-,-,-,-,-,-,-,-,-,-,-,-,-,-,-,-,-,-,-,-,-,-,-,-,-,-,-,-,-,-,-,-,-,-,-,-,-,-,-,-,-,-,-,-,-,-,-,-,-,-,-,-,-,-,-,-,-,-,-,-,-,-,-,-,-,-,-,-,-,-,-,-,-,-,-,-,-,-,-,-,-,-,-,-,-,-,-,-,-,-,-,-,-,-,-
"Orlando, Orange County, Florida, United States",city,https://app.monqcle.com/org/cphlr/project/drug-paraphernalia-laws-1689792283/record/74936,DPL_2025_Consolidated,2022-12-31,2024-12-31,1,0,-,-,-,-,-,-,-,-,-,-,-,-,-,-,-,-,-,-,-,-,-,-,-,-,-,-,-,-,-,-,-,-,-,-,-,-,-,-,-,-,-,-,-,-,-,-,-,-,-,-,-,-,-,-,-,-,-,-,-,-,-,-,-,-,-,-,-,-,-,-,-,-,-,-,-,-,-,-,-,-,-,-,-,-,-,-,-,-,-,-,-,-,-,-,-,-,-,-,-,-,-,-,-,-,-,-,-
"Overland Park, Johnson County, Kansas, United States",city,https://app.monqcle.com/org/cphlr/project/drug-paraphernalia-laws-1689792283/record/79337,DPL_2025_Consolidated,2023-09-01,2024-12-31,1,0,-,-,-,-,-,-,-,-,-,-,-,-,-,-,-,-,-,-,-,-,-,-,-,-,-,-,-,-,-,-,-,-,-,-,-,-,-,-,-,-,-,-,-,-,-,-,-,-,-,-,-,-,-,-,-,-,-,-,-,-,-,-,-,-,-,-,-,-,-,-,-,-,-,-,-,-,-,-,-,-,-,-,-,-,-,-,-,-,-,-,-,-,-,-,-,-,-,-,-,-,-,-,-,-,-,-,-
"Overland Park, Johnson County, Kansas, United States",city,https://app.monqcle.com/org/cphlr/project/drug-paraphernalia-laws-1689792283/record/78456,DPL_2025_PS,2023-09-01,2024-12-31,1,0,-,-,-,-,-,-,-,-,-,-,-,-,-,-,-,-,-,-,-,-,-,-,-,-,-,-,-,-,-,-,-,-,-,-,-,-,-,-,-,-,-,-,-,-,-,-,-,-,-,-,-,-,-,-,-,-,-,-,-,-,-,-,-,-,-,-,-,-,-,-,-,-,-,-,-,-,-,-,-,-,-,-,-,-,-,-,-,-,-,-,-,-,-,-,-,-,-,-,-,-,-,-,-,-,-,-,-
"Overland Park, Johnson County, Kansas, United States",city,https://app.monqcle.com/org/cphlr/project/drug-paraphernalia-laws-1689792283/record/63737,DPL_2023_Consolidated ,2022-12-31,2023-01-01,1,0,-,-,-,-,-,-,-,-,-,-,-,-,-,-,-,-,-,-,-,-,-,-,-,-,-,-,-,-,-,-,-,-,-,-,-,-,-,-,-,-,-,-,-,-,-,-,-,-,-,-,-,-,-,-,-,-,-,-,-,-,-,-,-,-,-,-,-,-,-,-,-,-,-,-,-,-,-,-,-,-,-,-,-,-,-,-,-,-,-,-,-,-,-,-,-,-,-,-,-,-,-,-,-,-,-,-,-
"Overland Park, Johnson County, Kansas, United States",city,https://app.monqcle.com/org/cphlr/project/drug-paraphernalia-laws-1689792283/record/79336,DPL_2025_Consolidated,2022-12-31,2023-08-31,11,1,-,-,-,Encode Plus ,-,-,-,https://online.encodeplus.com/regs/overlandpark-ks/doclibrary.aspx?id=4e9e06a4-addd-4c64-ae5b-f4b597c839d7,-,-,-,-,-,-,-,07/01/2016,-,-,-,09/01/2023,-,law repealed on this date ,-,"Known, current through date published in ordinance",-,-,-,-,-,-,-,0,-,-,-,-,-,-,-,"Syringes, hypodermic needles, other inject/ion/ing equipment/instrument/supplies , Pipes, other smoke/ing or inhal/ing/ation equipment or supplies, Other",11.56.185 Drug Parapherna,-,-,"Sales, possession with intent to sell, offer for sale (NEW), Delivery, possession with intent to deliver/distribute, distribution, transfer, furnish, exchange (NEW), Possession, possession with intent to use, keep, Use, Advertising, display, Manufacturing, manufacture with intent to deliver or sell","11.56.185 Drug Parapherna,11.56.185 Drug Parapherna,11.56.185 Drug Parapherna",-,-,"Misdemeanor (NEW), Incarceration (NEW)",11.56.180 Violation of Ar,-,-,"Professionals acting in their course of business [e.g. pharmacists, physicians, manufacturers]",11.56.185 Drug Parapherna,-,-,-,-,-,-,-,-,-,-,-,-,-,-,-,-,-,-,-,-,-,-,-,-,-,-,-,-,-,-,-,-,-,-,-,-,-,-,-,-,-,-,-,-,-,-,-,-,-,-,-,-,-,-
"Oxnard, Ventura County, California, United States",city,https://app.monqcle.com/org/cphlr/project/drug-paraphernalia-laws-1689792283/record/75198,DPL_2025_Consolidated,2022-12-31,2024-12-31,1,0,-,-,-,-,-,-,-,-,-,-,-,-,-,-,-,-,-,-,-,-,-,-,-,-,-,-,-,-,-,-,-,-,-,-,-,-,-,-,-,-,-,-,-,-,-,-,-,-,-,-,-,-,-,-,-,-,-,-,-,-,-,-,-,-,-,-,-,-,-,-,-,-,-,-,-,-,-,-,-,-,-,-,-,-,-,-,-,-,-,-,-,-,-,-,-,-,-,-,-,-,-,-,-,-,-,-,-
"Oxnard, Ventura County, California, United States",city,https://app.monqcle.com/org/cphlr/project/drug-paraphernalia-laws-1689792283/record/63618,DPL_2023_Consolidated,2022-12-31,2023-01-01,1,0,-,-,-,-,-,-,-,-,-,-,-,-,-,-,-,-,-,-,-,-,-,-,-,-,-,-,-,-,-,-,-,-,-,-,-,-,-,-,-,-,-,-,-,-,-,-,-,-,-,-,-,-,-,-,-,-,-,-,-,-,-,-,-,-,-,-,-,-,-,-,-,-,-,-,-,-,-,-,-,-,-,-,-,-,-,-,-,-,-,-,-,-,-,-,-,-,-,-,-,-,-,-,-,-,-,-,-
"Palm Bay, Brevard County, Florida, United States",city,https://app.monqcle.com/org/cphlr/project/drug-paraphernalia-laws-1689792283/record/63231,DPL_2023_Consolidated,2022-12-31,2023-01-01,11,1,-,-,-,ALP,-,-,-,https://codelibrary.amlegal.com/codes/palmbay/latest/palmbay_fl/0-0-0-59718,-,-,-,07/18/2019,-,-,-,-,-,-,-,11/02/2023,-,-,-,"Known, current through date published in ordinance",-,-,-,State (ARCHIVE) ,§ 130.02 CIVIL PENALTIES ,-,-,-,-,-,-,-,-,-,-,Not specified,-,-,-,"Possession, possession with intent to use, keep",§ 130.02 CIVIL PENALTIES ,-,-,Civil (ARCHIVE),§ 130.02 CIVIL PENALTIES ,-,-,None,-,-,-,-,-,-,-,-,-,-,-,-,-,-,-,-,-,-,-,-,-,-,-,-,-,-,-,-,-,-,-,-,-,-,-,-,-,-,-,-,-,-,-,-,-,-,-,-,-,-,-,-,-,-,-
"Palm Bay, Brevard County, Florida, United States",city,https://app.monqcle.com/org/cphlr/project/drug-paraphernalia-laws-1689792283/record/76286,DPL_2025_Consolidated,2022-12-31,2024-12-31,13,1,-,-,-,ALP,-,-,-,https://codelibrary.amlegal.com/codes/palmbay/latest/palmbay_fl/0-0-0-59718,-,-,-,07/18/2019,-,-,-,-,-,-,-,09/24/2025,-,-,-,"Known, current through date published in ordinance",-,-,-,State (ARCHIVE) ,-,-,-,1,§ 130.02 CIVIL PENALTIES ,-,-,"Fla. Stat. §§ 893.146 and 893.147(1)(b),",-,-,-,"Syringes, hypodermic needles, other inject/ion/ing equipment/instrument/supplies , Pipes, other smoke/ing or inhal/ing/ation equipment or supplies, Other","893.147 Use, possession, ",-,-,"Possession, possession with intent to use, keep",§ 130.02 CIVIL PENALTIES ,-,-,Civil Fine (NEW),§ 130.02 CIVIL PENALTIES ,-,-,None,-,-,-,-,-,-,-,-,-,-,-,-,-,-,-,-,-,-,-,-,-,-,-,-,-,-,-,-,-,-,-,-,-,-,-,-,-,-,-,-,-,-,-,-,-,-,-,-,-,-,-,-,-,-,-
"Palm Coast, Flagler County, Florida, United States",city,https://app.monqcle.com/org/cphlr/project/drug-paraphernalia-laws-1689792283/record/63884,DPL_2023_Consolidated,2022-12-31,2023-01-01,1,0,-,-,-,-,-,-,-,-,-,-,-,-,-,-,-,-,-,-,-,-,-,-,-,-,-,-,-,-,-,-,-,-,-,-,-,-,-,-,-,-,-,-,-,-,-,-,-,-,-,-,-,-,-,-,-,-,-,-,-,-,-,-,-,-,-,-,-,-,-,-,-,-,-,-,-,-,-,-,-,-,-,-,-,-,-,-,-,-,-,-,-,-,-,-,-,-,-,-,-,-,-,-,-,-,-,-,-
"Palm Coast, Flagler County, Florida, United States",city,https://app.monqcle.com/org/cphlr/project/drug-paraphernalia-laws-1689792283/record/77186,DPL_2025_Consolidated,2022-12-31,2024-12-31,1,0,-,-,-,-,-,-,-,-,-,-,-,-,-,-,-,-,-,-,-,-,-,-,-,-,-,-,-,-,-,-,-,-,-,-,-,-,-,-,-,-,-,-,-,-,-,-,-,-,-,-,-,-,-,-,-,-,-,-,-,-,-,-,-,-,-,-,-,-,-,-,-,-,-,-,-,-,-,-,-,-,-,-,-,-,-,-,-,-,-,-,-,-,-,-,-,-,-,-,-,-,-,-,-,-,-,-,-
"Palmdale, Los Angeles County, California, United States",city,https://app.monqcle.com/org/cphlr/project/drug-paraphernalia-laws-1689792283/record/63176,DPL_2023_Consolidated,2022-12-31,2023-01-01,1,0,-,-,-,-,-,-,-,-,-,-,-,-,-,-,-,-,-,-,-,-,-,-,-,-,-,-,-,-,-,-,-,-,-,-,-,-,-,-,-,-,-,-,-,-,-,-,-,-,-,-,-,-,-,-,-,-,-,-,-,-,-,-,-,-,-,-,-,-,-,-,-,-,-,-,-,-,-,-,-,-,-,-,-,-,-,-,-,-,-,-,-,-,-,-,-,-,-,-,-,-,-,-,-,-,-,-,-
"Palmdale, Los Angeles County, California, United States",city,https://app.monqcle.com/org/cphlr/project/drug-paraphernalia-laws-1689792283/record/75623,DPL_2025_Consolidated,2022-12-31,2024-12-31,1,0,-,-,-,-,-,-,-,-,-,-,-,-,-,-,-,-,-,-,-,-,-,-,-,-,-,-,-,-,-,-,-,-,-,-,-,-,-,-,-,-,-,-,-,-,-,-,-,-,-,-,-,-,-,-,-,-,-,-,-,-,-,-,-,-,-,-,-,-,-,-,-,-,-,-,-,-,-,-,-,-,-,-,-,-,-,-,-,-,-,-,-,-,-,-,-,-,-,-,-,-,-,-,-,-,-,-,-
"Parma, Cuyahoga County, Ohio, United States",city,https://app.monqcle.com/org/cphlr/project/drug-paraphernalia-laws-1689792283/record/77534,DPL_2_2025_Consolidated,2022-12-31,2024-12-31,13,1,-,-,-,ALP,-,-,-,https://codelibrary.amlegal.com/codes/parma/latest/Parma_oh/0-0-0-201890,-,-,-,-,-,-,-,11/04/1998,-,last known date law was in effect ,-,10/20/2025,-,-,-,"Known, current through date published in ordinance",-,-,-,State (ARCHIVE) ,-,-,-,0,-,-,-,-,-,-,-,"Syringes, hypodermic needles, other inject/ion/ing equipment/instrument/supplies ",620.035   POSSESSION OF D,-,-,"Possession, possession with intent to use, keep, Use, Other",620.035   POSSESSION OF D,"make, obtain",-,Misdemeanor (NEW),620.035   POSSESSION OF D,-,-,"Paraphernalia for consumption of cannabis, generally or medical use (NEW), Professionals acting in their course of business [e.g. pharmacists, physicians, manufacturers]","620.035   POSSESSION OF D,620.035   POSSESSION OF D",-,-,-,-,-,-,-,-,-,-,"Possession, Use, Other",-,"make, obtain",-,-,-,-,-,-,-,-,-,-,-,-,-,-,-,-,-,-,-,-,-,-,-,-,-,-,-,-,-,-,-,-,-,-,-,-,-,-,-,-,-
"Parma, Cuyahoga County, Ohio, United States",city,https://app.monqcle.com/org/cphlr/project/drug-paraphernalia-laws-1689792283/record/63672,DPL_2_2023_Consolidated ,2022-12-31,2023-01-01,11,1,-,-,-,ALP,-,-,-,https://codelibrary.amlegal.com/codes/parma/latest/Parma_oh/0-0-0-201890,-,-,-,-,-,-,-,11/04/1998,-,last known date law was in effect ,-,06/30/2023,-,-,-,"Known, current through date published in ordinance",-,-,-,State (ARCHIVE) ,620.035   POSSESSION OF D,-,-,-,-,-,-,-,-,-,-,"Syringes, hypodermic needles, other inject/ion/ing equipment/instrument/supplies ",620.035   POSSESSION OF D,-,-,"Possession, possession with intent to use, keep, Use, Other",620.035   POSSESSION OF D,"make, obtain",-,"Criminal (ARCHIVE) , Other",620.035   POSSESSION OF D,license suspension,-,"Paraphernalia for consumption of cannabis, generally (ARCHIVE), Professionals acting in their course of business [e.g. pharmacists, physicians, manufacturers]","620.035   POSSESSION OF D,620.035   POSSESSION OF D",-,-,-,-,-,-,-,-,-,-,-,-,-,-,-,-,-,-,-,-,-,-,-,-,-,-,-,-,-,-,-,-,-,-,-,-,-,-,-,-,-,-,-,-,-,-,-,-,-,-,-,-,-,-
"Parma, Cuyahoga County, Ohio, United States",city,https://app.monqcle.com/org/cphlr/project/drug-paraphernalia-laws-1689792283/record/77533,DPL_2025_Consolidated,2022-12-31,2024-12-31,13,1,-,-,-,ALP,-,-,-,https://codelibrary.amlegal.com/codes/parma/latest/Parma_oh/0-0-0-201896,-,-,-,03/18/1997,-,-,-,-,-,-,-,10/20/2025,-,-,-,"Known, current through date published in ordinance",-,-,-,State (ARCHIVE) ,-,-,-,1,-,-,-,Ohio R.C. 3719.172.,-,-,-,"Syringes, hypodermic needles, other inject/ion/ing equipment/instrument/supplies , Pipes, other smoke/ing or inhal/ing/ation equipment or supplies, Drug test/ing or check/ing equipment or supplies, Other",620.04   USE OR POSSESSIO,-,-,"Sales, possession with intent to sell, offer for sale (NEW), Possession, possession with intent to use, keep, Use, Advertising, display, Manufacturing, manufacture with intent to deliver or sell",620.04   USE OR POSSESSIO,-,-,"Misdemeanor (NEW), Forfeiture/Seizure","620.04   USE OR POSSESSIO,620.04   USE OR POSSESSIO",-,-,"Syringes for approved medical use (i.e. diabetes) , Professionals acting in their course of business [e.g. pharmacists, physicians, manufacturers]",620.04   USE OR POSSESSIO,-,-,-,-,-,-,-,-,-,-,-,-,-,-,-,-,-,-,-,-,-,-,-,-,-,-,-,-,-,-,-,-,-,-,-,-,-,-,-,-,-,-,-,-,-,-,-,-,-,-,-,-,-,-
"Parma, Cuyahoga County, Ohio, United States",city,https://app.monqcle.com/org/cphlr/project/drug-paraphernalia-laws-1689792283/record/63671,DPL_2023_Consolidated,2022-12-31,2023-01-01,11,1,-,-,-,ALP,-,-,-,https://codelibrary.amlegal.com/codes/parma/latest/Parma_oh/0-0-0-201896,-,-,-,03/18/1997,-,-,-,-,-,-,-,12/18/2023,-,-,-,"Known, current through date published in ordinance",-,-,-,State (ARCHIVE) ,620.04   USE OR POSSESSIO,-,-,-,-,-,-,-,-,-,-,"Syringes, hypodermic needles, other inject/ion/ing equipment/instrument/supplies , Pipes, other smoke/ing or inhal/ing/ation equipment or supplies, Drug test/ing or check/ing equipment or supplies, Other",620.04   USE OR POSSESSIO,-,-,"Sales (ARCHIVE), Possession, possession with intent to use, keep, Use, Advertising, display, Manufacturing, manufacture with intent to deliver or sell",620.04   USE OR POSSESSIO,-,-,"Criminal (ARCHIVE) , Forfeiture/Seizure, Other","620.04   USE OR POSSESSIO,620.04   USE OR POSSESSIO","   In addition to any other sanction imposed upon an offender for a violation of this section, the court shall suspend for not less than six months nor more than five years the offender's driver’s or commercial driver’s license or permit. If the offender is a professionally licensed person, in addition to any other sanction imposed for a violation of this section, the court shall immediately comply with Ohio R.C. 2925.38.",-,"Syringes for approved medical use (i.e. diabetes) , Professionals acting in their course of business [e.g. pharmacists, physicians, manufacturers]",620.04   USE OR POSSESSIO,-,-,-,-,-,-,-,-,-,-,-,-,-,-,-,-,-,-,-,-,-,-,-,-,-,-,-,-,-,-,-,-,-,-,-,-,-,-,-,-,-,-,-,-,-,-,-,-,-,-,-,-,-,-
"Pasadena, Harris County, Texas, United States",city,https://app.monqcle.com/org/cphlr/project/drug-paraphernalia-laws-1689792283/record/63570,DPL_2023_Consolidated ,2022-12-31,2023-01-01,1,0,-,-,-,-,-,-,-,-,-,-,-,-,-,-,-,-,-,-,-,-,-,-,-,-,-,-,-,-,-,-,-,-,-,-,-,-,-,-,-,-,-,-,-,-,-,-,-,-,-,-,-,-,-,-,-,-,-,-,-,-,-,-,-,-,-,-,-,-,-,-,-,-,-,-,-,-,-,-,-,-,-,-,-,-,-,-,-,-,-,-,-,-,-,-,-,-,-,-,-,-,-,-,-,-,-,-,-
"Pasadena, Harris County, Texas, United States",city,https://app.monqcle.com/org/cphlr/project/drug-paraphernalia-laws-1689792283/record/75639,DPL_2025_Consolidated,2022-12-31,2024-12-31,1,0,-,-,-,-,-,-,-,-,-,-,-,-,-,-,-,-,-,-,-,-,-,-,-,-,-,-,-,-,-,-,-,-,-,-,-,-,-,-,-,-,-,-,-,-,-,-,-,-,-,-,-,-,-,-,-,-,-,-,-,-,-,-,-,-,-,-,-,-,-,-,-,-,-,-,-,-,-,-,-,-,-,-,-,-,-,-,-,-,-,-,-,-,-,-,-,-,-,-,-,-,-,-,-,-,-,-,-
"Pasadena, Los Angeles County, California, United States",city,https://app.monqcle.com/org/cphlr/project/drug-paraphernalia-laws-1689792283/record/75750,DPL_2025_Consolidated,2022-12-31,2024-12-31,1,0,-,-,-,-,-,-,-,-,-,-,-,-,-,-,-,-,-,-,-,-,-,-,-,-,-,-,-,-,-,-,-,-,-,-,-,-,-,-,-,-,-,-,-,-,-,-,-,-,-,-,-,-,-,-,-,-,-,-,-,-,-,-,-,-,-,-,-,-,-,-,-,-,-,-,-,-,-,-,-,-,-,-,-,-,-,-,-,-,-,-,-,-,-,-,-,-,-,-,-,-,-,-,-,-,-,-,-
"Pasadena, Los Angeles County, California, United States",city,https://app.monqcle.com/org/cphlr/project/drug-paraphernalia-laws-1689792283/record/63189,DPL_2023_Consolidated ,2022-12-31,2023-01-01,1,0,-,-,-,-,-,-,-,-,-,-,-,-,-,-,-,-,-,-,-,-,-,-,-,-,-,-,-,-,-,-,-,-,-,-,-,-,-,-,-,-,-,-,-,-,-,-,-,-,-,-,-,-,-,-,-,-,-,-,-,-,-,-,-,-,-,-,-,-,-,-,-,-,-,-,-,-,-,-,-,-,-,-,-,-,-,-,-,-,-,-,-,-,-,-,-,-,-,-,-,-,-,-,-,-,-,-,-
"Paterson, Passaic County, New Jersey, United States",city,https://app.monqcle.com/org/cphlr/project/drug-paraphernalia-laws-1689792283/record/63332,DPL_2023_Consolidated,2022-12-31,2023-01-01,1,0,-,-,-,-,-,-,-,-,-,-,-,-,-,-,-,-,-,-,-,-,-,-,-,-,-,-,-,-,-,-,-,-,-,-,-,-,-,-,-,-,-,-,-,-,-,-,-,-,-,-,-,-,-,-,-,-,-,-,-,-,-,-,-,-,-,-,-,-,-,-,-,-,-,-,-,-,-,-,-,-,-,-,-,-,-,-,-,-,-,-,-,-,-,-,-,-,-,-,-,-,-,-,-,-,-,-,-
"Paterson, Passaic County, New Jersey, United States",city,https://app.monqcle.com/org/cphlr/project/drug-paraphernalia-laws-1689792283/record/75775,DPL_2025_Consolidated,2022-12-31,2024-12-31,1,0,-,-,-,-,-,-,-,-,-,-,-,-,-,-,-,-,-,-,-,-,-,-,-,-,-,-,-,-,-,-,-,-,-,-,-,-,-,-,-,-,-,-,-,-,-,-,-,-,-,-,-,-,-,-,-,-,-,-,-,-,-,-,-,-,-,-,-,-,-,-,-,-,-,-,-,-,-,-,-,-,-,-,-,-,-,-,-,-,-,-,-,-,-,-,-,-,-,-,-,-,-,-,-,-,-,-,-
"Pearland, Brazoria County, Texas, United States",city,https://app.monqcle.com/org/cphlr/project/drug-paraphernalia-laws-1689792283/record/75923,DPL_2025_Consolidated,2022-12-31,2024-12-31,12,1,-,-,-,Municode,-,-,-,https://library.municode.com/tx/pearland/codes/code_of_ordinances?nodeId=COOR_CH20OFMIPR_ARTVIIIILSMPRINDE,-,-,-,01/10/2010,-,unknown date at bottom of ordinance ,-,-,-,-,-,08/27/2025,-,-,-,"Known, current through date published in ordinance",-,-,-,State (ARCHIVE) ,-,-,-,0,-,-,-,-,-,-,-,"Syringes, hypodermic needles, other inject/ion/ing equipment/instrument/supplies , Pipes, other smoke/ing or inhal/ing/ation equipment or supplies, Other","ARTICLE VIII. - ILLEGAL S,ARTICLE VIII. - ILLEGAL S","Only prohibited for possesion/use with ""illegal smoking product"" defined as 
""(1)

Salvinorin A: Contained within the Salvia Divinorum plant, whether growing or not; or possessed as an extract, compound, manufacture, derivative, mixture, or preparation of such plant;

(2)

2-[(1R, 3S)-3-hydroxycyclohexyl]-5-(2-methylocatan-2-yl) phenol (also known as CP 47, 497) and homologues;

(3)

1-Pentyl-3-(1-naphthoyl) indole (also known as JWH-018); or

(4)

Butyl-3-(1-naphthoyl) indole (also known as JWH-073).""",-,"Possession, possession with intent to use, keep, Use",ARTICLE VIII. - ILLEGAL S,"Only prohibited for possesion/use with ""illegal smoking product"" defined as 
""(1)

Salvinorin A: Contained within the Salvia Divinorum plant, whether growing or not; or possessed as an extract, compound, manufacture, derivative, mixture, or preparation of such plant;

(2)

2-[(1R, 3S)-3-hydroxycyclohexyl]-5-(2-methylocatan-2-yl) phenol (also known as CP 47, 497) and homologues;

(3)

1-Pentyl-3-(1-naphthoyl) indole (also known as JWH-018); or

(4)

Butyl-3-(1-naphthoyl) indole (also known as JWH-073).""",-,Unspecified Fine (NEW),ARTICLE VIII. - ILLEGAL S,-,-,None,-,-,-,-,-,-,-,-,-,-,-,-,-,-,-,-,-,-,-,-,-,-,-,-,-,-,-,-,-,-,-,-,-,-,-,-,-,-,-,-,-,-,-,-,-,-,-,-,-,-,-,-,-,-,-
"Pearland, Brazoria County, Texas, United States",city,https://app.monqcle.com/org/cphlr/project/drug-paraphernalia-laws-1689792283/record/63186,DPL_2023_Consolidated,2022-12-31,2023-01-01,11,1,-,-,-,Municode,-,-,-,https://library.municode.com/tx/pearland/codes/code_of_ordinances?nodeId=COOR_CH20OFMIPR_ARTVIIIILSMPRINDE,-,-,-,01/10/2010,-,unknown date at bottom of ordinance ,-,-,-,-,-,01/26/2024,-,-,-,"Known, current through date published in ordinance",-,-,-,State (ARCHIVE) ,ARTICLE VIII. - ILLEGAL S,-,-,-,-,-,-,-,-,-,-,"Syringes, hypodermic needles, other inject/ion/ing equipment/instrument/supplies , Pipes, other smoke/ing or inhal/ing/ation equipment or supplies, Other","ARTICLE VIII. - ILLEGAL S,ARTICLE VIII. - ILLEGAL S","paraphernalia only prohibited when used for ""illegal smoking material"" defined as:

(1)

Salvinorin A: Contained within the Salvia Divinorum plant, whether growing or not; or possessed as an extract, compound, manufacture, derivative, mixture, or preparation of such plant;

(2)

2-[(1R, 3S)-3-hydroxycyclohexyl]-5-(2-methylocatan-2-yl) phenol (also known as CP 47, 497) and homologues;

(3)

1-Pentyl-3-(1-naphthoyl) indole (also known as JWH-018); or

(4)

Butyl-3-(1-naphthoyl) indole (also known as JWH-073).",-,"Possession, possession with intent to use, keep, Use",ARTICLE VIII. - ILLEGAL S,-,-,Civil (ARCHIVE),ARTICLE VIII. - ILLEGAL S,-,-,None,-,-,-,-,-,-,-,-,-,-,-,-,-,-,-,-,-,-,-,-,-,-,-,-,-,-,-,-,-,-,-,-,-,-,-,-,-,-,-,-,-,-,-,-,-,-,-,-,-,-,-,-,-,-,-
"Pembroke Pines, Broward County, Florida, United States",city,https://app.monqcle.com/org/cphlr/project/drug-paraphernalia-laws-1689792283/record/75658,DPL_2025_Consolidated,2022-12-31,2024-12-31,12,1,-,-,-,ALP,-,-,-,https://codelibrary.amlegal.com/codes/pembrokepines/latest/pembrokepines_fl/0-0-0-70674,-,-,-,02/20/1973,-,-,-,-,-,-,-,03/11/2025,-,-,-,"Known, current through date published in ordinance",-,-,-,State (ARCHIVE) ,-,-,-,0,-,-,-,-,-,-,-,"Syringes, hypodermic needles, other inject/ion/ing equipment/instrument/supplies ",133.01 HYPODERMIC SYRINGE,-,-,"Sales, possession with intent to sell, offer for sale (NEW), Delivery, possession with intent to deliver/distribute, distribution, transfer, furnish, exchange (NEW), Possession, possession with intent to use, keep, Other","133.01 HYPODERMIC SYRINGE,133.01 HYPODERMIC SYRINGE",disposal ,-,"Unspecified Fine (NEW), Incarceration (NEW)",§ 130.99 PENALTY.,-,-,"Syringes for approved medical use (i.e. diabetes) , Professionals acting in their course of business [e.g. pharmacists, physicians, manufacturers]",133.01 HYPODERMIC SYRINGE,-,-,-,-,-,-,-,-,-,-,-,-,-,-,-,-,-,-,-,-,-,-,-,-,-,-,-,-,-,-,-,-,-,-,-,-,-,-,-,-,-,-,-,-,-,-,-,-,-,-,-,-,-,-
"Pembroke Pines, Broward County, Florida, United States",city,https://app.monqcle.com/org/cphlr/project/drug-paraphernalia-laws-1689792283/record/64125,DPL_2023_Consolidated,2022-12-31,2023-01-01,11,1,-,-,-,ALP,-,-,-,https://codelibrary.amlegal.com/codes/pembrokepines/latest/pembrokepines_fl/0-0-0-70674,-,-,-,02/20/1973,-,-,-,-,-,-,-,04/04/2023,-,-,-,"Known, current through date published in ordinance",-,-,-,State (ARCHIVE) ,133.01 HYPODERMIC SYRINGE,-,-,-,-,-,-,-,-,-,-,"Syringes, hypodermic needles, other inject/ion/ing equipment/instrument/supplies ",133.01 HYPODERMIC SYRINGE,-,-,"Sales (ARCHIVE), Non-sale distribution/delivery (ARCHIVE), Possession, possession with intent to use, keep, Other","133.01 HYPODERMIC SYRINGE,133.01 HYPODERMIC SYRINGE",dispose unless the injection syringe or needle is broken and rendered incapable of further use.,-,Criminal (ARCHIVE) ,§ 130.99 PENALTY.,-,-,"Syringes for approved medical use (i.e. diabetes) , Professionals acting in their course of business [e.g. pharmacists, physicians, manufacturers]",133.01 HYPODERMIC SYRINGE,-,-,-,-,-,-,-,-,-,-,-,-,-,-,-,-,-,-,-,-,-,-,-,-,-,-,-,-,-,-,-,-,-,-,-,-,-,-,-,-,-,-,-,-,-,-,-,-,-,-,-,-,-,-
"Peoria, Maricopa County, Arizona, United States",city,https://app.monqcle.com/org/cphlr/project/drug-paraphernalia-laws-1689792283/record/63786,DPL_2023_Consolidated ,2022-12-31,2023-01-01,1,0,-,-,-,-,-,-,-,-,-,-,-,-,-,-,-,-,-,-,-,-,-,-,-,-,-,-,-,-,-,-,-,-,-,-,-,-,-,-,-,-,-,-,-,-,-,-,-,-,-,-,-,-,-,-,-,-,-,-,-,-,-,-,-,-,-,-,-,-,-,-,-,-,-,-,-,-,-,-,-,-,-,-,-,-,-,-,-,-,-,-,-,-,-,-,-,-,-,-,-,-,-,-,-,-,-,-,-
"Peoria, Maricopa County, Arizona, United States",city,https://app.monqcle.com/org/cphlr/project/drug-paraphernalia-laws-1689792283/record/75489,DPL_2025_Consolidated,2022-12-31,2024-12-31,1,0,-,-,-,-,-,-,-,-,-,-,-,-,-,-,-,-,-,-,-,-,-,-,-,-,-,-,-,-,-,-,-,-,-,-,-,-,-,-,-,-,-,-,-,-,-,-,-,-,-,-,-,-,-,-,-,-,-,-,-,-,-,-,-,-,-,-,-,-,-,-,-,-,-,-,-,-,-,-,-,-,-,-,-,-,-,-,-,-,-,-,-,-,-,-,-,-,-,-,-,-,-,-,-,-,-,-,-
"Peoria, Peoria County, Illinois, United States",city,https://app.monqcle.com/org/cphlr/project/drug-paraphernalia-laws-1689792283/record/63469,DPL_2023_Consolidated,2022-12-31,2023-01-01,11,1,-,-,-,municode,-,-,-,https://library.municode.com/il/peoria/codes/code_of_ordinances?nodeId=CO_CH18LIMIBURE_ARTXIVTOALNIPR_DIV2LI_S18-620DRPA,-,-,-,06/10/2014,-,unknown date at bottom of ordinance,-,-,-,-,-,12/21/2023,-,-,-,"Known, current through date published in ordinance",-,-,-,State (ARCHIVE) ,Sec. 18-620. - Drug parap,-,-,-,-,-,-,-,-,-,-,"Syringes, hypodermic needles, other inject/ion/ing equipment/instrument/supplies , Pipes, other smoke/ing or inhal/ing/ation equipment or supplies, Other",-,-,-,"Non-sale distribution/delivery (ARCHIVE), Other","Sec. 18-620. - Drug parap,CRIMINAL OFFENSES (720 IL",furnish or transfer ,-,Civil (ARCHIVE),Sec. 18-620. - Drug parap,-,-,None,-,-,-,-,-,-,-,-,-,-,-,-,-,-,-,-,-,-,-,-,-,-,-,-,-,-,-,-,-,-,-,-,-,-,-,-,-,-,-,-,-,-,-,-,-,-,-,-,-,-,-,-,-,-,-
"Peoria, Peoria County, Illinois, United States",city,https://app.monqcle.com/org/cphlr/project/drug-paraphernalia-laws-1689792283/record/74504,DPL_2025_Consolidated,2022-12-31,2024-12-31,13,1,-,-,-,municode,-,-,-,https://library.municode.com/il/peoria/codes/code_of_ordinances?nodeId=CO_CH18LIMIBURE_ARTXIVTOALNIPR_DIV2LI_S18-620DRPA,-,-,-,06/10/2014,-,unknown date at bottom of ordinance,-,-,-,-,-,09/16/2025,-,-,-,"Known, current through date published in ordinance",-,-,-,State (ARCHIVE) ,-,-,-,1,Sec. 18-620. - Drug parap,-,-,720 ILCS 600/2 subparagraph (d)(5),-,-,-,"Syringes, hypodermic needles, other inject/ion/ing equipment/instrument/supplies , Pipes, other smoke/ing or inhal/ing/ation equipment or supplies, Other","Sec. 18-620. - Drug parap,CRIMINAL OFFENSES (720 IL",-,-,"Delivery, possession with intent to deliver/distribute, distribution, transfer, furnish, exchange (NEW)",Sec. 18-620. - Drug parap,-,-,Unspecified Fine (NEW),Sec. 18-620. - Drug parap,-,-,None,-,-,-,-,-,-,-,-,-,-,-,-,-,-,-,-,-,-,-,-,-,-,-,-,-,-,-,-,-,-,-,-,-,-,-,-,-,-,-,-,-,-,-,-,-,-,-,-,-,-,-,-,-,-,-
"Perris, Riverside County, California, 92571, United States",city,https://app.monqcle.com/org/cphlr/project/drug-paraphernalia-laws-1689792283/record/63987,DPL_2023_Consolidated,2022-12-31,2023-01-01,1,0,-,-,-,-,-,-,-,-,-,-,-,-,-,-,-,-,-,-,-,-,-,-,-,-,-,-,-,-,-,-,-,-,-,-,-,-,-,-,-,-,-,-,-,-,-,-,-,-,-,-,-,-,-,-,-,-,-,-,-,-,-,-,-,-,-,-,-,-,-,-,-,-,-,-,-,-,-,-,-,-,-,-,-,-,-,-,-,-,-,-,-,-,-,-,-,-,-,-,-,-,-,-,-,-,-,-,-
"Perris, Riverside County, California, 92571, United States",city,https://app.monqcle.com/org/cphlr/project/drug-paraphernalia-laws-1689792283/record/77100,DPL_2025_Consolidated,2022-12-31,2024-12-31,1,0,-,-,-,-,-,-,-,-,-,-,-,-,-,-,-,-,-,-,-,-,-,-,-,-,-,-,-,-,-,-,-,-,-,-,-,-,-,-,-,-,-,-,-,-,-,-,-,-,-,-,-,-,-,-,-,-,-,-,-,-,-,-,-,-,-,-,-,-,-,-,-,-,-,-,-,-,-,-,-,-,-,-,-,-,-,-,-,-,-,-,-,-,-,-,-,-,-,-,-,-,-,-,-,-,-,-,-
"Pharr, Hidalgo County, Texas, United States",city,https://app.monqcle.com/org/cphlr/project/drug-paraphernalia-laws-1689792283/record/77532,DPL_2025_Consolidated,2022-12-31,2024-12-31,12,1,-,-,-,Municode,-,-,-,https://library.municode.com/tx/pharr/codes/code_of_ordinances?nodeId=PTIICOOR_CH86OFMIPR_ARTVIIILSYCOSUREPA,-,-,-,08/19/2014,-,unknown date at bottom of ordinance,-,-,-,-,-,09/24/2025,-,-,-,"Known, current through date published in ordinance",-,-,-,Neither (ARCHIVE),-,-,-,0,-,-,-,-,-,-,-,"Syringes, hypodermic needles, other inject/ion/ing equipment/instrument/supplies , Pipes, other smoke/ing or inhal/ing/ation equipment or supplies, Drug test/ing or check/ing equipment or supplies, Other",ARTICLE VII. - ILLEGAL SY,-,-,"Sales, possession with intent to sell, offer for sale (NEW), Delivery, possession with intent to deliver/distribute, distribution, transfer, furnish, exchange (NEW), Give away, give, gift, free distribution (NEW), Possession, possession with intent to use, keep, Use, Advertising, display, Other",ARTICLE VII. - ILLEGAL SY,"purchase, barter",-,Unspecified Fine (NEW),Sec. 1-6. - General penal,-,-,"Syringes for approved medical use (i.e. diabetes) , Other paraphernalia for approved medical use, Public officials in the course of their duties, generally",ARTICLE VII. - ILLEGAL SY,-,-,-,-,-,-,-,-,-,-,-,-,-,-,-,-,-,-,-,-,-,-,-,-,-,-,-,-,-,-,-,-,-,-,-,-,-,-,-,-,-,-,-,-,-,-,-,-,-,-,-,-,-,-
"Pharr, Hidalgo County, Texas, United States",city,https://app.monqcle.com/org/cphlr/project/drug-paraphernalia-laws-1689792283/record/63955,DPL_2023_Consolidated,2022-12-31,2023-01-01,11,1,-,-,-,Municode,-,-,-,https://library.municode.com/tx/pharr/codes/code_of_ordinances?nodeId=PTIICOOR_CH86OFMIPR_ARTVIIILSYCOSUREPA,-,-,-,08/19/2014,-,unknown date at bottom of ordinance,-,-,-,-,-,09/19/2023,-,-,-,"Known, current through date published in ordinance",-,-,-,Neither (ARCHIVE),-,-,-,-,-,-,-,-,-,-,-,"Syringes, hypodermic needles, other inject/ion/ing equipment/instrument/supplies , Pipes, other smoke/ing or inhal/ing/ation equipment or supplies, Drug test/ing or check/ing equipment or supplies, Other",ARTICLE VII. - ILLEGAL SY,-,-,"Sales (ARCHIVE), Non-sale distribution/delivery (ARCHIVE), Possession, possession with intent to use, keep, Use, Other",ARTICLE VII. - ILLEGAL SY,"barter, give, display,",-,Criminal (ARCHIVE) ,-,-,-,"Syringes for approved medical use (i.e. diabetes) , Other paraphernalia for approved medical use, Public officials in the course of their duties, generally",ARTICLE VII. - ILLEGAL SY,-,-,-,-,-,-,-,-,-,-,-,-,-,-,-,-,-,-,-,-,-,-,-,-,-,-,-,-,-,-,-,-,-,-,-,-,-,-,-,-,-,-,-,-,-,-,-,-,-,-,-,-,-,-
"Philadelphia, Philadelphia County, Pennsylvania, United States",city,https://app.monqcle.com/org/cphlr/project/drug-paraphernalia-laws-1689792283/record/73730,DPL_2025_Consolidated,2022-12-31,2024-12-31,14,1,-,-,-,ALP,-,-,-,https://codelibrary.amlegal.com/codes/philadelphia/latest/philadelphia_pa/0-0-0-277517,-,-,-,12/21/2011,-,-,-,05/11/2012,-,-,-,09/11/2025,-,-,-,"Known, current through date published in ordinance",-,-,-,State (ARCHIVE) ,-,-,-,0,-,-,-,-,-,-,-,"Syringes, hypodermic needles, other inject/ion/ing equipment/instrument/supplies , Pipes, other smoke/ing or inhal/ing/ation equipment or supplies, Drug test/ing or check/ing equipment or supplies, Other",§ 9-629. Drug Paraphernal,-,-,"Sales, possession with intent to sell, offer for sale (NEW)",§ 9-629. Drug Paraphernal,-,-,Civil Fine (NEW),§ 9-629. Drug Paraphernal,-,-,"Paraphernalia for consumption of cannabis, generally or medical use (NEW)",(20)   Medical Marijuana ,-,-,-,-,-,-,-,-,-,-,Sales,-,-,-,-,-,-,-,-,-,-,-,-,-,-,-,-,-,-,-,-,-,-,-,-,-,-,-,-,-,-,-,-,-,-,-,-,-,-,-,-,-,-,-
"Philadelphia, Philadelphia County, Pennsylvania, United States",city,https://app.monqcle.com/org/cphlr/project/drug-paraphernalia-laws-1689792283/record/63983,DPL_2023_Consolidated,2022-12-31,2023-01-01,12,1,-,-,-,ALP,-,-,-,https://codelibrary.amlegal.com/codes/philadelphia/latest/philadelphia_pa/0-0-0-277517,-,-,-,12/21/2011,-,-,-,05/11/2012,-,-,-,09/20/2023,-,-,-,"Known, current through date published in ordinance",-,-,-,State (ARCHIVE) ,§ 9-629. Drug Paraphernal,-,-,-,-,-,-,-,-,-,-,"Syringes, hypodermic needles, other inject/ion/ing equipment/instrument/supplies , Pipes, other smoke/ing or inhal/ing/ation equipment or supplies, Drug test/ing or check/ing equipment or supplies, Other",§ 9-629. Drug Paraphernal,-,-,"Sales (ARCHIVE), Other",§ 9-629. Drug Paraphernal,"(2)   It shall be unlawful for any person, including any retail business, to sell or offer for sale within five hundred (500) feet of a school, recreation center, day care center, church, or community center any of the items identified in either subsection 9-622(5) or subsection 9-629(1), regardless of the intent as to use of the item.",-,Civil (ARCHIVE),§ 9-629. Drug Paraphernal,-,-,"Paraphernalia for consumption of cannabis, generally (ARCHIVE)",(20)   Medical Marijuana ,-,-,-,-,-,-,-,-,-,-,-,-,-,-,-,-,-,-,-,-,-,-,-,-,-,-,-,-,-,-,-,-,-,-,-,-,-,-,-,-,-,-,-,-,-,-,-,-,-,-,-,-,-,-
"Phoenix, Maricopa County, Arizona, United States",city,https://app.monqcle.com/org/cphlr/project/drug-paraphernalia-laws-1689792283/record/73729,DPL_2025_Consolidated,2022-12-31,2024-12-31,1,0,-,-,-,-,-,-,-,-,-,-,-,-,-,-,-,-,-,-,-,-,-,-,-,-,-,-,-,-,-,-,-,-,-,-,-,-,-,-,-,-,-,-,-,-,-,-,-,-,-,-,-,-,-,-,-,-,-,-,-,-,-,-,-,-,-,-,-,-,-,-,-,-,-,-,-,-,-,-,-,-,-,-,-,-,-,-,-,-,-,-,-,-,-,-,-,-,-,-,-,-,-,-,-,-,-,-,-
"Phoenix, Maricopa County, Arizona, United States",city,https://app.monqcle.com/org/cphlr/project/drug-paraphernalia-laws-1689792283/record/63903,DPL_2023_Consolidated,2022-12-31,2023-01-01,1,0,-,-,-,-,-,-,-,-,-,-,-,-,-,-,-,-,-,-,-,-,-,-,-,-,-,-,-,-,-,-,-,-,-,-,-,-,-,-,-,-,-,-,-,-,-,-,-,-,-,-,-,-,-,-,-,-,-,-,-,-,-,-,-,-,-,-,-,-,-,-,-,-,-,-,-,-,-,-,-,-,-,-,-,-,-,-,-,-,-,-,-,-,-,-,-,-,-,-,-,-,-,-,-,-,-,-,-
"Pittsburgh, Allegheny County, Pennsylvania, United States",city,https://app.monqcle.com/org/cphlr/project/drug-paraphernalia-laws-1689792283/record/63580,DPL_2023_Consolidated,2022-12-31,2023-01-01,1,0,-,-,-,-,-,-,-,-,-,-,-,-,-,-,-,-,-,-,-,-,-,-,-,-,-,-,-,-,-,-,-,-,-,-,-,-,-,-,-,-,-,-,-,-,-,-,-,-,-,-,-,-,-,-,-,-,-,-,-,-,-,-,-,-,-,-,-,-,-,-,-,-,-,-,-,-,-,-,-,-,-,-,-,-,-,-,-,-,-,-,-,-,-,-,-,-,-,-,-,-,-,-,-,-,-,-,-
"Pittsburgh, Allegheny County, Pennsylvania, United States",city,https://app.monqcle.com/org/cphlr/project/drug-paraphernalia-laws-1689792283/record/74919,DPL_2025_Consolidated,2022-12-31,2024-12-31,1,0,-,-,-,-,-,-,-,-,-,-,-,-,-,-,-,-,-,-,-,-,-,-,-,-,-,-,-,-,-,-,-,-,-,-,-,-,-,-,-,-,-,-,-,-,-,-,-,-,-,-,-,-,-,-,-,-,-,-,-,-,-,-,-,-,-,-,-,-,-,-,-,-,-,-,-,-,-,-,-,-,-,-,-,-,-,-,-,-,-,-,-,-,-,-,-,-,-,-,-,-,-,-,-,-,-,-,-
"Plano, Collin County, Texas, United States",city,https://app.monqcle.com/org/cphlr/project/drug-paraphernalia-laws-1689792283/record/62888,DPL_2023_Consolidated,2022-12-31,2023-01-01,11,1,-,-,-,Municode ,-,-,-,https://library.municode.com/tx/plano/codes/code_of_ordinances?nodeId=PTIICOOR_CH14OFIS_ARTXILSMPRINDE_S14-124DE,-,-,-,07/26/2010,-,-,-,-,-,-,-,09/20/2023,-,-,-,"Known, current through date published in ordinance",-,-,-,State (ARCHIVE) ,-,-,-,-,-,-,-,-,-,-,-,"Syringes, hypodermic needles, other inject/ion/ing equipment/instrument/supplies , Pipes, other smoke/ing or inhal/ing/ation equipment or supplies, Other",-,"paraphernalia only prohibited when used for ""illegal smoking material"" defined as:
any plant or other substance, whether described as tobacco, herbs, incense, spice or any blend thereof, regardless of whether the substance is marketed for the purpose of being smoked that contains Salvinorin A contained within the Salvia Divinorum plant, whether growing or not; or possessed as an extract, compound, manufacture, derivative, mixture, or preparation of such plant.",-,"Possession, possession with intent to use, keep, Use",ARTICLE X. - ILLEGAL SMOK,-,-,Criminal (ARCHIVE) ,-,-,-,None,-,-,-,-,-,-,-,-,-,-,-,-,-,-,-,-,-,-,-,-,-,-,-,-,-,-,-,-,-,-,-,-,-,-,-,-,-,-,-,-,-,-,-,-,-,-,-,-,-,-,-,-,-,-,-
"Plano, Collin County, Texas, United States",city,https://app.monqcle.com/org/cphlr/project/drug-paraphernalia-laws-1689792283/record/74969,DPL_2025_Consolidated,2022-12-31,2024-12-31,12,1,-,-,-,Municode ,-,-,-,https://library.municode.com/tx/plano/codes/code_of_ordinances?nodeId=PTIICOOR_CH14OFIS_ARTXILSMPRINDE_S14-124DE,-,-,-,07/26/2010,-,-,-,-,-,-,-,09/17/2025,-,-,-,"Known, current through date published in ordinance",-,-,-,State (ARCHIVE) ,-,-,-,0,-,-,-,-,-,-,-,"Syringes, hypodermic needles, other inject/ion/ing equipment/instrument/supplies , Pipes, other smoke/ing or inhal/ing/ation equipment or supplies, Other",ARTICLE X. - ILLEGAL SMOK,"paraphernalia only prohibited when used for ""illegal smoking material"" defined as: any plant or other substance, whether described as tobacco, herbs, incense, spice or any blend thereof, regardless of whether the substance is marketed for the purpose of being smoked that contains Salvinorin A contained within the Salvia Divinorum plant, whether growing or not; or possessed as an extract, compound, manufacture, derivative, mixture, or preparation of such plant.",-,"Possession, possession with intent to use, keep, Use",ARTICLE X. - ILLEGAL SMOK,-,-,Unspecified Fine (NEW),ARTICLE X. - ILLEGAL SMOK,-,-,None,-,-,-,-,-,-,-,-,-,-,-,-,-,-,-,-,-,-,-,-,-,-,-,-,-,-,-,-,-,-,-,-,-,-,-,-,-,-,-,-,-,-,-,-,-,-,-,-,-,-,-,-,-,-,-
"Plantation, Broward County, Florida, United States",city,https://app.monqcle.com/org/cphlr/project/drug-paraphernalia-laws-1689792283/record/62794,DPL_2023_Consolidated,2022-12-31,2023-01-01,1,0,-,-,-,-,-,-,-,-,-,-,-,-,-,-,-,-,-,-,-,-,-,-,-,-,-,-,-,-,-,-,-,-,-,-,-,-,-,-,-,-,-,-,-,-,-,-,-,-,-,-,-,-,-,-,-,-,-,-,-,-,-,-,-,-,-,-,-,-,-,-,-,-,-,-,-,-,-,-,-,-,-,-,-,-,-,-,-,-,-,-,-,-,-,-,-,-,-,-,-,-,-,-,-,-,-,-,-
"Plantation, Broward County, Florida, United States",city,https://app.monqcle.com/org/cphlr/project/drug-paraphernalia-laws-1689792283/record/77014,DPL_2025_Consolidated,2022-12-31,2024-12-31,1,0,-,-,-,-,-,-,-,-,-,-,-,-,-,-,-,-,-,-,-,-,-,-,-,-,-,-,-,-,-,-,-,-,-,-,-,-,-,-,-,-,-,-,-,-,-,-,-,-,-,-,-,-,-,-,-,-,-,-,-,-,-,-,-,-,-,-,-,-,-,-,-,-,-,-,-,-,-,-,-,-,-,-,-,-,-,-,-,-,-,-,-,-,-,-,-,-,-,-,-,-,-,-,-,-,-,-,-
"Pleasanton, Alameda County, California, United States",city,https://app.monqcle.com/org/cphlr/project/drug-paraphernalia-laws-1689792283/record/63008,DPL_2023_Consolidated,2022-12-31,2023-01-01,1,0,-,-,-,-,-,-,-,-,-,-,-,-,-,-,-,-,-,-,-,-,-,-,-,-,-,-,-,-,-,-,-,-,-,-,-,-,-,-,-,-,-,-,-,-,-,-,-,-,-,-,-,-,-,-,-,-,-,-,-,-,-,-,-,-,-,-,-,-,-,-,-,-,-,-,-,-,-,-,-,-,-,-,-,-,-,-,-,-,-,-,-,-,-,-,-,-,-,-,-,-,-,-,-,-,-,-,-
"Pleasanton, Alameda County, California, United States",city,https://app.monqcle.com/org/cphlr/project/drug-paraphernalia-laws-1689792283/record/77441,DPL_2025_Consolidated,2022-12-31,2024-12-31,1,0,-,-,-,-,-,-,-,-,-,-,-,-,-,-,-,-,-,-,-,-,-,-,-,-,-,-,-,-,-,-,-,-,-,-,-,-,-,-,-,-,-,-,-,-,-,-,-,-,-,-,-,-,-,-,-,-,-,-,-,-,-,-,-,-,-,-,-,-,-,-,-,-,-,-,-,-,-,-,-,-,-,-,-,-,-,-,-,-,-,-,-,-,-,-,-,-,-,-,-,-,-,-,-,-,-,-,-
"Plymouth, Hennepin County, Minnesota, United States",city,https://app.monqcle.com/org/cphlr/project/drug-paraphernalia-laws-1689792283/record/77462,DPL_2025_Consolidated,2022-12-31,2024-12-31,1,0,-,-,-,-,-,-,-,-,-,-,-,-,-,-,-,-,-,-,-,-,-,-,-,-,-,-,-,-,-,-,-,-,-,-,-,-,-,-,-,-,-,-,-,-,-,-,-,-,-,-,-,-,-,-,-,-,-,-,-,-,-,-,-,-,-,-,-,-,-,-,-,-,-,-,-,-,-,-,-,-,-,-,-,-,-,-,-,-,-,-,-,-,-,-,-,-,-,-,-,-,-,-,-,-,-,-,-
"Plymouth, Hennepin County, Minnesota, United States",city,https://app.monqcle.com/org/cphlr/project/drug-paraphernalia-laws-1689792283/record/63630,DPL_2023_Consolidated ,2022-12-31,2023-01-01,1,0,-,-,-,-,-,-,-,-,-,-,-,-,-,-,-,-,-,-,-,-,-,-,-,-,-,-,-,-,-,-,-,-,-,-,-,-,-,-,-,-,-,-,-,-,-,-,-,-,-,-,-,-,-,-,-,-,-,-,-,-,-,-,-,-,-,-,-,-,-,-,-,-,-,-,-,-,-,-,-,-,-,-,-,-,-,-,-,-,-,-,-,-,-,-,-,-,-,-,-,-,-,-,-,-,-,-,-
"Pomona, Los Angeles County, California, United States",city,https://app.monqcle.com/org/cphlr/project/drug-paraphernalia-laws-1689792283/record/63520,DPL_2023_Consolidated,2022-12-31,2023-01-01,1,0,-,-,-,-,-,-,-,-,-,-,-,-,-,-,-,-,-,-,-,-,-,-,-,-,-,-,-,-,-,-,-,-,-,-,-,-,-,-,-,-,-,-,-,-,-,-,-,-,-,-,-,-,-,-,-,-,-,-,-,-,-,-,-,-,-,-,-,-,-,-,-,-,-,-,-,-,-,-,-,-,-,-,-,-,-,-,-,-,-,-,-,-,-,-,-,-,-,-,-,-,-,-,-,-,-,-,-
"Pomona, Los Angeles County, California, United States",city,https://app.monqcle.com/org/cphlr/project/drug-paraphernalia-laws-1689792283/record/75643,DPL_2025_Consolidated,2022-12-31,2024-12-31,1,0,-,-,-,-,-,-,-,-,-,-,-,-,-,-,-,-,-,-,-,-,-,-,-,-,-,-,-,-,-,-,-,-,-,-,-,-,-,-,-,-,-,-,-,-,-,-,-,-,-,-,-,-,-,-,-,-,-,-,-,-,-,-,-,-,-,-,-,-,-,-,-,-,-,-,-,-,-,-,-,-,-,-,-,-,-,-,-,-,-,-,-,-,-,-,-,-,-,-,-,-,-,-,-,-,-,-,-
"Pompano Beach, Broward County, Florida, United States",city,https://app.monqcle.com/org/cphlr/project/drug-paraphernalia-laws-1689792283/record/63462,DPL_2023_Consolidated,2022-12-31,2023-01-01,1,0,-,-,-,-,-,-,-,-,-,-,-,-,-,-,-,-,-,-,-,-,-,-,-,-,-,-,-,-,-,-,-,-,-,-,-,-,-,-,-,-,-,-,-,-,-,-,-,-,-,-,-,-,-,-,-,-,-,-,-,-,-,-,-,-,-,-,-,-,-,-,-,-,-,-,-,-,-,-,-,-,-,-,-,-,-,-,-,-,-,-,-,-,-,-,-,-,-,-,-,-,-,-,-,-,-,-,-
"Pompano Beach, Broward County, Florida, United States",city,https://app.monqcle.com/org/cphlr/project/drug-paraphernalia-laws-1689792283/record/76120,DPL_2025_Consolidated,2022-12-31,2024-12-31,1,0,-,-,-,-,-,-,-,-,-,-,-,-,-,-,-,-,-,-,-,-,-,-,-,-,-,-,-,-,-,-,-,-,-,-,-,-,-,-,-,-,-,-,-,-,-,-,-,-,-,-,-,-,-,-,-,-,-,-,-,-,-,-,-,-,-,-,-,-,-,-,-,-,-,-,-,-,-,-,-,-,-,-,-,-,-,-,-,-,-,-,-,-,-,-,-,-,-,-,-,-,-,-,-,-,-,-,-
"Portland, Cumberland County, Maine, United States",city,https://app.monqcle.com/org/cphlr/project/drug-paraphernalia-laws-1689792283/record/62718,DPL_2023_Consolidated,2022-12-31,2023-01-01,1,0,-,-,-,-,-,-,-,-,-,-,-,-,-,-,-,-,-,-,-,-,-,-,-,-,-,-,-,-,-,-,-,-,-,-,-,-,-,-,-,-,-,-,-,-,-,-,-,-,-,-,-,-,-,-,-,-,-,-,-,-,-,-,-,-,-,-,-,-,-,-,-,-,-,-,-,-,-,-,-,-,-,-,-,-,-,-,-,-,-,-,-,-,-,-,-,-,-,-,-,-,-,-,-,-,-,-,-
"Portland, Cumberland County, Maine, United States",city,https://app.monqcle.com/org/cphlr/project/drug-paraphernalia-laws-1689792283/record/77359,DPL_2025_Consolidated,2022-12-31,2024-12-31,1,0,-,-,-,-,-,-,-,-,-,-,-,-,-,-,-,-,-,-,-,-,-,-,-,-,-,-,-,-,-,-,-,-,-,-,-,-,-,-,-,-,-,-,-,-,-,-,-,-,-,-,-,-,-,-,-,-,-,-,-,-,-,-,-,-,-,-,-,-,-,-,-,-,-,-,-,-,-,-,-,-,-,-,-,-,-,-,-,-,-,-,-,-,-,-,-,-,-,-,-,-,-,-,-,-,-,-,-
"Portland, Multnomah County, Oregon, United States",city,https://app.monqcle.com/org/cphlr/project/drug-paraphernalia-laws-1689792283/record/62761,DPL_2023_Consolidated,2022-12-31,2023-01-01,1,0,-,-,-,-,-,-,-,-,-,-,-,-,-,-,-,-,-,-,-,-,-,-,-,-,-,-,-,-,-,-,-,-,-,-,-,-,-,-,-,-,-,-,-,-,-,-,-,-,-,-,-,-,-,-,-,-,-,-,-,-,-,-,-,-,-,-,-,-,-,-,-,-,-,-,-,-,-,-,-,-,-,-,-,-,-,-,-,-,-,-,-,-,-,-,-,-,-,-,-,-,-,-,-,-,-,-,-
"Portland, Multnomah County, Oregon, United States",city,https://app.monqcle.com/org/cphlr/project/drug-paraphernalia-laws-1689792283/record/74902,DPL_2025_Consolidated,2022-12-31,2024-12-31,1,0,-,-,-,-,-,-,-,-,-,-,-,-,-,-,-,-,-,-,-,-,-,-,-,-,-,-,-,-,-,-,-,-,-,-,-,-,-,-,-,-,-,-,-,-,-,-,-,-,-,-,-,-,-,-,-,-,-,-,-,-,-,-,-,-,-,-,-,-,-,-,-,-,-,-,-,-,-,-,-,-,-,-,-,-,-,-,-,-,-,-,-,-,-,-,-,-,-,-,-,-,-,-,-,-,-,-,-
"Port Saint Lucie, Florida, United States",county,https://app.monqcle.com/org/cphlr/project/drug-paraphernalia-laws-1689792283/record/75652,DPL_2025_Consolidated,2022-12-31,2024-12-31,14,1,-,-,-,Municode,-,-,-,https://library.municode.com/fl/port_st._lucie/codes/code_of_ordinances?nodeId=TITXIBURE_CH110ALBESADRPA_ARTIIIDRPA,-,-,-,08/14/2017,-,-,-,-,-,-,-,08/27/2025,-,-,-,"Known, current through date published in ordinance",-,-,-,State (ARCHIVE) ,-,-,-,1,-,-,-,"Section 381.986, Florida Statutes",Article III. - DRUG PARAP,-,-,"Syringes, hypodermic needles, other inject/ion/ing equipment/instrument/supplies , Pipes, other smoke/ing or inhal/ing/ation equipment or supplies, Drug test/ing or check/ing equipment or supplies, Other",Article III. - DRUG PARAP,-,-,"Sales, possession with intent to sell, offer for sale (NEW), Delivery, possession with intent to deliver/distribute, distribution, transfer, furnish, exchange (NEW), Possession, possession with intent to use, keep, Use, Advertising, display, Manufacturing, manufacture with intent to deliver or sell","Article III. - DRUG PARAP,Article III. - DRUG PARAP",-,-,"Misdemeanor (NEW), Felony (NEW), Unspecified Fine (NEW), Incarceration (NEW)","Article III. - DRUG PARAP,Article III. - DRUG PARAP,Article III. - DRUG PARAP",-,-,"Syringes for approved medical use (i.e. diabetes) , Paraphernalia for consumption of cannabis, generally or medical use (NEW)","Article III. - DRUG PARAP,Article III. - DRUG PARAP,Article III. - DRUG PARAP",-,-,-,-,-,-,-,-,-,-,"Possession, Use, Distribution, Sales, Other",-,advertising,-,-,-,-,-,-,-,-,-,-,-,-,-,-,-,-,-,-,-,-,-,-,-,-,-,-,-,-,-,-,-,-,-,-,-,-,-,-,-,-,-
"Port Saint Lucie, Florida, United States",county,https://app.monqcle.com/org/cphlr/project/drug-paraphernalia-laws-1689792283/record/64062,DPL_2023_Consolidated,2022-12-31,2023-01-01,11,1,-,-,-,Municode,-,-,-,https://library.municode.com/fl/port_st._lucie/codes/code_of_ordinances?nodeId=TITXIBURE_CH110ALBESADRPA_ARTIIIDRPA,-,-,-,08/14/2017,-,-,-,-,-,-,-,08/21/2023,-,-,-,"Known, current through date published in ordinance",-,-,-,State (ARCHIVE) ,Article III. - DRUG PARAP,-,-,-,-,-,-,-,-,-,-,"Syringes, hypodermic needles, other inject/ion/ing equipment/instrument/supplies , Pipes, other smoke/ing or inhal/ing/ation equipment or supplies, Drug test/ing or check/ing equipment or supplies, Other",Article III. - DRUG PARAP,-,-,"Sales (ARCHIVE), Non-sale distribution/delivery (ARCHIVE), Possession, possession with intent to use, keep, Use, Advertising, display, Manufacturing, manufacture with intent to deliver or sell, Other","Article III. - DRUG PARAP,Article III. - DRUG PARAP,Article III. - DRUG PARAP,Article III. - DRUG PARAP,Article III. - DRUG PARAP","transportation, display, delivery to a minor",-,Criminal (ARCHIVE) ,"Article III. - DRUG PARAP,Article III. - DRUG PARAP,Article III. - DRUG PARAP",-,-,"Other paraphernalia for approved medical use, Professionals acting in their course of business [e.g. pharmacists, physicians, manufacturers]","Article III. - DRUG PARAP,Article III. - DRUG PARAP,Article III. - DRUG PARAP,Article III. - DRUG PARAP",-,-,-,-,-,-,-,-,-,-,-,-,-,-,-,-,-,-,-,-,-,-,-,-,-,-,-,-,-,-,-,-,-,-,-,-,-,-,-,-,-,-,-,-,-,-,-,-,-,-,-,-,-,-
"Portsmouth, Virginia, United States",city,https://app.monqcle.com/org/cphlr/project/drug-paraphernalia-laws-1689792283/record/62682,DPL_2023_Consolidated,2022-12-31,2023-01-01,1,0,-,-,-,-,-,-,-,-,-,-,-,-,-,-,-,-,-,-,-,-,-,-,-,-,-,-,-,-,-,-,-,-,-,-,-,-,-,-,-,-,-,-,-,-,-,-,-,-,-,-,-,-,-,-,-,-,-,-,-,-,-,-,-,-,-,-,-,-,-,-,-,-,-,-,-,-,-,-,-,-,-,-,-,-,-,-,-,-,-,-,-,-,-,-,-,-,-,-,-,-,-,-,-,-,-,-,-
"Portsmouth, Virginia, United States",city,https://app.monqcle.com/org/cphlr/project/drug-paraphernalia-laws-1689792283/record/76998,DPL_2025_Consolidated,2022-12-31,2024-12-31,1,0,-,-,-,-,-,-,-,-,-,-,-,-,-,-,-,-,-,-,-,-,-,-,-,-,-,-,-,-,-,-,-,-,-,-,-,-,-,-,-,-,-,-,-,-,-,-,-,-,-,-,-,-,-,-,-,-,-,-,-,-,-,-,-,-,-,-,-,-,-,-,-,-,-,-,-,-,-,-,-,-,-,-,-,-,-,-,-,-,-,-,-,-,-,-,-,-,-,-,-,-,-,-,-,-,-,-,-
"Providence, Providence County, Rhode Island, United States",city,https://app.monqcle.com/org/cphlr/project/drug-paraphernalia-laws-1689792283/record/62782,DPL_2023_Consolidated,2022-12-31,2023-01-01,1,0,-,-,-,-,-,-,-,-,-,-,-,-,-,-,-,-,-,-,-,-,-,-,-,-,-,-,-,-,-,-,-,-,-,-,-,-,-,-,-,-,-,-,-,-,-,-,-,-,-,-,-,-,-,-,-,-,-,-,-,-,-,-,-,-,-,-,-,-,-,-,-,-,-,-,-,-,-,-,-,-,-,-,-,-,-,-,-,-,-,-,-,-,-,-,-,-,-,-,-,-,-,-,-,-,-,-,-
"Providence, Providence County, Rhode Island, United States",city,https://app.monqcle.com/org/cphlr/project/drug-paraphernalia-laws-1689792283/record/75311,DPL_2025_Consolidated,2022-12-31,2024-12-31,1,0,-,-,-,-,-,-,-,-,-,-,-,-,-,-,-,-,-,-,-,-,-,-,-,-,-,-,-,-,-,-,-,-,-,-,-,-,-,-,-,-,-,-,-,-,-,-,-,-,-,-,-,-,-,-,-,-,-,-,-,-,-,-,-,-,-,-,-,-,-,-,-,-,-,-,-,-,-,-,-,-,-,-,-,-,-,-,-,-,-,-,-,-,-,-,-,-,-,-,-,-,-,-,-,-,-,-,-
"Provo, Utah County, Utah, United States",city,https://app.monqcle.com/org/cphlr/project/drug-paraphernalia-laws-1689792283/record/76214,DPL_2025_Consolidated,2022-12-31,2024-12-31,1,0,-,-,-,-,-,-,-,-,-,-,-,-,-,-,-,-,-,-,-,-,-,-,-,-,-,-,-,-,-,-,-,-,-,-,-,-,-,-,-,-,-,-,-,-,-,-,-,-,-,-,-,-,-,-,-,-,-,-,-,-,-,-,-,-,-,-,-,-,-,-,-,-,-,-,-,-,-,-,-,-,-,-,-,-,-,-,-,-,-,-,-,-,-,-,-,-,-,-,-,-,-,-,-,-,-,-,-
"Provo, Utah County, Utah, United States",city,https://app.monqcle.com/org/cphlr/project/drug-paraphernalia-laws-1689792283/record/63192,DPL_2023_Consolidated,2022-12-31,2023-01-01,1,0,-,-,-,-,-,-,-,-,-,-,-,-,-,-,-,-,-,-,-,-,-,-,-,-,-,-,-,-,-,-,-,-,-,-,-,-,-,-,-,-,-,-,-,-,-,-,-,-,-,-,-,-,-,-,-,-,-,-,-,-,-,-,-,-,-,-,-,-,-,-,-,-,-,-,-,-,-,-,-,-,-,-,-,-,-,-,-,-,-,-,-,-,-,-,-,-,-,-,-,-,-,-,-,-,-,-,-
"Pueblo, Pueblo County, Colorado, United States",city,https://app.monqcle.com/org/cphlr/project/drug-paraphernalia-laws-1689792283/record/76289,DPL_2025_Consolidated,2022-12-31,2024-12-31,13,1,-,-,-,Municode,-,-,-,https://library.municode.com/co/pueblo/codes/code_of_ordinances?nodeId=TITXIPORE_CH1GEOFCO_ARTVIMIOF_S11-1-609PODRPA,-,-,-,05/28/2013,-,unknown date at bottom of ordinance,-,-,-,-,-,10/07/2025,-,-,-,"Known, current through date published in ordinance",-,-,-,State (ARCHIVE) ,-,-,-,0,-,-,-,-,-,-,-,"Syringes, hypodermic needles, other inject/ion/ing equipment/instrument/supplies , Pipes, other smoke/ing or inhal/ing/ation equipment or supplies, Drug test/ing or check/ing equipment or supplies, Other",Sec. 11-1-609. - Possessi,-,-,"Possession, possession with intent to use, keep",Sec. 11-1-609. - Possessi,-,-,Unspecified Fine (NEW),"Sec. 11-1-609. - Possessi,CHAPTER 2 - Penalties Sec",-,-,"Paraphernalia for consumption of cannabis, generally or medical use (NEW)",Sec. 11-1-609. - Possessi,-,-,-,-,-,-,-,-,-,-,Possession,-,-,-,-,-,-,-,-,-,-,-,-,-,-,-,-,-,-,-,-,-,-,-,-,-,-,-,-,-,-,-,-,-,-,-,-,-,-,-,-,-,-,-
"Pueblo, Pueblo County, Colorado, United States",city,https://app.monqcle.com/org/cphlr/project/drug-paraphernalia-laws-1689792283/record/63917,DPL_2023_Consolidated,2022-12-31,2023-01-01,11,1,-,-,-,Municode,-,-,-,https://library.municode.com/co/pueblo/codes/code_of_ordinances?nodeId=TITXIPORE_CH1GEOFCO_ARTVIMIOF_S11-1-609PODRPA,-,-,-,05/28/2013,-,unknown date at bottom of ordinance,-,-,-,-,-,11/13/2023,-,-,-,"Known, current through date published in ordinance",-,-,-,State (ARCHIVE) ,Sec. 11-1-609. - Possessi,-,-,-,-,-,-,-,-,-,-,"Syringes, hypodermic needles, other inject/ion/ing equipment/instrument/supplies , Pipes, other smoke/ing or inhal/ing/ation equipment or supplies, Drug test/ing or check/ing equipment or supplies, Other",Sec. 11-1-609. - Possessi,-,-,"Possession, possession with intent to use, keep",Sec. 11-1-609. - Possessi,-,-,Criminal (ARCHIVE) ,Sec. 11-1-609. - Possessi,-,-,"Paraphernalia for consumption of cannabis, generally (ARCHIVE)",Sec. 11-1-609. - Possessi,only for 21+,-,-,-,-,-,-,-,-,-,-,-,-,-,-,-,-,-,-,-,-,-,-,-,-,-,-,-,-,-,-,-,-,-,-,-,-,-,-,-,-,-,-,-,-,-,-,-,-,-,-,-,-,-
"Racine, Racine County, Wisconsin, United States",city,https://app.monqcle.com/org/cphlr/project/drug-paraphernalia-laws-1689792283/record/64177,DPL_2023_Consolidated,2022-12-31,2023-01-01,11,1,-,-,-,Municode,-,-,-,https://library.municode.com/wi/racine/codes/code_of_ordinances?nodeId=PTIIMUCO_CH66OF_ARTXMADRPA,-,-,-,11/08/2006,-,unknown date at bottom of ordinance ,-,-,-,-,-,09/19/2023,-,-,-,"Known, current through date published in ordinance",-,-,-,State (ARCHIVE) ,DIVISION 3. - PARAPHERNAL,-,-,-,-,-,-,-,-,-,-,"Pipes, other smoke/ing or inhal/ing/ation equipment or supplies, Drug test/ing or check/ing equipment or supplies, Other",DIVISION 3. - PARAPHERNAL,-,-,"Non-sale distribution/delivery (ARCHIVE), Possession, possession with intent to use, keep, Use, Advertising, display, Manufacturing, manufacture with intent to deliver or sell","DIVISION 3. - PARAPHERNAL,DIVISION 3. - PARAPHERNAL,DIVISION 3. - PARAPHERNAL",-,-,Criminal (ARCHIVE) ,"DIVISION 3. - PARAPHERNAL,DIVISION 3. - PARAPHERNAL",-,-,"Syringes, generally",DIVISION 3. - PARAPHERNAL,-,-,-,-,-,-,-,-,-,-,-,-,-,-,-,-,-,-,-,-,-,-,-,-,-,-,-,-,-,-,-,-,-,-,-,-,-,-,-,-,-,-,-,-,-,-,-,-,-,-,-,-,-,-
"Racine, Racine County, Wisconsin, United States",city,https://app.monqcle.com/org/cphlr/project/drug-paraphernalia-laws-1689792283/record/77537,DPL_2025_Consolidated,2022-12-31,2024-12-31,13,1,-,-,-,Municode,-,-,-,https://library.municode.com/wi/racine/codes/code_of_ordinances?nodeId=PTIIMUCO_CH66OF_ARTXMADRPA,-,-,-,11/08/2006,-,unknown date at bottom of ordinance ,-,-,-,-,-,09/10/2025,-,-,-,"Known, current through date published in ordinance",-,-,-,State (ARCHIVE) ,-,-,-,0,-,-,-,-,-,-,-,"Syringes, hypodermic needles, other inject/ion/ing equipment/instrument/supplies , Pipes, other smoke/ing or inhal/ing/ation equipment or supplies, Drug test/ing or check/ing equipment or supplies, Other",DIVISION 3. - PARAPHERNAL,-,-,"Delivery, possession with intent to deliver/distribute, distribution, transfer, furnish, exchange (NEW), Possession, possession with intent to use, keep, Use, Advertising, display, Manufacturing, manufacture with intent to deliver or sell","DIVISION 3. - PARAPHERNAL,DIVISION 3. - PARAPHERNAL,DIVISION 3. - PARAPHERNAL",-,-,"Unspecified Fine (NEW), Incarceration (NEW)","DIVISION 3. - PARAPHERNAL,DIVISION 3. - PARAPHERNAL",-,-,"Syringes, generally",DIVISION 3. - PARAPHERNAL,-,-,"Possession, Use, Distribution, Other",-,"Manufacturing, Advertising",-,-,-,-,-,-,-,-,-,-,-,-,-,-,-,-,-,-,-,-,-,-,-,-,-,-,-,-,-,-,-,-,-,-,-,-,-,-,-,-,-,-,-,-,-,-,-,-,-
"Raleigh, Wake County, North Carolina, United States",city,https://app.monqcle.com/org/cphlr/project/drug-paraphernalia-laws-1689792283/record/63402,DPL_2023_Consolidated,2022-12-31,2023-01-01,11,1,-,-,-,Municode,-,-,-,https://library.municode.com/nc/raleigh/codes/code_of_ordinances?nodeId=DIVIICOGEOR_PT13OF_CH3OFAGHEWEMO_S13-3018SADRSTINILDRUS,-,-,-,11/20/2007,-,Unknown date at bottom of ordinance,-,-,-,-,-,06/06/2023,-,-,-,"Known, current through date published in ordinance",-,-,-,State (ARCHIVE) ,Sec. 13-3018. - SALE OF D,-,-,-,-,-,-,-,-,-,-,"Pipes, other smoke/ing or inhal/ing/ation equipment or supplies",Sec. 13-3018. - SALE OF D,"A drug stem is further defined as a two (2) to six (6) inch long tube, one-eighth (⅛) inch to three-quarter (¾) inch in diameter made of glass, metal, ceramic or any other material",-,Sales (ARCHIVE),Sec. 13-3018. - SALE OF D,-,-,"Civil (ARCHIVE), Criminal (ARCHIVE) ",Sec. 14-1005. - CRIMINAL ,-,-,None,-,-,-,-,-,-,-,-,-,-,-,-,-,-,-,-,-,-,-,-,-,-,-,-,-,-,-,-,-,-,-,-,-,-,-,-,-,-,-,-,-,-,-,-,-,-,-,-,-,-,-,-,-,-,-
"Raleigh, Wake County, North Carolina, United States",city,https://app.monqcle.com/org/cphlr/project/drug-paraphernalia-laws-1689792283/record/74954,DPL_2025_Consolidated,2022-12-31,2024-12-31,12,1,-,-,-,Municode,-,-,-,https://library.municode.com/nc/raleigh/codes/code_of_ordinances?nodeId=DIVIICOGEOR_PT13OF_CH3OFAGHEWEMO_S13-3018SADRSTINILDRUS,-,-,-,11/20/2007,-,Unknown date at bottom of ordinance,-,-,-,-,-,09/11/2025,-,-,-,"Known, current through date published in ordinance",-,-,-,State (ARCHIVE) ,-,-,-,0,-,-,-,-,-,-,-,"Pipes, other smoke/ing or inhal/ing/ation equipment or supplies",Sec. 13-3018. - SALE OF D,-,-,"Sales, possession with intent to sell, offer for sale (NEW)",Sec. 13-3018. - SALE OF D,-,-,"Misdemeanor (NEW), Civil Fine (NEW), Unspecified Fine (NEW), Incarceration (NEW)",Sec. 14-1005. - CRIMINAL ,-,-,None,-,-,-,-,-,-,-,-,-,-,-,-,-,-,-,-,-,-,-,-,-,-,-,-,-,-,-,-,-,-,-,-,-,-,-,-,-,-,-,-,-,-,-,-,-,-,-,-,-,-,-,-,-,-,-
"Rancho Cucamonga, San Bernardino County, California, United States",city,https://app.monqcle.com/org/cphlr/project/drug-paraphernalia-laws-1689792283/record/64084,DPL_2023_Consolidated,2022-12-31,2023-01-01,1,0,-,-,-,-,-,-,-,-,-,-,-,-,-,-,-,-,-,-,-,-,-,-,-,-,-,-,-,-,-,-,-,-,-,-,-,-,-,-,-,-,-,-,-,-,-,-,-,-,-,-,-,-,-,-,-,-,-,-,-,-,-,-,-,-,-,-,-,-,-,-,-,-,-,-,-,-,-,-,-,-,-,-,-,-,-,-,-,-,-,-,-,-,-,-,-,-,-,-,-,-,-,-,-,-,-,-,-
"Rancho Cucamonga, San Bernardino County, California, United States",city,https://app.monqcle.com/org/cphlr/project/drug-paraphernalia-laws-1689792283/record/75299,DPL_2025_Consolidated,2022-12-31,2024-12-31,1,0,-,-,-,-,-,-,-,-,-,-,-,-,-,-,-,-,-,-,-,-,-,-,-,-,-,-,-,-,-,-,-,-,-,-,-,-,-,-,-,-,-,-,-,-,-,-,-,-,-,-,-,-,-,-,-,-,-,-,-,-,-,-,-,-,-,-,-,-,-,-,-,-,-,-,-,-,-,-,-,-,-,-,-,-,-,-,-,-,-,-,-,-,-,-,-,-,-,-,-,-,-,-,-,-,-,-,-
"Rapid City, Pennington County, South Dakota, United States",city,https://app.monqcle.com/org/cphlr/project/drug-paraphernalia-laws-1689792283/record/63105,DPL_2023_Consolidated,2022-12-31,2023-01-01,1,0,-,-,-,-,-,-,-,-,-,-,-,-,-,-,-,-,-,-,-,-,-,-,-,-,-,-,-,-,-,-,-,-,-,-,-,-,-,-,-,-,-,-,-,-,-,-,-,-,-,-,-,-,-,-,-,-,-,-,-,-,-,-,-,-,-,-,-,-,-,-,-,-,-,-,-,-,-,-,-,-,-,-,-,-,-,-,-,-,-,-,-,-,-,-,-,-,-,-,-,-,-,-,-,-,-,-,-
"Rapid City, Pennington County, South Dakota, United States",city,https://app.monqcle.com/org/cphlr/project/drug-paraphernalia-laws-1689792283/record/77128,DPL_2025_Consolidated,2022-12-31,2024-12-31,1,0,-,-,-,-,-,-,-,-,-,-,-,-,-,-,-,-,-,-,-,-,-,-,-,-,-,-,-,-,-,-,-,-,-,-,-,-,-,-,-,-,-,-,-,-,-,-,-,-,-,-,-,-,-,-,-,-,-,-,-,-,-,-,-,-,-,-,-,-,-,-,-,-,-,-,-,-,-,-,-,-,-,-,-,-,-,-,-,-,-,-,-,-,-,-,-,-,-,-,-,-,-,-,-,-,-,-,-
"Reading, Berks County, Pennsylvania, United States",city,https://app.monqcle.com/org/cphlr/project/drug-paraphernalia-laws-1689792283/record/77174,DPL_2025_Consolidated,2022-12-31,2024-12-31,1,0,-,-,-,-,-,-,-,-,-,-,-,-,-,-,-,-,-,-,-,-,-,-,-,-,-,-,-,-,-,-,-,-,-,-,-,-,-,-,-,-,-,-,-,-,-,-,-,-,-,-,-,-,-,-,-,-,-,-,-,-,-,-,-,-,-,-,-,-,-,-,-,-,-,-,-,-,-,-,-,-,-,-,-,-,-,-,-,-,-,-,-,-,-,-,-,-,-,-,-,-,-,-,-,-,-,-,-
"Reading, Berks County, Pennsylvania, United States",city,https://app.monqcle.com/org/cphlr/project/drug-paraphernalia-laws-1689792283/record/62643,DPL_2023_Consolidated,2022-12-31,2023-01-01,1,0,-,-,-,-,-,-,-,-,-,-,-,-,-,-,-,-,-,-,-,-,-,-,-,-,-,-,-,-,-,-,-,-,-,-,-,-,-,-,-,-,-,-,-,-,-,-,-,-,-,-,-,-,-,-,-,-,-,-,-,-,-,-,-,-,-,-,-,-,-,-,-,-,-,-,-,-,-,-,-,-,-,-,-,-,-,-,-,-,-,-,-,-,-,-,-,-,-,-,-,-,-,-,-,-,-,-,-
"Redding, Shasta County, California, United States",city,https://app.monqcle.com/org/cphlr/project/drug-paraphernalia-laws-1689792283/record/76702,DPL_2025_Consolidated,2022-12-31,2024-12-31,1,0,-,-,-,-,-,-,-,-,-,-,-,-,-,-,-,-,-,-,-,-,-,-,-,-,-,-,-,-,-,-,-,-,-,-,-,-,-,-,-,-,-,-,-,-,-,-,-,-,-,-,-,-,-,-,-,-,-,-,-,-,-,-,-,-,-,-,-,-,-,-,-,-,-,-,-,-,-,-,-,-,-,-,-,-,-,-,-,-,-,-,-,-,-,-,-,-,-,-,-,-,-,-,-,-,-,-,-
"Redding, Shasta County, California, United States",city,https://app.monqcle.com/org/cphlr/project/drug-paraphernalia-laws-1689792283/record/62937,DPL_2023_Consolidated,2022-12-31,2023-01-01,1,0,-,-,-,-,-,-,-,-,-,-,-,-,-,-,-,-,-,-,-,-,-,-,-,-,-,-,-,-,-,-,-,-,-,-,-,-,-,-,-,-,-,-,-,-,-,-,-,-,-,-,-,-,-,-,-,-,-,-,-,-,-,-,-,-,-,-,-,-,-,-,-,-,-,-,-,-,-,-,-,-,-,-,-,-,-,-,-,-,-,-,-,-,-,-,-,-,-,-,-,-,-,-,-,-,-,-,-
"Redwood City, San Mateo County, California, United States",city,https://app.monqcle.com/org/cphlr/project/drug-paraphernalia-laws-1689792283/record/76845,DPL_2025_Consolidated,2022-12-31,2024-12-31,1,0,-,-,-,-,-,-,-,-,-,-,-,-,-,-,-,-,-,-,-,-,-,-,-,-,-,-,-,-,-,-,-,-,-,-,-,-,-,-,-,-,-,-,-,-,-,-,-,-,-,-,-,-,-,-,-,-,-,-,-,-,-,-,-,-,-,-,-,-,-,-,-,-,-,-,-,-,-,-,-,-,-,-,-,-,-,-,-,-,-,-,-,-,-,-,-,-,-,-,-,-,-,-,-,-,-,-,-
"Redwood City, San Mateo County, California, United States",city,https://app.monqcle.com/org/cphlr/project/drug-paraphernalia-laws-1689792283/record/64162,DPL_2023_Consolidated,2022-12-31,2023-01-01,1,0,-,-,-,-,-,-,-,-,-,-,-,-,-,-,-,-,-,-,-,-,-,-,-,-,-,-,-,-,-,-,-,-,-,-,-,-,-,-,-,-,-,-,-,-,-,-,-,-,-,-,-,-,-,-,-,-,-,-,-,-,-,-,-,-,-,-,-,-,-,-,-,-,-,-,-,-,-,-,-,-,-,-,-,-,-,-,-,-,-,-,-,-,-,-,-,-,-,-,-,-,-,-,-,-,-,-,-
"Reno, Washoe County, Nevada, United States",city,https://app.monqcle.com/org/cphlr/project/drug-paraphernalia-laws-1689792283/record/75474,DPL_2025_Consolidated,2022-12-31,2024-12-31,14,1,-,-,-,Municode,-,-,-,https://library.municode.com/nv/reno/codes/administrative_code?nodeId=PT2READCO_TIT8PUPESAMO_CH8.17MIMADRPAREOF_S8.17.010DRPADE,-,-,-,10/22/2014,-,unknown date at bottom of ordinance,-,-,-,-,-,07/02/2025,-,-,-,"Known, current through date published in ordinance",-,-,-,Both (ARCHIVE) ,-,-,-,1,-,-,-,NRS 453A.200,-,-,-,"Syringes, hypodermic needles, other inject/ion/ing equipment/instrument/supplies , Pipes, other smoke/ing or inhal/ing/ation equipment or supplies, Drug test/ing or check/ing equipment or supplies, Other",CHAPTER 8.17. - MISDEMEAN,-,-,"Possession, possession with intent to use, keep, Use",CHAPTER 8.17. - MISDEMEAN,-,-,"Misdemeanor (NEW), Unspecified Fine (NEW), Incarceration (NEW)","Sec. 8.17.100. - Penalty ,CHAPTER 8.17. - MISDEMEAN",-,-,"Paraphernalia for consumption of cannabis, generally or medical use (NEW)",CHAPTER 8.17. - MISDEMEAN,-,-,-,-,-,-,-,-,-,-,"Possession, Use",-,-,-,-,-,-,-,-,-,-,-,-,-,-,-,-,-,-,-,-,-,-,-,-,-,-,-,-,-,-,-,-,-,-,-,-,-,-,-,-,-,-,-
"Reno, Washoe County, Nevada, United States",city,https://app.monqcle.com/org/cphlr/project/drug-paraphernalia-laws-1689792283/record/62999,DPL_2023_Consolidated,2022-12-31,2023-01-01,11,1,-,-,-,Municode,-,-,-,https://library.municode.com/nv/reno/codes/administrative_code?nodeId=PT2READCO_TIT8PUPESAMO_CH8.17MIMADRPAREOF_S8.17.010DRPADE,-,-,-,10/22/2014,-,unknown date at bottom of ordinance,-,-,-,-,-,05/31/2023,-,-,-,"Known, current through date published in ordinance",-,-,-,Both (ARCHIVE) ,"CHAPTER 8.17. - MISDEMEAN,CHAPTER 8.17. - MISDEMEAN",-,-,-,-,-,-,-,-,-,-,"Syringes, hypodermic needles, other inject/ion/ing equipment/instrument/supplies , Pipes, other smoke/ing or inhal/ing/ation equipment or supplies, Drug test/ing or check/ing equipment or supplies, Other",CHAPTER 8.17. - MISDEMEAN,-,-,"Possession, possession with intent to use, keep, Use",CHAPTER 8.17. - MISDEMEAN,-,-,Criminal (ARCHIVE) ,"CHAPTER 8.17. - MISDEMEAN,Sec. 8.17.100. - Penalty ",-,-,"Syringes for approved medical use (i.e. diabetes) , Other paraphernalia for approved medical use",CHAPTER 8.17. - MISDEMEAN,medical marijuana ,-,-,-,-,-,-,-,-,-,-,-,-,-,-,-,-,-,-,-,-,-,-,-,-,-,-,-,-,-,-,-,-,-,-,-,-,-,-,-,-,-,-,-,-,-,-,-,-,-,-,-,-,-
"Renton, King County, Washington, United States",city,https://app.monqcle.com/org/cphlr/project/drug-paraphernalia-laws-1689792283/record/63025,DPL_2023_Consolidated ,2022-12-31,2023-01-01,1,0,-,-,-,-,-,-,-,-,-,-,-,-,-,-,-,-,-,-,-,-,-,-,-,-,-,-,-,-,-,-,-,-,-,-,-,-,-,-,-,-,-,-,-,-,-,-,-,-,-,-,-,-,-,-,-,-,-,-,-,-,-,-,-,-,-,-,-,-,-,-,-,-,-,-,-,-,-,-,-,-,-,-,-,-,-,-,-,-,-,-,-,-,-,-,-,-,-,-,-,-,-,-,-,-,-,-,-
"Renton, King County, Washington, United States",city,https://app.monqcle.com/org/cphlr/project/drug-paraphernalia-laws-1689792283/record/76412,DPL_2025_Consolidated,2022-12-31,2024-12-31,1,0,-,-,-,-,-,-,-,-,-,-,-,-,-,-,-,-,-,-,-,-,-,-,-,-,-,-,-,-,-,-,-,-,-,-,-,-,-,-,-,-,-,-,-,-,-,-,-,-,-,-,-,-,-,-,-,-,-,-,-,-,-,-,-,-,-,-,-,-,-,-,-,-,-,-,-,-,-,-,-,-,-,-,-,-,-,-,-,-,-,-,-,-,-,-,-,-,-,-,-,-,-,-,-,-,-,-,-
"Rialto, San Bernardino County, California, United States",city,https://app.monqcle.com/org/cphlr/project/drug-paraphernalia-laws-1689792283/record/64002,DPL_2023_Consolidated ,2022-12-31,2023-01-01,1,0,-,-,-,-,-,-,-,-,-,-,-,-,-,-,-,-,-,-,-,-,-,-,-,-,-,-,-,-,-,-,-,-,-,-,-,-,-,-,-,-,-,-,-,-,-,-,-,-,-,-,-,-,-,-,-,-,-,-,-,-,-,-,-,-,-,-,-,-,-,-,-,-,-,-,-,-,-,-,-,-,-,-,-,-,-,-,-,-,-,-,-,-,-,-,-,-,-,-,-,-,-,-,-,-,-,-,-
"Rialto, San Bernardino County, California, United States",city,https://app.monqcle.com/org/cphlr/project/drug-paraphernalia-laws-1689792283/record/76486,DPL_2025_Consolidated,2022-12-31,2024-12-31,1,0,-,-,-,-,-,-,-,-,-,-,-,-,-,-,-,-,-,-,-,-,-,-,-,-,-,-,-,-,-,-,-,-,-,-,-,-,-,-,-,-,-,-,-,-,-,-,-,-,-,-,-,-,-,-,-,-,-,-,-,-,-,-,-,-,-,-,-,-,-,-,-,-,-,-,-,-,-,-,-,-,-,-,-,-,-,-,-,-,-,-,-,-,-,-,-,-,-,-,-,-,-,-,-,-,-,-,-
"Richardson, Dallas County, Texas, United States",city,https://app.monqcle.com/org/cphlr/project/drug-paraphernalia-laws-1689792283/record/76269,DPL_2025_Consolidated,2022-12-31,2024-12-31,12,1,-,-,-,Municode,-,-,-,https://library.municode.com/tx/richardson/codes/code_of_ordinances?nodeId=PTIICOOR_CH13MIOFPR_ARTXIIILSMPR_S13-168USPOINDE,-,-,-,08/23/2010,-,unknown date at bottom of ordinance,-,-,-,-,-,10/06/2025,-,-,-,"Known, current through date published in ordinance",-,-,-,Neither (ARCHIVE),-,-,-,0,-,-,-,-,-,-,-,"Syringes, hypodermic needles, other inject/ion/ing equipment/instrument/supplies , Pipes, other smoke/ing or inhal/ing/ation equipment or supplies, Other","ARTICLE XII. - ILLEGAL SM,ARTICLE XII. - ILLEGAL SM","Only prohibited for possesion/use with ""illegal smoking product"" defined as 
""1)

Salviadivinorum or salvinorum A; all parts of the plant presently classified botanically as salvia divinorum, whether growing or not, the seeds thereof, any extract from any part of such plant, and every compound, manufacture, salts derivative, mixture or preparation of such plant, its seeds or extracts;

(2)

2-[(1R, 3S)-3-hydroxycyclohexyl}-5-(2-methylocatan-2-yl) phenol (also known as CP47, 497) and homologues;

(3)

(6aS,10aS)-9-(hydroxmethyl)-6, 6-dimethyl-3-(2-methyloctan-2-yl)-6a, 7, 10, 10a-tetrahydrobenzo [c] chormen-1-ol) (also known as HU-211 or dexanabinol);

(4)

1-Pentyl-3-(1-naphthoyl) indole (also known as JWH-018); or

(5)

Butyl-3-(1-naphthoyl) indole (also known as JWH-073).""",-,"Possession, possession with intent to use, keep, Use","ARTICLE XII. - ILLEGAL SM,ARTICLE XII. - ILLEGAL SM","Only prohibited for possesion/use with ""illegal smoking product"" defined as 
""1)

Salviadivinorum or salvinorum A; all parts of the plant presently classified botanically as salvia divinorum, whether growing or not, the seeds thereof, any extract from any part of such plant, and every compound, manufacture, salts derivative, mixture or preparation of such plant, its seeds or extracts;

(2)

2-[(1R, 3S)-3-hydroxycyclohexyl}-5-(2-methylocatan-2-yl) phenol (also known as CP47, 497) and homologues;

(3)

(6aS,10aS)-9-(hydroxmethyl)-6, 6-dimethyl-3-(2-methyloctan-2-yl)-6a, 7, 10, 10a-tetrahydrobenzo [c] chormen-1-ol) (also known as HU-211 or dexanabinol);

(4)

1-Pentyl-3-(1-naphthoyl) indole (also known as JWH-018); or

(5)

Butyl-3-(1-naphthoyl) indole (also known as JWH-073).""",-,Unspecified Fine (NEW),Sec. 1-8. - General penal,-,-,Other,-,"It shall not be an offense under subsection (a) of this section for any person to use or possess an ingestion device without the presence (including, but not limited to, trace amounts and/or residue) of an illegal smoking product. It shall not be an offense under subsection (a) of this section for any person to offer for sale or sell an ingestion device in a retail establishment, provided such ingestion device does not contain the presence (including, but not limited to, trace amounts and/or residue) of an illegal smoking product.",-,-,-,-,-,-,-,-,-,-,-,-,-,-,-,-,-,-,-,-,-,-,-,-,-,-,-,-,-,-,-,-,-,-,-,-,-,-,-,-,-,-,-,-,-,-,-,-,-,-,-,-,-
"Richardson, Dallas County, Texas, United States",city,https://app.monqcle.com/org/cphlr/project/drug-paraphernalia-laws-1689792283/record/62713,DPL_2023_Consolidated ,2022-12-31,2023-01-01,11,1,-,-,-,Municode,-,-,-,https://library.municode.com/tx/richardson/codes/code_of_ordinances?nodeId=PTIICOOR_CH13MIOFPR_ARTXIIILSMPR_S13-168USPOINDE,-,-,-,08/23/2010,-,unknown date at bottom of ordinance,-,-,-,-,-,12/14/2023,-,-,-,"Known, current through date published in ordinance",-,-,-,Neither (ARCHIVE),-,-,-,-,-,-,-,-,-,-,-,"Syringes, hypodermic needles, other inject/ion/ing equipment/instrument/supplies , Pipes, other smoke/ing or inhal/ing/ation equipment or supplies, Other","ARTICLE XII. - ILLEGAL SM,ARTICLE XII. - ILLEGAL SM","paraphernalia only prohibited when used for ""illegal smoking material"" defined as: 

(1)

Salviadivinorum or salvinorum A; all parts of the plant presently classified botanically as salvia divinorum, whether growing or not, the seeds thereof, any extract from any part of such plant, and every compound, manufacture, salts derivative, mixture or preparation of such plant, its seeds or extracts;

(2)

2-[(1R, 3S)-3-hydroxycyclohexyl}-5-(2-methylocatan-2-yl) phenol (also known as CP47, 497) and homologues;

(3)

(6aS,10aS)-9-(hydroxmethyl)-6, 6-dimethyl-3-(2-methyloctan-2-yl)-6a, 7, 10, 10a-tetrahydrobenzo [c] chormen-1-ol) (also known as HU-211 or dexanabinol);

(4)

1-Pentyl-3-(1-naphthoyl) indole (also known as JWH-018); or

(5)

Butyl-3-(1-naphthoyl) indole (also known as JWH-073).",-,"Sales (ARCHIVE), Possession, possession with intent to use, keep, Use","ARTICLE XII. - ILLEGAL SM,ARTICLE XII. - ILLEGAL SM","unlawful when ingestion device contains the presence  (including, but not limited to, trace amounts and/or residue)  of an illegal smoking product",-,Criminal (ARCHIVE) ,-,-,-,"Xylazine checking/testing equipment specifically, in the context syringe services, harm reduction programs, or supervised use sites (NEW)",-,"It shall not be an offense under subsection (a) of this section for any person to use or possess an ingestion device without the presence (including, but not limited to, trace amounts and/or residue) of an illegal smoking product. It shall not be an offense under subsection (a) of this section for any person to offer for sale or sell an ingestion device in a retail establishment, provided such ingestion device does not contain the presence (including, but not limited to, trace amounts and/or residue) of an illegal smoking product.",-,-,-,-,-,-,-,-,-,-,-,-,-,-,-,-,-,-,-,-,-,-,-,-,-,-,-,-,-,-,-,-,-,-,-,-,-,-,-,-,-,-,-,-,-,-,-,-,-,-,-,-,-
"Richmond, Contra Costa County, California, United States",city,https://app.monqcle.com/org/cphlr/project/drug-paraphernalia-laws-1689792283/record/63035,DPL_2023_Consolidated,2022-12-31,2023-01-01,1,0,-,-,-,-,-,-,-,-,-,-,-,-,-,-,-,-,-,-,-,-,-,-,-,-,-,-,-,-,-,-,-,-,-,-,-,-,-,-,-,-,-,-,-,-,-,-,-,-,-,-,-,-,-,-,-,-,-,-,-,-,-,-,-,-,-,-,-,-,-,-,-,-,-,-,-,-,-,-,-,-,-,-,-,-,-,-,-,-,-,-,-,-,-,-,-,-,-,-,-,-,-,-,-,-,-,-,-
"Richmond, Contra Costa County, California, United States",city,https://app.monqcle.com/org/cphlr/project/drug-paraphernalia-laws-1689792283/record/76592,DPL_2025_Consolidated,2022-12-31,2024-12-31,1,0,-,-,-,-,-,-,-,-,-,-,-,-,-,-,-,-,-,-,-,-,-,-,-,-,-,-,-,-,-,-,-,-,-,-,-,-,-,-,-,-,-,-,-,-,-,-,-,-,-,-,-,-,-,-,-,-,-,-,-,-,-,-,-,-,-,-,-,-,-,-,-,-,-,-,-,-,-,-,-,-,-,-,-,-,-,-,-,-,-,-,-,-,-,-,-,-,-,-,-,-,-,-,-,-,-,-,-
"Richmond, Virginia, United States",city,https://app.monqcle.com/org/cphlr/project/drug-paraphernalia-laws-1689792283/record/63343,DPL_2023_Consolidated,2022-12-31,2023-01-01,1,0,-,-,-,-,-,-,-,-,-,-,-,-,-,-,-,-,-,-,-,-,-,-,-,-,-,-,-,-,-,-,-,-,-,-,-,-,-,-,-,-,-,-,-,-,-,-,-,-,-,-,-,-,-,-,-,-,-,-,-,-,-,-,-,-,-,-,-,-,-,-,-,-,-,-,-,-,-,-,-,-,-,-,-,-,-,-,-,-,-,-,-,-,-,-,-,-,-,-,-,-,-,-,-,-,-,-,-
"Richmond, Virginia, United States",city,https://app.monqcle.com/org/cphlr/project/drug-paraphernalia-laws-1689792283/record/75059,DPL_2025_Consolidated,2022-12-31,2024-12-31,1,0,-,-,-,-,-,-,-,-,-,-,-,-,-,-,-,-,-,-,-,-,-,-,-,-,-,-,-,-,-,-,-,-,-,-,-,-,-,-,-,-,-,-,-,-,-,-,-,-,-,-,-,-,-,-,-,-,-,-,-,-,-,-,-,-,-,-,-,-,-,-,-,-,-,-,-,-,-,-,-,-,-,-,-,-,-,-,-,-,-,-,-,-,-,-,-,-,-,-,-,-,-,-,-,-,-,-,-
"Rio Rancho, Sandoval County, New Mexico, United States",city,https://app.monqcle.com/org/cphlr/project/drug-paraphernalia-laws-1689792283/record/76640,DPL_2025_Consolidated,2022-12-31,2024-12-31,12,1,-,-,-,Code Publishing Company,-,-,-,https://www.codepublishing.com/NM/RioRancho/#!/html/RioRancho130/RioRancho133.html,-,-,-,07/15/1987,-,unknown date at bottom of ordinance,-,-,-,-,-,07/24/2025,-,-,-,"Known, current through date published in ordinance",-,-,-,Neither (ARCHIVE),-,-,-,0,-,-,-,-,-,-,-,"Syringes, hypodermic needles, other inject/ion/ing equipment/instrument/supplies , Pipes, other smoke/ing or inhal/ing/ation equipment or supplies, Drug test/ing or check/ing equipment or supplies, Other",130.02 DEFINITIONS; RULES,-,-,"Sales, possession with intent to sell, offer for sale (NEW), Delivery, possession with intent to deliver/distribute, distribution, transfer, furnish, exchange (NEW), Possession, possession with intent to use, keep, Use, Manufacturing, manufacture with intent to deliver or sell","133.05 DRUG PARAPHERNALIA,133.05 DRUG PARAPHERNALIA",-,-,"Unspecified Fine (NEW), Incarceration (NEW)",10.99 GENERAL PENALTY.,-,-,None,-,-,-,-,-,-,-,-,-,-,-,-,-,-,-,-,-,-,-,-,-,-,-,-,-,-,-,-,-,-,-,-,-,-,-,-,-,-,-,-,-,-,-,-,-,-,-,-,-,-,-,-,-,-,-
"Rio Rancho, Sandoval County, New Mexico, United States",city,https://app.monqcle.com/org/cphlr/project/drug-paraphernalia-laws-1689792283/record/63084,DPL_2023_Consolidated,2022-12-31,2023-01-01,11,1,-,-,-,self-published ,-,-,-,https://www.codepublishing.com/NM/RioRancho/#!/html/RioRancho130/RioRancho133.html,-,-,-,07/15/1987,-,unknown date at bottom of ordinance,-,-,-,-,-,10/26/2023,-,-,-,"Known, current through date published in ordinance",-,-,-,Neither (ARCHIVE),-,-,-,-,-,-,-,-,-,-,-,"Syringes, hypodermic needles, other inject/ion/ing equipment/instrument/supplies , Pipes, other smoke/ing or inhal/ing/ation equipment or supplies, Drug test/ing or check/ing equipment or supplies, Other",130.02 DEFINITIONS; RULES,-,-,"Sales (ARCHIVE), Non-sale distribution/delivery (ARCHIVE), Possession, possession with intent to use, keep, Use, Manufacturing, manufacture with intent to deliver or sell","133.05 DRUG PARAPHERNALIA,133.05 DRUG PARAPHERNALIA",-,-,Criminal (ARCHIVE) ,10.99 GENERAL PENALTY.,-,-,None,-,-,-,-,-,-,-,-,-,-,-,-,-,-,-,-,-,-,-,-,-,-,-,-,-,-,-,-,-,-,-,-,-,-,-,-,-,-,-,-,-,-,-,-,-,-,-,-,-,-,-,-,-,-,-
"Riverside, Riverside County, California, United States",city,https://app.monqcle.com/org/cphlr/project/drug-paraphernalia-laws-1689792283/record/74861,DPL_2025_Consolidated,2022-12-31,2024-12-31,1,0,-,-,-,-,-,-,-,-,-,-,-,-,-,-,-,-,-,-,-,-,-,-,-,-,-,-,-,-,-,-,-,-,-,-,-,-,-,-,-,-,-,-,-,-,-,-,-,-,-,-,-,-,-,-,-,-,-,-,-,-,-,-,-,-,-,-,-,-,-,-,-,-,-,-,-,-,-,-,-,-,-,-,-,-,-,-,-,-,-,-,-,-,-,-,-,-,-,-,-,-,-,-,-,-,-,-,-
"Riverside, Riverside County, California, United States",city,https://app.monqcle.com/org/cphlr/project/drug-paraphernalia-laws-1689792283/record/62844,DPL_2023_Consolidated,2022-12-31,2023-01-01,1,0,-,-,-,-,-,-,-,-,-,-,-,-,-,-,-,-,-,-,-,-,-,-,-,-,-,-,-,-,-,-,-,-,-,-,-,-,-,-,-,-,-,-,-,-,-,-,-,-,-,-,-,-,-,-,-,-,-,-,-,-,-,-,-,-,-,-,-,-,-,-,-,-,-,-,-,-,-,-,-,-,-,-,-,-,-,-,-,-,-,-,-,-,-,-,-,-,-,-,-,-,-,-,-,-,-,-,-
"Roanoke, Virginia, United States",city,https://app.monqcle.com/org/cphlr/project/drug-paraphernalia-laws-1689792283/record/63978,DPL_2023_Consolidated ,2022-12-31,2023-01-01,1,0,-,-,-,-,-,-,-,-,-,-,-,-,-,-,-,-,-,-,-,-,-,-,-,-,-,-,-,-,-,-,-,-,-,-,-,-,-,-,-,-,-,-,-,-,-,-,-,-,-,-,-,-,-,-,-,-,-,-,-,-,-,-,-,-,-,-,-,-,-,-,-,-,-,-,-,-,-,-,-,-,-,-,-,-,-,-,-,-,-,-,-,-,-,-,-,-,-,-,-,-,-,-,-,-,-,-,-
"Roanoke, Virginia, United States",city,https://app.monqcle.com/org/cphlr/project/drug-paraphernalia-laws-1689792283/record/76458,DPL_2025_Consolidated,2022-12-31,2024-12-31,1,0,-,-,-,-,-,-,-,-,-,-,-,-,-,-,-,-,-,-,-,-,-,-,-,-,-,-,-,-,-,-,-,-,-,-,-,-,-,-,-,-,-,-,-,-,-,-,-,-,-,-,-,-,-,-,-,-,-,-,-,-,-,-,-,-,-,-,-,-,-,-,-,-,-,-,-,-,-,-,-,-,-,-,-,-,-,-,-,-,-,-,-,-,-,-,-,-,-,-,-,-,-,-,-,-,-,-,-
"Rochester, City of Rochester, Monroe County, New York, United States",city,https://app.monqcle.com/org/cphlr/project/drug-paraphernalia-laws-1689792283/record/75204,DPL_2025_Consolidated,2022-12-31,2024-12-31,1,0,-,-,-,-,-,-,-,-,-,-,-,-,-,-,-,-,-,-,-,-,-,-,-,-,-,-,-,-,-,-,-,-,-,-,-,-,-,-,-,-,-,-,-,-,-,-,-,-,-,-,-,-,-,-,-,-,-,-,-,-,-,-,-,-,-,-,-,-,-,-,-,-,-,-,-,-,-,-,-,-,-,-,-,-,-,-,-,-,-,-,-,-,-,-,-,-,-,-,-,-,-,-,-,-,-,-,-
"Rochester, City of Rochester, Monroe County, New York, United States",city,https://app.monqcle.com/org/cphlr/project/drug-paraphernalia-laws-1689792283/record/63766,DPL_2023_Consolidated,2022-12-31,2023-01-01,1,0,-,-,-,-,-,-,-,-,-,-,-,-,-,-,-,-,-,-,-,-,-,-,-,-,-,-,-,-,-,-,-,-,-,-,-,-,-,-,-,-,-,-,-,-,-,-,-,-,-,-,-,-,-,-,-,-,-,-,-,-,-,-,-,-,-,-,-,-,-,-,-,-,-,-,-,-,-,-,-,-,-,-,-,-,-,-,-,-,-,-,-,-,-,-,-,-,-,-,-,-,-,-,-,-,-,-,-
"Rochester, Olmsted County, Minnesota, United States",city,https://app.monqcle.com/org/cphlr/project/drug-paraphernalia-laws-1689792283/record/62677,DPL_2023_Consolidated ,2022-12-31,2023-01-01,1,0,-,-,-,-,-,-,-,-,-,-,-,-,-,-,-,-,-,-,-,-,-,-,-,-,-,-,-,-,-,-,-,-,-,-,-,-,-,-,-,-,-,-,-,-,-,-,-,-,-,-,-,-,-,-,-,-,-,-,-,-,-,-,-,-,-,-,-,-,-,-,-,-,-,-,-,-,-,-,-,-,-,-,-,-,-,-,-,-,-,-,-,-,-,-,-,-,-,-,-,-,-,-,-,-,-,-,-
"Rochester, Olmsted County, Minnesota, United States",city,https://app.monqcle.com/org/cphlr/project/drug-paraphernalia-laws-1689792283/record/76210,DPL_2025_Consolidated,2022-12-31,2024-12-31,1,0,-,-,-,-,-,-,-,-,-,-,-,-,-,-,-,-,-,-,-,-,-,-,-,-,-,-,-,-,-,-,-,-,-,-,-,-,-,-,-,-,-,-,-,-,-,-,-,-,-,-,-,-,-,-,-,-,-,-,-,-,-,-,-,-,-,-,-,-,-,-,-,-,-,-,-,-,-,-,-,-,-,-,-,-,-,-,-,-,-,-,-,-,-,-,-,-,-,-,-,-,-,-,-,-,-,-,-
"Rockford, Winnebago County, Illinois, United States",city,https://app.monqcle.com/org/cphlr/project/drug-paraphernalia-laws-1689792283/record/75789,DPL_2025_Consolidated,2022-12-31,2024-12-31,1,0,-,-,-,-,-,-,-,-,-,-,-,-,-,-,-,-,-,-,-,-,-,-,-,-,-,-,-,-,-,-,-,-,-,-,-,-,-,-,-,-,-,-,-,-,-,-,-,-,-,-,-,-,-,-,-,-,-,-,-,-,-,-,-,-,-,-,-,-,-,-,-,-,-,-,-,-,-,-,-,-,-,-,-,-,-,-,-,-,-,-,-,-,-,-,-,-,-,-,-,-,-,-,-,-,-,-,-
"Rockford, Winnebago County, Illinois, United States",city,https://app.monqcle.com/org/cphlr/project/drug-paraphernalia-laws-1689792283/record/63517,DPL_2023_Consolidated ,2022-12-31,2023-01-01,1,0,-,-,-,-,-,-,-,-,-,-,-,-,-,-,-,-,-,-,-,-,-,-,-,-,-,-,-,-,-,-,-,-,-,-,-,-,-,-,-,-,-,-,-,-,-,-,-,-,-,-,-,-,-,-,-,-,-,-,-,-,-,-,-,-,-,-,-,-,-,-,-,-,-,-,-,-,-,-,-,-,-,-,-,-,-,-,-,-,-,-,-,-,-,-,-,-,-,-,-,-,-,-,-,-,-,-,-
"Roseville, Placer County, California, United States",city,https://app.monqcle.com/org/cphlr/project/drug-paraphernalia-laws-1689792283/record/76614,DPL_2025_Consolidated,2022-12-31,2024-12-31,12,1,-,-,-,Ecode360,-,-,-,https://ecode360.com/42759516?highlight=drug%20paraphernalia&searchId=13376029868260875#search-highlight-42759516-0 ,-,-,-,07/15/1986,-,unknown date below ordinance ,-,-,-,-,-,08/20/2025,-,-,-,"Known, current through date published in ordinance",-,-,-,State (ARCHIVE) ,-,-,-,0,-,-,-,-,-,-,-,"Syringes, hypodermic needles, other inject/ion/ing equipment/instrument/supplies , Pipes, other smoke/ing or inhal/ing/ation equipment or supplies, Drug test/ing or check/ing equipment or supplies, Other",Chapter 10.32 DRUG PARAPH,-,-,"Sales, possession with intent to sell, offer for sale (NEW), Delivery, possession with intent to deliver/distribute, distribution, transfer, furnish, exchange (NEW)","Chapter 10.32 DRUG PARAPH,Chapter 10.32 DRUG PARAPH",-,-,Infraction (NEW),Chapter 10.32 DRUG PARAPH,-,-,None,-,-,-,-,-,-,-,-,-,-,-,-,-,-,-,-,-,-,-,-,-,-,-,-,-,-,-,-,-,-,-,-,-,-,-,-,-,-,-,-,-,-,-,-,-,-,-,-,-,-,-,-,-,-,-
"Roseville, Placer County, California, United States",city,https://app.monqcle.com/org/cphlr/project/drug-paraphernalia-laws-1689792283/record/63129,DPL_2023_Consolidated,2022-12-31,2023-01-01,11,1,-,-,-,Ecode360,-,-,-,https://ecode360.com/42759516?highlight=drug%20paraphernalia&searchId=13376029868260875#search-highlight-42759516-0 ,-,-,-,07/15/1986,-,unknown date below ordinance ,-,-,-,-,-,10/23/2023,-,-,-,"Known, current through date published in ordinance",-,-,-,State (ARCHIVE) ,Chapter 10.32 DRUG PARAPH,-,-,-,-,-,-,-,-,-,-,"Syringes, hypodermic needles, other inject/ion/ing equipment/instrument/supplies , Pipes, other smoke/ing or inhal/ing/ation equipment or supplies, Drug test/ing or check/ing equipment or supplies, Other",Chapter 10.32 DRUG PARAPH,-,-,"Sales (ARCHIVE), Non-sale distribution/delivery (ARCHIVE)",Chapter 10.32 DRUG PARAPH,-,-,"Civil (ARCHIVE), Criminal (ARCHIVE) ",Chapter 10.32 DRUG PARAPH,nuisance ,-,None,-,-,-,-,-,-,-,-,-,-,-,-,-,-,-,-,-,-,-,-,-,-,-,-,-,-,-,-,-,-,-,-,-,-,-,-,-,-,-,-,-,-,-,-,-,-,-,-,-,-,-,-,-,-,-
"Roswell, Fulton County, Georgia, United States",city,https://app.monqcle.com/org/cphlr/project/drug-paraphernalia-laws-1689792283/record/64021,DPL_2023_Consolidated,2022-12-31,2023-01-01,1,0,-,-,-,-,-,-,-,-,-,-,-,-,-,-,-,-,-,-,-,-,-,-,-,-,-,-,-,-,-,-,-,-,-,-,-,-,-,-,-,-,-,-,-,-,-,-,-,-,-,-,-,-,-,-,-,-,-,-,-,-,-,-,-,-,-,-,-,-,-,-,-,-,-,-,-,-,-,-,-,-,-,-,-,-,-,-,-,-,-,-,-,-,-,-,-,-,-,-,-,-,-,-,-,-,-,-,-
"Roswell, Fulton County, Georgia, United States",city,https://app.monqcle.com/org/cphlr/project/drug-paraphernalia-laws-1689792283/record/77006,DPL_2025_Consolidated,2022-12-31,2024-12-31,1,0,-,-,-,-,-,-,-,-,-,-,-,-,-,-,-,-,-,-,-,-,-,-,-,-,-,-,-,-,-,-,-,-,-,-,-,-,-,-,-,-,-,-,-,-,-,-,-,-,-,-,-,-,-,-,-,-,-,-,-,-,-,-,-,-,-,-,-,-,-,-,-,-,-,-,-,-,-,-,-,-,-,-,-,-,-,-,-,-,-,-,-,-,-,-,-,-,-,-,-,-,-,-,-,-,-,-,-
"Round Rock, Williamson County, Texas, United States",city,https://app.monqcle.com/org/cphlr/project/drug-paraphernalia-laws-1689792283/record/63880,DPL_2023_Consolidated,2022-12-31,2023-01-01,1,0,-,-,-,-,-,-,-,-,-,-,-,-,-,-,-,-,-,-,-,-,-,-,-,-,-,-,-,-,-,-,-,-,-,-,-,-,-,-,-,-,-,-,-,-,-,-,-,-,-,-,-,-,-,-,-,-,-,-,-,-,-,-,-,-,-,-,-,-,-,-,-,-,-,-,-,-,-,-,-,-,-,-,-,-,-,-,-,-,-,-,-,-,-,-,-,-,-,-,-,-,-,-,-,-,-,-,-
"Round Rock, Williamson County, Texas, United States",city,https://app.monqcle.com/org/cphlr/project/drug-paraphernalia-laws-1689792283/record/75863,DPL_2025_Consolidated,2022-12-31,2024-12-31,1,0,-,-,-,-,-,-,-,-,-,-,-,-,-,-,-,-,-,-,-,-,-,-,-,-,-,-,-,-,-,-,-,-,-,-,-,-,-,-,-,-,-,-,-,-,-,-,-,-,-,-,-,-,-,-,-,-,-,-,-,-,-,-,-,-,-,-,-,-,-,-,-,-,-,-,-,-,-,-,-,-,-,-,-,-,-,-,-,-,-,-,-,-,-,-,-,-,-,-,-,-,-,-,-,-,-,-,-
"Sacramento, Sacramento County, California, United States",city,https://app.monqcle.com/org/cphlr/project/drug-paraphernalia-laws-1689792283/record/64028,DPL_2023_Consolidated,2022-12-31,2023-01-01,1,0,-,-,-,-,-,-,-,-,-,-,-,-,-,-,-,-,-,-,-,-,-,-,-,-,-,-,-,-,-,-,-,-,-,-,-,-,-,-,-,-,-,-,-,-,-,-,-,-,-,-,-,-,-,-,-,-,-,-,-,-,-,-,-,-,-,-,-,-,-,-,-,-,-,-,-,-,-,-,-,-,-,-,-,-,-,-,-,-,-,-,-,-,-,-,-,-,-,-,-,-,-,-,-,-,-,-,-
"Sacramento, Sacramento County, California, United States",city,https://app.monqcle.com/org/cphlr/project/drug-paraphernalia-laws-1689792283/record/74815,DPL_2025_Consolidated,2022-12-31,2024-12-31,1,0,-,-,-,-,-,-,-,-,-,-,-,-,-,-,-,-,-,-,-,-,-,-,-,-,-,-,-,-,-,-,-,-,-,-,-,-,-,-,-,-,-,-,-,-,-,-,-,-,-,-,-,-,-,-,-,-,-,-,-,-,-,-,-,-,-,-,-,-,-,-,-,-,-,-,-,-,-,-,-,-,-,-,-,-,-,-,-,-,-,-,-,-,-,-,-,-,-,-,-,-,-,-,-,-,-,-,-
"Saint Joseph, Buchanan County, Missouri, United States",city,https://app.monqcle.com/org/cphlr/project/drug-paraphernalia-laws-1689792283/record/77177,DPL_2025_JD,2023-03-06,2024-12-31,13,1,-,-,-,Municode,-,-,-,https://library.municode.com/mo/st._joseph/codes/code_of_ordinances/413900?nodeId=Chapter%2020%20-%20Offenses%20and%20Miscellaneous%20Provisions,-,-,-,03/06/2023,-,-,-,-,-,-,-,10/21/2025,-,-,-,"Known, current through date published in ordinance",-,-,-,Both (ARCHIVE) ,-,-,-,0,-,-,-,-,-,-,-,"Syringes, hypodermic needles, other inject/ion/ing equipment/instrument/supplies , Pipes, other smoke/ing or inhal/ing/ation equipment or supplies, Drug test/ing or check/ing equipment or supplies, Other",DIVISION 3. DRUGS**,-,-,"Possession, possession with intent to use, keep, Use, Manufacturing, manufacture with intent to deliver or sell","DIVISION 3. DRUGS**,DIVISION 3. DRUGS**",-,-,"Unspecified Fine (NEW), Incarceration (NEW)",DIVISION 3. DRUGS**,-,-,"Paraphernalia for consumption of cannabis, generally or medical use (NEW)","DIVISION 3. DRUGS**,DIVISION 3. DRUGS**",-,-,-,-,-,-,-,-,-,-,"Possession, Use, Other",-,Manufacture,-,-,-,-,-,-,-,-,-,-,-,-,-,-,-,-,-,-,-,-,-,-,-,-,-,-,-,-,-,-,-,-,-,-,-,-,-,-,-,-,-
"Saint Joseph, Buchanan County, Missouri, United States",city,https://app.monqcle.com/org/cphlr/project/drug-paraphernalia-laws-1689792283/record/77541,DPL_2025_Consolidated,2023-03-06,2024-12-31,13,1,-,-,-,Municode,-,-,-,https://library.municode.com/mo/st._joseph/codes/code_of_ordinances/413900?nodeId=Chapter%2020%20-%20Offenses%20and%20Miscellaneous%20Provisions,-,-,-,03/06/2023,-,-,-,-,-,-,-,10/21/2025,-,-,-,"Known, current through date published in ordinance",-,-,-,Both (ARCHIVE) ,-,-,-,0,-,-,-,-,-,-,-,"Syringes, hypodermic needles, other inject/ion/ing equipment/instrument/supplies , Pipes, other smoke/ing or inhal/ing/ation equipment or supplies, Drug test/ing or check/ing equipment or supplies, Other",DIVISION 3. DRUGS**,-,-,"Possession, possession with intent to use, keep, Use, Manufacturing, manufacture with intent to deliver or sell",DIVISION 3. DRUGS**,-,-,"Unspecified Fine (NEW), Incarceration (NEW)",DIVISION 3. DRUGS**,-,-,"Paraphernalia for consumption of cannabis, generally or medical use (NEW)",DIVISION 3. DRUGS**,-,-,-,-,-,-,-,-,-,-,"Possession, Use, Other",-,manufacture,-,-,-,-,-,-,-,-,-,-,-,-,-,-,-,-,-,-,-,-,-,-,-,-,-,-,-,-,-,-,-,-,-,-,-,-,-,-,-,-,-
"Saint Joseph, Buchanan County, Missouri, United States",city,https://app.monqcle.com/org/cphlr/project/drug-paraphernalia-laws-1689792283/record/77514,DPL_2025_PS,2023-03-06,2024-12-31,13,1,-,-,-,Municode,-,-,-,https://library.municode.com/mo/st._joseph/codes/code_of_ordinances/413900?nodeId=Chapter%2020%20-%20Offenses%20and%20Miscellaneous%20Provisions,-,-,-,03/06/2023,-,unknown date at bottom of ordinance,-,-,-,-,-,10/21/2025,-,-,-,"Known, current through date published in ordinance",-,-,-,Both (ARCHIVE) ,-,-,-,0,-,-,-,-,-,-,-,"Syringes, hypodermic needles, other inject/ion/ing equipment/instrument/supplies , Pipes, other smoke/ing or inhal/ing/ation equipment or supplies, Drug test/ing or check/ing equipment or supplies, Other",DIVISION 3. DRUGS**,-,-,"Delivery, possession with intent to deliver/distribute, distribution, transfer, furnish, exchange (NEW), Possession, possession with intent to use, keep, Use, Manufacturing, manufacture with intent to deliver or sell",DIVISION 3. DRUGS**,-,-,"Unspecified Fine (NEW), Incarceration (NEW)",DIVISION 3. DRUGS**,-,-,"Paraphernalia for consumption of cannabis, generally or medical use (NEW)",DIVISION 3. DRUGS**,-,-,-,-,-,-,-,-,-,-,"Possession, Use, Distribution, Other",-,manufacture,-,-,-,-,-,-,-,-,-,-,-,-,-,-,-,-,-,-,-,-,-,-,-,-,-,-,-,-,-,-,-,-,-,-,-,-,-,-,-,-,-
"Saint Joseph, Buchanan County, Missouri, United States",city,https://app.monqcle.com/org/cphlr/project/drug-paraphernalia-laws-1689792283/record/77540,DPL_2025_Consolidated,2022-12-31,2023-03-05,12,1,-,-,-,Municode,-,-,-,https://library.municode.com/mo/st._joseph/codes/code_of_ordinances/413900?nodeId=Chapter%2020%20-%20Offenses%20and%20Miscellaneous%20Provisions,-,-,-,10/21/2019,-,unknown date at bottom of ordinance,-,-,-,-,-,03/06/2023,-,-,-,"Known, current through date published in ordinance",-,-,-,Both (ARCHIVE) ,-,-,-,0,-,-,-,-,-,-,-,"Syringes, hypodermic needles, other inject/ion/ing equipment/instrument/supplies , Pipes, other smoke/ing or inhal/ing/ation equipment or supplies, Drug test/ing or check/ing equipment or supplies, Other",DIVISION 3. DRUGS**,-,-,"Delivery, possession with intent to deliver/distribute, distribution, transfer, furnish, exchange (NEW), Possession, possession with intent to use, keep, Use, Advertising, display, Manufacturing, manufacture with intent to deliver or sell",DIVISION 3. DRUGS**,-,-,"Unspecified Fine (NEW), Incarceration (NEW)",DIVISION 3. DRUGS**,-,-,None,-,-,-,-,-,-,-,-,-,-,-,-,-,-,-,-,-,-,-,-,-,-,-,-,-,-,-,-,-,-,-,-,-,-,-,-,-,-,-,-,-,-,-,-,-,-,-,-,-,-,-,-,-,-,-
"Saint Joseph, Buchanan County, Missouri, United States",city,https://app.monqcle.com/org/cphlr/project/drug-paraphernalia-laws-1689792283/record/63818,DPL_2023_Consolidated,2022-12-31,2023-01-01,11,1,-,-,-,Municode,-,-,-,https://library.municode.com/mo/st._joseph/codes/code_of_ordinances/413900?nodeId=Chapter%2020%20-%20Offenses%20and%20Miscellaneous%20Provisions,-,-,-,10/21/2019,-,unknown date at bottom of ordinance,-,-,-,-,-,12/31/2022,-,-,-,"Known, current through date published in ordinance",-,-,-,Both (ARCHIVE) ,"DIVISION 3. DRUGS**,DIVISION 3. DRUGS**",-,-,-,-,-,-,-,-,-,-,"Syringes, hypodermic needles, other inject/ion/ing equipment/instrument/supplies , Pipes, other smoke/ing or inhal/ing/ation equipment or supplies, Drug test/ing or check/ing equipment or supplies, Other",DIVISION 3. DRUGS**,-,-,"Non-sale distribution/delivery (ARCHIVE), Possession, possession with intent to use, keep, Use, Advertising, display, Manufacturing, manufacture with intent to deliver or sell",DIVISION 3. DRUGS**,-,-,Criminal (ARCHIVE) ,DIVISION 3. DRUGS**,-,-,None,-,-,-,-,-,-,-,-,-,-,-,-,-,-,-,-,-,-,-,-,-,-,-,-,-,-,-,-,-,-,-,-,-,-,-,-,-,-,-,-,-,-,-,-,-,-,-,-,-,-,-,-,-,-,-
"Saint Paul, Ramsey County, Minnesota, United States",city,https://app.monqcle.com/org/cphlr/project/drug-paraphernalia-laws-1689792283/record/63653,DPL_2_2023_Consolidated,2022-12-31,2023-01-01,11,1,-,-,-,Municode,-,-,-,https://library.municode.com/mn/st._paul/codes/code_of_ordinances?nodeId=PTIILECO_TITXXVDRDR_CH250SAPONA_S250.03SYET,-,-,-,07/15/1956,-,unknown date at bottom of ordinance; month and date imputed ,-,-,-,-,-,09/26/2023,-,-,-,"Known, current through date published in ordinance",-,-,-,Neither (ARCHIVE),-,-,-,-,-,-,-,-,-,-,-,"Syringes, hypodermic needles, other inject/ion/ing equipment/instrument/supplies , Pipes, other smoke/ing or inhal/ing/ation equipment or supplies","Sec. 250.03. - Syringes, ,Sec. 250.03. - Syringes, ","No person shall use, possess or have under his control for use any stem, bowl, lamp, yen hock or other opium-smoking paraphernalia or accessories used for the smoking or inhalation of opium.",-,"Sales (ARCHIVE), Non-sale distribution/delivery (ARCHIVE), Possession, possession with intent to use, keep, Use, Other","Sec. 250.03. - Syringes, ,Sec. 250.03. - Syringes, "," have under control, administration, dispensation, prescribing",-,Criminal (ARCHIVE) ,-,-,-,"Syringes for approved medical use (i.e. diabetes) , Professionals acting in their course of business [e.g. pharmacists, physicians, manufacturers], Public officials in the course of their duties, generally","Sec. 250.03. - Syringes, ,Sec. 250.03. - Syringes, ",-,-,-,-,-,-,-,-,-,-,-,-,-,-,-,-,-,-,-,-,-,-,-,-,-,-,-,-,-,-,-,-,-,-,-,-,-,-,-,-,-,-,-,-,-,-,-,-,-,-,-,-,-,-
"Saint Paul, Ramsey County, Minnesota, United States",city,https://app.monqcle.com/org/cphlr/project/drug-paraphernalia-laws-1689792283/record/64033,DPL_2023_Consolidated,2022-12-31,2023-01-01,11,1,-,-,-,Municode,-,-,-,https://library.municode.com/mn/st._paul/codes/code_of_ordinances?nodeId=PTIILECO_TITXXVDRDR_CH255DRPA_S255.03PODRPAPR,-,-,-,02/11/1982,-,unknown date,-,-,-,-,-,09/26/2023,-,-,-,"Known, current through date published in ordinance",-,-,-,Both (ARCHIVE) ,"Chapter 255. - Drug Parap,Chapter 255. - Drug Parap",-,-,-,-,-,-,-,-,-,-,"Syringes, hypodermic needles, other inject/ion/ing equipment/instrument/supplies , Pipes, other smoke/ing or inhal/ing/ation equipment or supplies, Other",Chapter 255. - Drug Parap,-,-,"Sales (ARCHIVE), Non-sale distribution/delivery (ARCHIVE), Possession, possession with intent to use, keep, Use, Manufacturing, manufacture with intent to deliver or sell",Chapter 255. - Drug Parap,-,-,Criminal (ARCHIVE) ,Chapter 255. - Drug Parap,-,-,None,-,-,-,-,-,-,-,-,-,-,-,-,-,-,-,-,-,-,-,-,-,-,-,-,-,-,-,-,-,-,-,-,-,-,-,-,-,-,-,-,-,-,-,-,-,-,-,-,-,-,-,-,-,-,-
"Saint Paul, Ramsey County, Minnesota, United States",city,https://app.monqcle.com/org/cphlr/project/drug-paraphernalia-laws-1689792283/record/74965,DPL_2025_Consolidated,2022-12-31,2024-12-31,12,1,-,-,-,Municode,-,-,-,https://library.municode.com/mn/st._paul/codes/code_of_ordinances?nodeId=PTIILECO_TITXXVDRDR_CH255DRPA_S255.03PODRPAPR,-,-,-,02/11/1982,-,unknown date,-,-,-,-,-,10/03/2025,-,-,-,"Known, current through date published in ordinance",-,-,-,Both (ARCHIVE) ,-,-,-,0,-,-,-,-,-,-,-,"Syringes, hypodermic needles, other inject/ion/ing equipment/instrument/supplies , Pipes, other smoke/ing or inhal/ing/ation equipment or supplies, Other",Chapter 255. - Drug Parap,-,-,"Sales, possession with intent to sell, offer for sale (NEW), Delivery, possession with intent to deliver/distribute, distribution, transfer, furnish, exchange (NEW), Possession, possession with intent to use, keep, Use, Manufacturing, manufacture with intent to deliver or sell",Chapter 255. - Drug Parap,-,-,"Misdemeanor (NEW), Unspecified Fine (NEW)",Chapter 255. - Drug Parap,-,-,None,-,-,-,-,-,-,-,-,-,-,-,-,-,-,-,-,-,-,-,-,-,-,-,-,-,-,-,-,-,-,-,-,-,-,-,-,-,-,-,-,-,-,-,-,-,-,-,-,-,-,-,-,-,-,-
"Saint Paul, Ramsey County, Minnesota, United States",city,https://app.monqcle.com/org/cphlr/project/drug-paraphernalia-laws-1689792283/record/74966,DPL_2_2025_Consolidated,2022-12-31,2024-12-31,12,1,-,-,-,Municode,-,-,-,https://library.municode.com/mn/st._paul/codes/code_of_ordinances?nodeId=PTIILECO_TITXXVDRDR_CH250SAPONA_S250.03SYET,-,-,-,07/15/1956,-,unknown date at bottom of ordinance; month and date imputed ,-,-,-,-,-,10/03/2025,-,-,-,"Known, current through date published in ordinance",-,-,-,Neither (ARCHIVE),-,-,-,0,-,-,-,-,-,-,-,"Syringes, hypodermic needles, other inject/ion/ing equipment/instrument/supplies , Pipes, other smoke/ing or inhal/ing/ation equipment or supplies","Sec. 250.03. - Syringes, ,Sec. 250.03. - Syringes, ",-,-,"Sales, possession with intent to sell, offer for sale (NEW), Delivery, possession with intent to deliver/distribute, distribution, transfer, furnish, exchange (NEW), Possession, possession with intent to use, keep, Use, Other","Sec. 250.03. - Syringes, ,Sec. 250.03. - Syringes, "," have under control, administration, dispensation, prescribing",-,"Misdemeanor (NEW), Unspecified Fine (NEW), Incarceration (NEW)",Sec. 1.05. - Penalty.,-,-,"Syringes for approved medical use (i.e. diabetes) , Professionals acting in their course of business [e.g. pharmacists, physicians, manufacturers], Public officials in the course of their duties, generally","Sec. 250.03. - Syringes, ,Sec. 250.03. - Syringes, ,Sec. 250.03. - Syringes, ",-,-,-,-,-,-,-,-,-,-,-,-,-,-,-,-,-,-,-,-,-,-,-,-,-,-,-,-,-,-,-,-,-,-,-,-,-,-,-,-,-,-,-,-,-,-,-,-,-,-,-,-,-,-
"Saint Petersburg, Pinellas County, Florida, United States",city,https://app.monqcle.com/org/cphlr/project/drug-paraphernalia-laws-1689792283/record/75203,DPL_2025_Consolidated,2022-12-31,2024-12-31,1,0,-,-,-,-,-,-,-,-,-,-,-,-,-,-,-,-,-,-,-,-,-,-,-,-,-,-,-,-,-,-,-,-,-,-,-,-,-,-,-,-,-,-,-,-,-,-,-,-,-,-,-,-,-,-,-,-,-,-,-,-,-,-,-,-,-,-,-,-,-,-,-,-,-,-,-,-,-,-,-,-,-,-,-,-,-,-,-,-,-,-,-,-,-,-,-,-,-,-,-,-,-,-,-,-,-,-,-
"Saint Petersburg, Pinellas County, Florida, United States",city,https://app.monqcle.com/org/cphlr/project/drug-paraphernalia-laws-1689792283/record/63264,DPL_2023_Consolidated ,2022-12-31,2023-01-01,1,0,-,-,-,-,-,-,-,-,-,-,-,-,-,-,-,-,-,-,-,-,-,-,-,-,-,-,-,-,-,-,-,-,-,-,-,-,-,-,-,-,-,-,-,-,-,-,-,-,-,-,-,-,-,-,-,-,-,-,-,-,-,-,-,-,-,-,-,-,-,-,-,-,-,-,-,-,-,-,-,-,-,-,-,-,-,-,-,-,-,-,-,-,-,-,-,-,-,-,-,-,-,-,-,-,-,-,-
"Salem, Marion County, Oregon, United States",city,https://app.monqcle.com/org/cphlr/project/drug-paraphernalia-laws-1689792283/record/75496,DPL_2025_Consolidated,2022-12-31,2024-12-31,1,0,-,-,-,-,-,-,-,-,-,-,-,-,-,-,-,-,-,-,-,-,-,-,-,-,-,-,-,-,-,-,-,-,-,-,-,-,-,-,-,-,-,-,-,-,-,-,-,-,-,-,-,-,-,-,-,-,-,-,-,-,-,-,-,-,-,-,-,-,-,-,-,-,-,-,-,-,-,-,-,-,-,-,-,-,-,-,-,-,-,-,-,-,-,-,-,-,-,-,-,-,-,-,-,-,-,-,-
"Salem, Marion County, Oregon, United States",city,https://app.monqcle.com/org/cphlr/project/drug-paraphernalia-laws-1689792283/record/63780,DPL_2023_Consolidated,2022-12-31,2023-01-01,1,0,-,-,-,-,-,-,-,-,-,-,-,-,-,-,-,-,-,-,-,-,-,-,-,-,-,-,-,-,-,-,-,-,-,-,-,-,-,-,-,-,-,-,-,-,-,-,-,-,-,-,-,-,-,-,-,-,-,-,-,-,-,-,-,-,-,-,-,-,-,-,-,-,-,-,-,-,-,-,-,-,-,-,-,-,-,-,-,-,-,-,-,-,-,-,-,-,-,-,-,-,-,-,-,-,-,-,-
"Salinas, Monterey County, California, United States",city,https://app.monqcle.com/org/cphlr/project/drug-paraphernalia-laws-1689792283/record/75602,DPL_2025_Consolidated,2022-12-31,2024-12-31,1,0,-,-,-,-,-,-,-,-,-,-,-,-,-,-,-,-,-,-,-,-,-,-,-,-,-,-,-,-,-,-,-,-,-,-,-,-,-,-,-,-,-,-,-,-,-,-,-,-,-,-,-,-,-,-,-,-,-,-,-,-,-,-,-,-,-,-,-,-,-,-,-,-,-,-,-,-,-,-,-,-,-,-,-,-,-,-,-,-,-,-,-,-,-,-,-,-,-,-,-,-,-,-,-,-,-,-,-
"Salinas, Monterey County, California, United States",city,https://app.monqcle.com/org/cphlr/project/drug-paraphernalia-laws-1689792283/record/63855,DPL_2023_Consolidated,2022-12-31,2023-01-01,1,0,-,-,-,-,-,-,-,-,-,-,-,-,-,-,-,-,-,-,-,-,-,-,-,-,-,-,-,-,-,-,-,-,-,-,-,-,-,-,-,-,-,-,-,-,-,-,-,-,-,-,-,-,-,-,-,-,-,-,-,-,-,-,-,-,-,-,-,-,-,-,-,-,-,-,-,-,-,-,-,-,-,-,-,-,-,-,-,-,-,-,-,-,-,-,-,-,-,-,-,-,-,-,-,-,-,-,-
"Salt Lake City, Salt Lake County, Utah, United States",city,https://app.monqcle.com/org/cphlr/project/drug-paraphernalia-laws-1689792283/record/63683,DPL_2023_Consolidated,2022-12-31,2023-01-01,1,0,-,-,-,-,-,-,-,-,-,-,-,-,-,-,-,-,-,-,-,-,-,-,-,-,-,-,-,-,-,-,-,-,-,-,-,-,-,-,-,-,-,-,-,-,-,-,-,-,-,-,-,-,-,-,-,-,-,-,-,-,-,-,-,-,-,-,-,-,-,-,-,-,-,-,-,-,-,-,-,-,-,-,-,-,-,-,-,-,-,-,-,-,-,-,-,-,-,-,-,-,-,-,-,-,-,-,-
"Salt Lake City, Salt Lake County, Utah, United States",city,https://app.monqcle.com/org/cphlr/project/drug-paraphernalia-laws-1689792283/record/75290,DPL_2025_Consolidated,2022-12-31,2024-12-31,1,0,-,-,-,-,-,-,-,-,-,-,-,-,-,-,-,-,-,-,-,-,-,-,-,-,-,-,-,-,-,-,-,-,-,-,-,-,-,-,-,-,-,-,-,-,-,-,-,-,-,-,-,-,-,-,-,-,-,-,-,-,-,-,-,-,-,-,-,-,-,-,-,-,-,-,-,-,-,-,-,-,-,-,-,-,-,-,-,-,-,-,-,-,-,-,-,-,-,-,-,-,-,-,-,-,-,-,-
"San Angelo, Tom Green County, Texas, United States",city,https://app.monqcle.com/org/cphlr/project/drug-paraphernalia-laws-1689792283/record/62928,DPL_2023_Consolidated,2022-12-31,2023-01-01,11,1,-,-,-,Municode,-,-,-,https://library.municode.com/tx/san_angelo/codes/code_of_ordinances/396693?nodeId=COOR_CH8OFNU_ART8.09ILSMPR_S8.09.004USPOINDE,-,-,-,12/14/2010,-,-,-,-,-,-,-,03/29/2023,-,-,-,"Known, current through date published in ordinance",-,-,-,Neither (ARCHIVE),-,-,-,-,-,-,-,-,-,-,-,"Syringes, hypodermic needles, other inject/ion/ing equipment/instrument/supplies , Pipes, other smoke/ing or inhal/ing/ation equipment or supplies, Other","ARTICLE 8.09 - ILLEGAL SM,ARTICLE 8.09 - ILLEGAL SM","paraphernalia only prohibited when used for ""illegal smoking material"" defined as:

Salvia divinorum or salvinorum A; all parts of the plant presently classified botanically as Salvia divinorum, whether growing or not, the seeds thereof, any extract from any part of such plant, and every compound, manufacture, salts, derivative, mixture or preparation of such plant, its seeds or extracts;

(2)

1-pentyl-3-(1-naphthoyl) indole (also known as JWH-018);

(3)

Butyl-3-(1-naphthoyl) indole or 1-butyl-3-(1-naphthoyl) indole (also known as JWH-073);

(4)

1-[2-(4-morpholinyl) ethyl]-3-(1-naphthoyl) indole or [1-[2-(4-morpholinyl) ethyl]-1H-indole-3-yl]-1-naphthalenyl-methanone (also known as JWH-200);

(5)

2-[(1R, 3S)-3-hydroxycyclohexyl]-5-(2-methylocatan-2-yl) phenol or 5-(1, 1-dimethylheptyl)-2-[(1R, 3S)-3-hydroxycyclohexyl]-phenol (also known as CP47,497) and homologues;

(6)

5-(1,1-dimethyloctyl)-2-[(1R,3S)-3-hydroxycyclohexyl]-phenol (also known as cannabicyclohexanol; CP-47, 497 C8 homologue);

(7)

(6aS, 10aS)-9-(hydroxmethyl)-6, 6-dimethyl-3-(2-methyloctan-2-yl)-6a, 7, 10, 10a-tetrahydrobenzo [c] chromen-1-ol) (also known as HU-211 or Dexanabinol);

(8)

(1-hexyl-1H-indole-3-yl)-1-naphthalenyl-methanone (also known as JWH 019);

(9)

(2-methyl-1-propyl-1H-indole-3-yl)-1-naphthalenyl-methanone (also known as JWH 015);

(10)

1-(1-pentyl-1H-indole-3-yl)-2-(2-methoxyphenyl)-ethanone (also known as JWH 250);

(11)

2-(2-methylphenyl)-1-(1-pentyl-1H-indole-3-yl)-ethanone (also known as JWH-251); and

(12)

Other synthetic cannabinoids.",-,"Possession, possession with intent to use, keep, Use",ARTICLE 8.09 - ILLEGAL SM,-,-,Civil (ARCHIVE),Sec. 1.01.009 - General p,-,-,Other paraphernalia for approved medical use,ARTICLE 8.09 - ILLEGAL SM,-,-,-,-,-,-,-,-,-,-,-,-,-,-,-,-,-,-,-,-,-,-,-,-,-,-,-,-,-,-,-,-,-,-,-,-,-,-,-,-,-,-,-,-,-,-,-,-,-,-,-,-,-,-
"San Angelo, Tom Green County, Texas, United States",city,https://app.monqcle.com/org/cphlr/project/drug-paraphernalia-laws-1689792283/record/76632,DPL_2025_Consolidated,2022-12-31,2024-12-31,12,1,-,-,-,Municode,-,-,-,https://library.municode.com/tx/san_angelo/codes/code_of_ordinances/396693?nodeId=COOR_CH8OFNU_ART8.09ILSMPR_S8.09.004USPOINDE,-,-,-,12/14/2010,-,-,-,-,-,-,-,09/16/2025,-,-,-,"Known, current through date published in ordinance",-,-,-,Neither (ARCHIVE),-,-,-,0,-,-,-,-,-,-,-,"Syringes, hypodermic needles, other inject/ion/ing equipment/instrument/supplies , Pipes, other smoke/ing or inhal/ing/ation equipment or supplies, Other","ARTICLE 8.09 - ILLEGAL SM,ARTICLE 8.09 - ILLEGAL SM","Only prohibited for possesion/use with ""illegal smoking product"" defined as 

Salvia divinorum or salvinorum A; all parts of the plant presently classified botanically as Salvia divinorum, whether growing or not, the seeds thereof, any extract from any part of such plant, and every compound, manufacture, salts, derivative, mixture or preparation of such plant, its seeds or extracts;

(2)

1-pentyl-3-(1-naphthoyl) indole (also known as JWH-018);

(3)

Butyl-3-(1-naphthoyl) indole or 1-butyl-3-(1-naphthoyl) indole (also known as JWH-073);

(4)

1-[2-(4-morpholinyl) ethyl]-3-(1-naphthoyl) indole or [1-[2-(4-morpholinyl) ethyl]-1H-indole-3-yl]-1-naphthalenyl-methanone (also known as JWH-200);

(5)

2-[(1R, 3S)-3-hydroxycyclohexyl]-5-(2-methylocatan-2-yl) phenol or 5-(1, 1-dimethylheptyl)-2-[(1R, 3S)-3-hydroxycyclohexyl]-phenol (also known as CP47,497) and homologues;

(6)

5-(1,1-dimethyloctyl)-2-[(1R,3S)-3-hydroxycyclohexyl]-phenol (also known as cannabicyclohexanol; CP-47, 497 C8 homologue);

(7)

(6aS, 10aS)-9-(hydroxmethyl)-6, 6-dimethyl-3-(2-methyloctan-2-yl)-6a, 7, 10, 10a-tetrahydrobenzo [c] chromen-1-ol) (also known as HU-211 or Dexanabinol);

(8)

(1-hexyl-1H-indole-3-yl)-1-naphthalenyl-methanone (also known as JWH 019);

(9)

(2-methyl-1-propyl-1H-indole-3-yl)-1-naphthalenyl-methanone (also known as JWH 015);

(10)

1-(1-pentyl-1H-indole-3-yl)-2-(2-methoxyphenyl)-ethanone (also known as JWH 250);

(11)

2-(2-methylphenyl)-1-(1-pentyl-1H-indole-3-yl)-ethanone (also known as JWH-251); and

(12)

Other synthetic cannabinoids.",-,"Possession, possession with intent to use, keep, Use",ARTICLE 8.09 - ILLEGAL SM,"Only prohibited for possesion/use with ""illegal smoking product"" defined as 

Salvia divinorum or salvinorum A; all parts of the plant presently classified botanically as Salvia divinorum, whether growing or not, the seeds thereof, any extract from any part of such plant, and every compound, manufacture, salts, derivative, mixture or preparation of such plant, its seeds or extracts;

(2)

1-pentyl-3-(1-naphthoyl) indole (also known as JWH-018);

(3)

Butyl-3-(1-naphthoyl) indole or 1-butyl-3-(1-naphthoyl) indole (also known as JWH-073);

(4)

1-[2-(4-morpholinyl) ethyl]-3-(1-naphthoyl) indole or [1-[2-(4-morpholinyl) ethyl]-1H-indole-3-yl]-1-naphthalenyl-methanone (also known as JWH-200);

(5)

2-[(1R, 3S)-3-hydroxycyclohexyl]-5-(2-methylocatan-2-yl) phenol or 5-(1, 1-dimethylheptyl)-2-[(1R, 3S)-3-hydroxycyclohexyl]-phenol (also known as CP47,497) and homologues;

(6)

5-(1,1-dimethyloctyl)-2-[(1R,3S)-3-hydroxycyclohexyl]-phenol (also known as cannabicyclohexanol; CP-47, 497 C8 homologue);

(7)

(6aS, 10aS)-9-(hydroxmethyl)-6, 6-dimethyl-3-(2-methyloctan-2-yl)-6a, 7, 10, 10a-tetrahydrobenzo [c] chromen-1-ol) (also known as HU-211 or Dexanabinol);

(8)

(1-hexyl-1H-indole-3-yl)-1-naphthalenyl-methanone (also known as JWH 019);

(9)

(2-methyl-1-propyl-1H-indole-3-yl)-1-naphthalenyl-methanone (also known as JWH 015);

(10)

1-(1-pentyl-1H-indole-3-yl)-2-(2-methoxyphenyl)-ethanone (also known as JWH 250);

(11)

2-(2-methylphenyl)-1-(1-pentyl-1H-indole-3-yl)-ethanone (also known as JWH-251); and

(12)

Other synthetic cannabinoids.",-,Unspecified Fine (NEW),Sec. 1.01.009 - General p,-,-,"Syringes for approved medical use (i.e. diabetes) , Other paraphernalia for approved medical use",ARTICLE 8.09 - ILLEGAL SM,-,-,-,-,-,-,-,-,-,-,-,-,-,-,-,-,-,-,-,-,-,-,-,-,-,-,-,-,-,-,-,-,-,-,-,-,-,-,-,-,-,-,-,-,-,-,-,-,-,-,-,-,-,-
"San Antonio, Bexar County, Texas, United States",city,https://app.monqcle.com/org/cphlr/project/drug-paraphernalia-laws-1689792283/record/63533,DPL_2023_Consolidated,2022-12-31,2023-01-01,1,0,-,-,-,-,-,-,-,-,-,-,-,-,-,-,-,-,-,-,-,-,-,-,-,-,-,-,-,-,-,-,-,-,-,-,-,-,-,-,-,-,-,-,-,-,-,-,-,-,-,-,-,-,-,-,-,-,-,-,-,-,-,-,-,-,-,-,-,-,-,-,-,-,-,-,-,-,-,-,-,-,-,-,-,-,-,-,-,-,-,-,-,-,-,-,-,-,-,-,-,-,-,-,-,-,-,-,-
"San Antonio, Bexar County, Texas, United States",city,https://app.monqcle.com/org/cphlr/project/drug-paraphernalia-laws-1689792283/record/73731,DPL_2025_Consolidated,2022-12-31,2024-12-31,1,0,-,-,-,-,-,-,-,-,-,-,-,-,-,-,-,-,-,-,-,-,-,-,-,-,-,-,-,-,-,-,-,-,-,-,-,-,-,-,-,-,-,-,-,-,-,-,-,-,-,-,-,-,-,-,-,-,-,-,-,-,-,-,-,-,-,-,-,-,-,-,-,-,-,-,-,-,-,-,-,-,-,-,-,-,-,-,-,-,-,-,-,-,-,-,-,-,-,-,-,-,-,-,-,-,-,-,-
"San Bernardino, San Bernardino County, California, United States",city,https://app.monqcle.com/org/cphlr/project/drug-paraphernalia-laws-1689792283/record/75124,DPL_2025_Consolidated,2022-12-31,2024-12-31,1,0,-,-,-,-,-,-,-,-,-,-,-,-,-,-,-,-,-,-,-,-,-,-,-,-,-,-,-,-,-,-,-,-,-,-,-,-,-,-,-,-,-,-,-,-,-,-,-,-,-,-,-,-,-,-,-,-,-,-,-,-,-,-,-,-,-,-,-,-,-,-,-,-,-,-,-,-,-,-,-,-,-,-,-,-,-,-,-,-,-,-,-,-,-,-,-,-,-,-,-,-,-,-,-,-,-,-,-
"San Bernardino, San Bernardino County, California, United States",city,https://app.monqcle.com/org/cphlr/project/drug-paraphernalia-laws-1689792283/record/64072,DPL_2023_Consolidated,2022-12-31,2023-01-01,1,0,-,-,-,-,-,-,-,-,-,-,-,-,-,-,-,-,-,-,-,-,-,-,-,-,-,-,-,-,-,-,-,-,-,-,-,-,-,-,-,-,-,-,-,-,-,-,-,-,-,-,-,-,-,-,-,-,-,-,-,-,-,-,-,-,-,-,-,-,-,-,-,-,-,-,-,-,-,-,-,-,-,-,-,-,-,-,-,-,-,-,-,-,-,-,-,-,-,-,-,-,-,-,-,-,-,-,-
"San Buenaventura (Ventura), Ventura County, California, United States",administrative,https://app.monqcle.com/org/cphlr/project/drug-paraphernalia-laws-1689792283/record/76621,DPL_2025_Consolidated,2022-12-31,2024-12-31,12,1,-,-,-,Code Publishing Company,-,-,-,https://sanbuenaventura.municipal.codes/SBMC/8.400,-,-,-,07/15/1971,-,"unknown date at bottom of ordinance, date and month imputed",-,-,-,-,-,06/24/2025,-,-,-,"Known, current through date published in ordinance",-,-,-,State (ARCHIVE) ,-,-,-,0,-,-,-,-,-,-,-,"Syringes, hypodermic needles, other inject/ion/ing equipment/instrument/supplies , Pipes, other smoke/ing or inhal/ing/ation equipment or supplies, Drug test/ing or check/ing equipment or supplies, Other",Chapter 8.400 DRUG PARAPH,-,-,"Delivery, possession with intent to deliver/distribute, distribution, transfer, furnish, exchange (NEW)",Chapter 8.400 DRUG PARAPH,-,-,"Infraction (NEW), Unspecified Fine (NEW)",Chapter 8.400 DRUG PARAPH,-,-,None,-,-,-,-,-,-,-,-,-,-,-,-,-,-,-,-,-,-,-,-,-,-,-,-,-,-,-,-,-,-,-,-,-,-,-,-,-,-,-,-,-,-,-,-,-,-,-,-,-,-,-,-,-,-,-
"San Buenaventura (Ventura), Ventura County, California, United States",administrative,https://app.monqcle.com/org/cphlr/project/drug-paraphernalia-laws-1689792283/record/62973,DPL_2023_Consolidated,2022-12-31,2023-01-01,11,1,-,-,-,self-published,-,-,-,https://sanbuenaventura.municipal.codes/SBMC/8.400,-,-,-,07/15/1971,-,"unknown date at bottom of ordinance, date and month imputed",-,-,-,-,-,10/23/2023,-,-,-,"Known, current through date published in ordinance",-,-,-,State (ARCHIVE) ,Chapter 8.400 DRUG PARAPH,-,-,-,-,-,-,-,-,-,-,"Syringes, hypodermic needles, other inject/ion/ing equipment/instrument/supplies , Pipes, other smoke/ing or inhal/ing/ation equipment or supplies, Drug test/ing or check/ing equipment or supplies, Other",Chapter 8.400 DRUG PARAPH,-,-,Non-sale distribution/delivery (ARCHIVE),Chapter 8.400 DRUG PARAPH,-,-,Criminal (ARCHIVE) ,Chapter 8.400 DRUG PARAPH,-,-,None,-,-,-,-,-,-,-,-,-,-,-,-,-,-,-,-,-,-,-,-,-,-,-,-,-,-,-,-,-,-,-,-,-,-,-,-,-,-,-,-,-,-,-,-,-,-,-,-,-,-,-,-,-,-,-
"San Diego, San Diego County, California, United States",city,https://app.monqcle.com/org/cphlr/project/drug-paraphernalia-laws-1689792283/record/63266,DPL_2023_Consolidated,2022-12-31,2023-01-01,1,0,-,-,-,-,-,-,-,-,-,-,-,-,-,-,-,-,-,-,-,-,-,-,-,-,-,-,-,-,-,-,-,-,-,-,-,-,-,-,-,-,-,-,-,-,-,-,-,-,-,-,-,-,-,-,-,-,-,-,-,-,-,-,-,-,-,-,-,-,-,-,-,-,-,-,-,-,-,-,-,-,-,-,-,-,-,-,-,-,-,-,-,-,-,-,-,-,-,-,-,-,-,-,-,-,-,-,-
"San Diego, San Diego County, California, United States",city,https://app.monqcle.com/org/cphlr/project/drug-paraphernalia-laws-1689792283/record/73732,DPL_2025_Consolidated,2022-12-31,2024-12-31,1,0,-,-,-,-,-,-,-,-,-,-,-,-,-,-,-,-,-,-,-,-,-,-,-,-,-,-,-,-,-,-,-,-,-,-,-,-,-,-,-,-,-,-,-,-,-,-,-,-,-,-,-,-,-,-,-,-,-,-,-,-,-,-,-,-,-,-,-,-,-,-,-,-,-,-,-,-,-,-,-,-,-,-,-,-,-,-,-,-,-,-,-,-,-,-,-,-,-,-,-,-,-,-,-,-,-,-,-
"Sandy, Salt Lake County, Utah, United States",city,https://app.monqcle.com/org/cphlr/project/drug-paraphernalia-laws-1689792283/record/62692,DPL_2023_Consolidated,2022-12-31,2023-01-01,1,0,-,-,-,-,-,-,-,-,-,-,-,-,-,-,-,-,-,-,-,-,-,-,-,-,-,-,-,-,-,-,-,-,-,-,-,-,-,-,-,-,-,-,-,-,-,-,-,-,-,-,-,-,-,-,-,-,-,-,-,-,-,-,-,-,-,-,-,-,-,-,-,-,-,-,-,-,-,-,-,-,-,-,-,-,-,-,-,-,-,-,-,-,-,-,-,-,-,-,-,-,-,-,-,-,-,-,-
"Sandy, Salt Lake County, Utah, United States",city,https://app.monqcle.com/org/cphlr/project/drug-paraphernalia-laws-1689792283/record/76972,DPL_2025_Consolidated,2022-12-31,2024-12-31,1,0,-,-,-,-,-,-,-,-,-,-,-,-,-,-,-,-,-,-,-,-,-,-,-,-,-,-,-,-,-,-,-,-,-,-,-,-,-,-,-,-,-,-,-,-,-,-,-,-,-,-,-,-,-,-,-,-,-,-,-,-,-,-,-,-,-,-,-,-,-,-,-,-,-,-,-,-,-,-,-,-,-,-,-,-,-,-,-,-,-,-,-,-,-,-,-,-,-,-,-,-,-,-,-,-,-,-,-
"Sandy Springs, Fulton County, Georgia, United States",city,https://app.monqcle.com/org/cphlr/project/drug-paraphernalia-laws-1689792283/record/76565,DPL_2025_Consolidated,2022-12-31,2024-12-31,1,0,-,-,-,-,-,-,-,-,-,-,-,-,-,-,-,-,-,-,-,-,-,-,-,-,-,-,-,-,-,-,-,-,-,-,-,-,-,-,-,-,-,-,-,-,-,-,-,-,-,-,-,-,-,-,-,-,-,-,-,-,-,-,-,-,-,-,-,-,-,-,-,-,-,-,-,-,-,-,-,-,-,-,-,-,-,-,-,-,-,-,-,-,-,-,-,-,-,-,-,-,-,-,-,-,-,-,-
"Sandy Springs, Fulton County, Georgia, United States",city,https://app.monqcle.com/org/cphlr/project/drug-paraphernalia-laws-1689792283/record/64155,DPL_2023_Consolidated,2022-12-31,2023-01-01,1,0,-,-,-,-,-,-,-,-,-,-,-,-,-,-,-,-,-,-,-,-,-,-,-,-,-,-,-,-,-,-,-,-,-,-,-,-,-,-,-,-,-,-,-,-,-,-,-,-,-,-,-,-,-,-,-,-,-,-,-,-,-,-,-,-,-,-,-,-,-,-,-,-,-,-,-,-,-,-,-,-,-,-,-,-,-,-,-,-,-,-,-,-,-,-,-,-,-,-,-,-,-,-,-,-,-,-,-
"San Francisco, California, United States",city,https://app.monqcle.com/org/cphlr/project/drug-paraphernalia-laws-1689792283/record/63664,DPL_2023_Consolidated,2022-12-31,2023-01-01,1,0,-,-,-,-,-,-,-,-,-,-,-,-,-,-,-,-,-,-,-,-,-,-,-,-,-,-,-,-,-,-,-,-,-,-,-,-,-,-,-,-,-,-,-,-,-,-,-,-,-,-,-,-,-,-,-,-,-,-,-,-,-,-,-,-,-,-,-,-,-,-,-,-,-,-,-,-,-,-,-,-,-,-,-,-,-,-,-,-,-,-,-,-,-,-,-,-,-,-,-,-,-,-,-,-,-,-,-
"San Francisco, California, United States",city,https://app.monqcle.com/org/cphlr/project/drug-paraphernalia-laws-1689792283/record/74628,DPL_2025_Consolidated,2022-12-31,2024-12-31,1,0,-,-,-,-,-,-,-,-,-,-,-,-,-,-,-,-,-,-,-,-,-,-,-,-,-,-,-,-,-,-,-,-,-,-,-,-,-,-,-,-,-,-,-,-,-,-,-,-,-,-,-,-,-,-,-,-,-,-,-,-,-,-,-,-,-,-,-,-,-,-,-,-,-,-,-,-,-,-,-,-,-,-,-,-,-,-,-,-,-,-,-,-,-,-,-,-,-,-,-,-,-,-,-,-,-,-,-
"San Jose, Santa Clara County, California, United States",city,https://app.monqcle.com/org/cphlr/project/drug-paraphernalia-laws-1689792283/record/63288,DPL_2023_Consolidated,2022-12-31,2023-01-01,1,0,-,-,-,-,-,-,-,-,-,-,-,-,-,-,-,-,-,-,-,-,-,-,-,-,-,-,-,-,-,-,-,-,-,-,-,-,-,-,-,-,-,-,-,-,-,-,-,-,-,-,-,-,-,-,-,-,-,-,-,-,-,-,-,-,-,-,-,-,-,-,-,-,-,-,-,-,-,-,-,-,-,-,-,-,-,-,-,-,-,-,-,-,-,-,-,-,-,-,-,-,-,-,-,-,-,-,-
"San Jose, Santa Clara County, California, United States",city,https://app.monqcle.com/org/cphlr/project/drug-paraphernalia-laws-1689792283/record/74501,DPL_2025_Consolidated,2022-12-31,2024-12-31,1,0,-,-,-,-,-,-,-,-,-,-,-,-,-,-,-,-,-,-,-,-,-,-,-,-,-,-,-,-,-,-,-,-,-,-,-,-,-,-,-,-,-,-,-,-,-,-,-,-,-,-,-,-,-,-,-,-,-,-,-,-,-,-,-,-,-,-,-,-,-,-,-,-,-,-,-,-,-,-,-,-,-,-,-,-,-,-,-,-,-,-,-,-,-,-,-,-,-,-,-,-,-,-,-,-,-,-,-
"San Leandro, Alameda County, California, United States",city,https://app.monqcle.com/org/cphlr/project/drug-paraphernalia-laws-1689792283/record/76745,DPL_2025_Consolidated,2022-12-31,2024-12-31,1,0,-,-,-,-,-,-,-,-,-,-,-,-,-,-,-,-,-,-,-,-,-,-,-,-,-,-,-,-,-,-,-,-,-,-,-,-,-,-,-,-,-,-,-,-,-,-,-,-,-,-,-,-,-,-,-,-,-,-,-,-,-,-,-,-,-,-,-,-,-,-,-,-,-,-,-,-,-,-,-,-,-,-,-,-,-,-,-,-,-,-,-,-,-,-,-,-,-,-,-,-,-,-,-,-,-,-,-
"San Leandro, Alameda County, California, United States",city,https://app.monqcle.com/org/cphlr/project/drug-paraphernalia-laws-1689792283/record/63584,DPL_2023_Consolidated,2022-12-31,2023-01-01,1,0,-,-,-,-,-,-,-,-,-,-,-,-,-,-,-,-,-,-,-,-,-,-,-,-,-,-,-,-,-,-,-,-,-,-,-,-,-,-,-,-,-,-,-,-,-,-,-,-,-,-,-,-,-,-,-,-,-,-,-,-,-,-,-,-,-,-,-,-,-,-,-,-,-,-,-,-,-,-,-,-,-,-,-,-,-,-,-,-,-,-,-,-,-,-,-,-,-,-,-,-,-,-,-,-,-,-,-
"San Marcos, San Diego County, California, United States",city,https://app.monqcle.com/org/cphlr/project/drug-paraphernalia-laws-1689792283/record/64137,DPL_2023_Consolidated,2022-12-31,2023-01-01,1,0,-,-,-,-,-,-,-,-,-,-,-,-,-,-,-,-,-,-,-,-,-,-,-,-,-,-,-,-,-,-,-,-,-,-,-,-,-,-,-,-,-,-,-,-,-,-,-,-,-,-,-,-,-,-,-,-,-,-,-,-,-,-,-,-,-,-,-,-,-,-,-,-,-,-,-,-,-,-,-,-,-,-,-,-,-,-,-,-,-,-,-,-,-,-,-,-,-,-,-,-,-,-,-,-,-,-,-
"San Marcos, San Diego County, California, United States",city,https://app.monqcle.com/org/cphlr/project/drug-paraphernalia-laws-1689792283/record/76968,DPL_2025_Consolidated,2022-12-31,2024-12-31,1,0,-,-,-,-,-,-,-,-,-,-,-,-,-,-,-,-,-,-,-,-,-,-,-,-,-,-,-,-,-,-,-,-,-,-,-,-,-,-,-,-,-,-,-,-,-,-,-,-,-,-,-,-,-,-,-,-,-,-,-,-,-,-,-,-,-,-,-,-,-,-,-,-,-,-,-,-,-,-,-,-,-,-,-,-,-,-,-,-,-,-,-,-,-,-,-,-,-,-,-,-,-,-,-,-,-,-,-
"San Mateo, San Mateo County, California, United States",city,https://app.monqcle.com/org/cphlr/project/drug-paraphernalia-laws-1689792283/record/64182,DPL_2023_Consolidated ,2022-12-31,2023-01-01,1,0,-,-,-,-,-,-,-,-,-,-,-,-,-,-,-,-,-,-,-,-,-,-,-,-,-,-,-,-,-,-,-,-,-,-,-,-,-,-,-,-,-,-,-,-,-,-,-,-,-,-,-,-,-,-,-,-,-,-,-,-,-,-,-,-,-,-,-,-,-,-,-,-,-,-,-,-,-,-,-,-,-,-,-,-,-,-,-,-,-,-,-,-,-,-,-,-,-,-,-,-,-,-,-,-,-,-,-
"San Mateo, San Mateo County, California, United States",city,https://app.monqcle.com/org/cphlr/project/drug-paraphernalia-laws-1689792283/record/76491,DPL_2025_Consolidated,2022-12-31,2024-12-31,1,0,-,-,-,-,-,-,-,-,-,-,-,-,-,-,-,-,-,-,-,-,-,-,-,-,-,-,-,-,-,-,-,-,-,-,-,-,-,-,-,-,-,-,-,-,-,-,-,-,-,-,-,-,-,-,-,-,-,-,-,-,-,-,-,-,-,-,-,-,-,-,-,-,-,-,-,-,-,-,-,-,-,-,-,-,-,-,-,-,-,-,-,-,-,-,-,-,-,-,-,-,-,-,-,-,-,-,-
"San Ramon, Contra Costa County, California, United States",city,https://app.monqcle.com/org/cphlr/project/drug-paraphernalia-laws-1689792283/record/76918,DPL_2025_Consolidated,2022-12-31,2024-12-31,1,0,-,-,-,-,-,-,-,-,-,-,-,-,-,-,-,-,-,-,-,-,-,-,-,-,-,-,-,-,-,-,-,-,-,-,-,-,-,-,-,-,-,-,-,-,-,-,-,-,-,-,-,-,-,-,-,-,-,-,-,-,-,-,-,-,-,-,-,-,-,-,-,-,-,-,-,-,-,-,-,-,-,-,-,-,-,-,-,-,-,-,-,-,-,-,-,-,-,-,-,-,-,-,-,-,-,-,-
"San Ramon, Contra Costa County, California, United States",city,https://app.monqcle.com/org/cphlr/project/drug-paraphernalia-laws-1689792283/record/63539,DPL_2023_Consolidated,2022-12-31,2023-01-01,1,0,-,-,-,-,-,-,-,-,-,-,-,-,-,-,-,-,-,-,-,-,-,-,-,-,-,-,-,-,-,-,-,-,-,-,-,-,-,-,-,-,-,-,-,-,-,-,-,-,-,-,-,-,-,-,-,-,-,-,-,-,-,-,-,-,-,-,-,-,-,-,-,-,-,-,-,-,-,-,-,-,-,-,-,-,-,-,-,-,-,-,-,-,-,-,-,-,-,-,-,-,-,-,-,-,-,-,-
"Santa Ana, Orange County, California, United States",city,https://app.monqcle.com/org/cphlr/project/drug-paraphernalia-laws-1689792283/record/63969,DPL_2023_Consolidated ,2022-12-31,2023-01-01,1,0,-,-,-,-,-,-,-,-,-,-,-,-,-,-,-,-,-,-,-,-,-,-,-,-,-,-,-,-,-,-,-,-,-,-,-,-,-,-,-,-,-,-,-,-,-,-,-,-,-,-,-,-,-,-,-,-,-,-,-,-,-,-,-,-,-,-,-,-,-,-,-,-,-,-,-,-,-,-,-,-,-,-,-,-,-,-,-,-,-,-,-,-,-,-,-,-,-,-,-,-,-,-,-,-,-,-,-
"Santa Ana, Orange County, California, United States",city,https://app.monqcle.com/org/cphlr/project/drug-paraphernalia-laws-1689792283/record/74858,DPL_2025_Consolidated,2022-12-31,2024-12-31,1,0,-,-,-,-,-,-,-,-,-,-,-,-,-,-,-,-,-,-,-,-,-,-,-,-,-,-,-,-,-,-,-,-,-,-,-,-,-,-,-,-,-,-,-,-,-,-,-,-,-,-,-,-,-,-,-,-,-,-,-,-,-,-,-,-,-,-,-,-,-,-,-,-,-,-,-,-,-,-,-,-,-,-,-,-,-,-,-,-,-,-,-,-,-,-,-,-,-,-,-,-,-,-,-,-,-,-,-
"Santa Barbara, Santa Barbara County, California, United States",city,https://app.monqcle.com/org/cphlr/project/drug-paraphernalia-laws-1689792283/record/63657,DPL_2023_Consolidated,2022-12-31,2023-01-01,1,0,-,-,-,-,-,-,-,-,-,-,-,-,-,-,-,-,-,-,-,-,-,-,-,-,-,-,-,-,-,-,-,-,-,-,-,-,-,-,-,-,-,-,-,-,-,-,-,-,-,-,-,-,-,-,-,-,-,-,-,-,-,-,-,-,-,-,-,-,-,-,-,-,-,-,-,-,-,-,-,-,-,-,-,-,-,-,-,-,-,-,-,-,-,-,-,-,-,-,-,-,-,-,-,-,-,-,-
"Santa Barbara, Santa Barbara County, California, United States",city,https://app.monqcle.com/org/cphlr/project/drug-paraphernalia-laws-1689792283/record/76733,DPL_2025_Consolidated,2022-12-31,2024-12-31,1,0,-,-,-,-,-,-,-,-,-,-,-,-,-,-,-,-,-,-,-,-,-,-,-,-,-,-,-,-,-,-,-,-,-,-,-,-,-,-,-,-,-,-,-,-,-,-,-,-,-,-,-,-,-,-,-,-,-,-,-,-,-,-,-,-,-,-,-,-,-,-,-,-,-,-,-,-,-,-,-,-,-,-,-,-,-,-,-,-,-,-,-,-,-,-,-,-,-,-,-,-,-,-,-,-,-,-,-
"Santa Clara, Santa Clara County, California, United States",city,https://app.monqcle.com/org/cphlr/project/drug-paraphernalia-laws-1689792283/record/62943,DPL_2023_Consolidated,2022-12-31,2023-01-01,1,0,-,-,-,-,-,-,-,-,-,-,-,-,-,-,-,-,-,-,-,-,-,-,-,-,-,-,-,-,-,-,-,-,-,-,-,-,-,-,-,-,-,-,-,-,-,-,-,-,-,-,-,-,-,-,-,-,-,-,-,-,-,-,-,-,-,-,-,-,-,-,-,-,-,-,-,-,-,-,-,-,-,-,-,-,-,-,-,-,-,-,-,-,-,-,-,-,-,-,-,-,-,-,-,-,-,-,-
"Santa Clara, Santa Clara County, California, United States",city,https://app.monqcle.com/org/cphlr/project/drug-paraphernalia-laws-1689792283/record/75875,DPL_2025_Consolidated,2022-12-31,2024-12-31,1,0,-,-,-,-,-,-,-,-,-,-,-,-,-,-,-,-,-,-,-,-,-,-,-,-,-,-,-,-,-,-,-,-,-,-,-,-,-,-,-,-,-,-,-,-,-,-,-,-,-,-,-,-,-,-,-,-,-,-,-,-,-,-,-,-,-,-,-,-,-,-,-,-,-,-,-,-,-,-,-,-,-,-,-,-,-,-,-,-,-,-,-,-,-,-,-,-,-,-,-,-,-,-,-,-,-,-,-
"Santa Clarita, Los Angeles County, California, United States",city,https://app.monqcle.com/org/cphlr/project/drug-paraphernalia-laws-1689792283/record/75173,DPL_2025_Consolidated,2022-12-31,2024-12-31,1,0,-,-,-,-,-,-,-,-,-,-,-,-,-,-,-,-,-,-,-,-,-,-,-,-,-,-,-,-,-,-,-,-,-,-,-,-,-,-,-,-,-,-,-,-,-,-,-,-,-,-,-,-,-,-,-,-,-,-,-,-,-,-,-,-,-,-,-,-,-,-,-,-,-,-,-,-,-,-,-,-,-,-,-,-,-,-,-,-,-,-,-,-,-,-,-,-,-,-,-,-,-,-,-,-,-,-,-
"Santa Clarita, Los Angeles County, California, United States",city,https://app.monqcle.com/org/cphlr/project/drug-paraphernalia-laws-1689792283/record/62797,DPL_2023_Consolidated,2022-12-31,2023-01-01,1,0,-,-,-,-,-,-,-,-,-,-,-,-,-,-,-,-,-,-,-,-,-,-,-,-,-,-,-,-,-,-,-,-,-,-,-,-,-,-,-,-,-,-,-,-,-,-,-,-,-,-,-,-,-,-,-,-,-,-,-,-,-,-,-,-,-,-,-,-,-,-,-,-,-,-,-,-,-,-,-,-,-,-,-,-,-,-,-,-,-,-,-,-,-,-,-,-,-,-,-,-,-,-,-,-,-,-,-
"Santa Fe, Santa Fe County, New Mexico, United States",city,https://app.monqcle.com/org/cphlr/project/drug-paraphernalia-laws-1689792283/record/74481,DPL_2025_Consolidated,2022-12-31,2024-12-31,16,1,-,-,-,Municode,-,-,-,https://library.municode.com/nm/santa_fe/codes/code_of_ordinances,-,-,-,01/13/2021,-,-,-,-,-,-,-,10/07/2025,-,-,-,"Known, current through date published in ordinance",-,-,-,Both (ARCHIVE) ,-,-,-,0,-,-,-,-,-,-,-,"Syringes, hypodermic needles, other inject/ion/ing equipment/instrument/supplies , Pipes, other smoke/ing or inhal/ing/ation equipment or supplies, Drug test/ing or check/ing equipment or supplies, Other","16-15.2 - Possession, del",-,-,"Delivery, possession with intent to deliver/distribute, distribution, transfer, furnish, exchange (NEW), Possession, possession with intent to use, keep, Use, Manufacturing, manufacture with intent to deliver or sell","16-15.2 - Possession, del,16-15.2 - Possession, del",-,-,"Misdemeanor (NEW), Unspecified Fine (NEW)","16-15.2 - Possession, del",-,-,"Paraphernalia for consumption of cannabis, generally or medical use (NEW), Syringes from syringe services, harm reduction programs, or supervised use sites (NEW), Drug checking equipment, in the context of syringe services, harm reduction programs, or supervised use sites (NEW), Pipes/smoking equipment, in the context syringe services, harm reduction programs, or supervised use sites (NEW), Professionals acting in their course of business [e.g. pharmacists, physicians, manufacturers]","16-15.2 - Possession, del,16-15.2 - Possession, del,16-15.2 - Possession, del",Department of health employees or their designees while they are directly and immediately engaged in activities related to the harm reduction program authorized by the Harm Reduction Act,-,-,-,-,-,"Possession, Use, Distribution, Other",-,manufacture,-,Possession,-,-,-,-,-,-,-,-,-,-,-,-,-,-,-,"Possession, Use, Distribution, Other",-,manufacture,-,-,-,-,-,-,-,-,-,-,-,-,-,"Possession, Use, Distribution, Other",-,manufacture,-,-,-,-,-,-,-,-,-
"Santa Fe, Santa Fe County, New Mexico, United States",city,https://app.monqcle.com/org/cphlr/project/drug-paraphernalia-laws-1689792283/record/63747,DPL_2023_Consolidated,2022-12-31,2023-01-01,11,1,-,-,-,Municode,-,-,-,https://library.municode.com/nm/santa_fe/codes/code_of_ordinances,-,-,-,01/13/2021,-,-,-,-,-,-,-,09/11/2023,-,-,-,"Known, current through date published in ordinance",-,-,-,Both (ARCHIVE) ,"16-15.2 - Possession, del",-,-,-,-,-,-,-,-,-,-,Not specified,-,-,-,"Non-sale distribution/delivery (ARCHIVE), Possession, possession with intent to use, keep, Use, Manufacturing, manufacture with intent to deliver or sell","16-15.2 - Possession, del,16-15.2 - Possession, del",-,-,"Civil (ARCHIVE), Criminal (ARCHIVE) ","16-15.2 - Possession, del",-,-,"Paraphernalia for consumption of cannabis, generally (ARCHIVE), Syringe services or harm reduction programs specifically, supervised use sites (ARCHIVE), Professionals acting in their course of business [e.g. pharmacists, physicians, manufacturers]","16-15.2 - Possession, del,16-15.2 - Possession, del",Department of health employees or their designees while they are directly and immediately engaged in activities related to the harm reduction program authorized by the Harm Reduction Act,-,-,-,-,-,-,-,-,-,-,-,-,-,-,-,-,-,-,-,-,-,-,-,-,-,-,-,-,-,-,-,-,-,-,-,-,-,-,-,-,-,-,-,-,-,-,-,-,-,-,-,-,-
"Santa Maria, Santa Barbara County, California, United States",city,https://app.monqcle.com/org/cphlr/project/drug-paraphernalia-laws-1689792283/record/63058,DPL_2023_Consolidated,2022-12-31,2023-01-01,1,0,-,-,-,-,-,-,-,-,-,-,-,-,-,-,-,-,-,-,-,-,-,-,-,-,-,-,-,-,-,-,-,-,-,-,-,-,-,-,-,-,-,-,-,-,-,-,-,-,-,-,-,-,-,-,-,-,-,-,-,-,-,-,-,-,-,-,-,-,-,-,-,-,-,-,-,-,-,-,-,-,-,-,-,-,-,-,-,-,-,-,-,-,-,-,-,-,-,-,-,-,-,-,-,-,-,-,-
"Santa Maria, Santa Barbara County, California, United States",city,https://app.monqcle.com/org/cphlr/project/drug-paraphernalia-laws-1689792283/record/76522,DPL_2025_Consolidated,2022-12-31,2024-12-31,1,0,-,-,-,-,-,-,-,-,-,-,-,-,-,-,-,-,-,-,-,-,-,-,-,-,-,-,-,-,-,-,-,-,-,-,-,-,-,-,-,-,-,-,-,-,-,-,-,-,-,-,-,-,-,-,-,-,-,-,-,-,-,-,-,-,-,-,-,-,-,-,-,-,-,-,-,-,-,-,-,-,-,-,-,-,-,-,-,-,-,-,-,-,-,-,-,-,-,-,-,-,-,-,-,-,-,-,-
"Santa Monica, Los Angeles County, California, United States",city,https://app.monqcle.com/org/cphlr/project/drug-paraphernalia-laws-1689792283/record/63387,DPL_2023_Consolidated,2022-12-31,2023-01-01,1,0,-,-,-,-,-,-,-,-,-,-,-,-,-,-,-,-,-,-,-,-,-,-,-,-,-,-,-,-,-,-,-,-,-,-,-,-,-,-,-,-,-,-,-,-,-,-,-,-,-,-,-,-,-,-,-,-,-,-,-,-,-,-,-,-,-,-,-,-,-,-,-,-,-,-,-,-,-,-,-,-,-,-,-,-,-,-,-,-,-,-,-,-,-,-,-,-,-,-,-,-,-,-,-,-,-,-,-
"Santa Monica, Los Angeles County, California, United States",city,https://app.monqcle.com/org/cphlr/project/drug-paraphernalia-laws-1689792283/record/76713,DPL_2025_Consolidated,2022-12-31,2024-12-31,1,0,-,-,-,-,-,-,-,-,-,-,-,-,-,-,-,-,-,-,-,-,-,-,-,-,-,-,-,-,-,-,-,-,-,-,-,-,-,-,-,-,-,-,-,-,-,-,-,-,-,-,-,-,-,-,-,-,-,-,-,-,-,-,-,-,-,-,-,-,-,-,-,-,-,-,-,-,-,-,-,-,-,-,-,-,-,-,-,-,-,-,-,-,-,-,-,-,-,-,-,-,-,-,-,-,-,-,-
"Santa Rosa, Sonoma County, California, United States",city,https://app.monqcle.com/org/cphlr/project/drug-paraphernalia-laws-1689792283/record/64081,DPL_2023_Consolidated,2022-12-31,2023-01-01,1,0,-,-,-,-,-,-,-,-,-,-,-,-,-,-,-,-,-,-,-,-,-,-,-,-,-,-,-,-,-,-,-,-,-,-,-,-,-,-,-,-,-,-,-,-,-,-,-,-,-,-,-,-,-,-,-,-,-,-,-,-,-,-,-,-,-,-,-,-,-,-,-,-,-,-,-,-,-,-,-,-,-,-,-,-,-,-,-,-,-,-,-,-,-,-,-,-,-,-,-,-,-,-,-,-,-,-,-
"Santa Rosa, Sonoma County, California, United States",city,https://app.monqcle.com/org/cphlr/project/drug-paraphernalia-laws-1689792283/record/75307,DPL_2025_Consolidated,2022-12-31,2024-12-31,1,0,-,-,-,-,-,-,-,-,-,-,-,-,-,-,-,-,-,-,-,-,-,-,-,-,-,-,-,-,-,-,-,-,-,-,-,-,-,-,-,-,-,-,-,-,-,-,-,-,-,-,-,-,-,-,-,-,-,-,-,-,-,-,-,-,-,-,-,-,-,-,-,-,-,-,-,-,-,-,-,-,-,-,-,-,-,-,-,-,-,-,-,-,-,-,-,-,-,-,-,-,-,-,-,-,-,-,-
"Savannah, Chatham County, Georgia, United States",city,https://app.monqcle.com/org/cphlr/project/drug-paraphernalia-laws-1689792283/record/75908,DPL_2025_Consolidated,2022-12-31,2024-12-31,12,1,-,-,-,enCodePlus,-,-,-,https://online.encodeplus.com/regs/savannah-ga/doc-viewer.aspx#secid-3681,-,-,-,-,-,-,-,10/28/1993,-,In effect since at least date posted,-,07/15/2025,-,-,-,"Known, partial current through date published in ordinance (month or day imputed)",-,-,-,Neither (ARCHIVE),-,-,-,0,-,-,-,-,-,-,-,"Syringes, hypodermic needles, other inject/ion/ing equipment/instrument/supplies , Other",PART 9 - OFFENSES CHAPTER,"any apparatus, device or instrument for the unauthorized use of drugs",-,"Sales, possession with intent to sell, offer for sale (NEW), Possession, possession with intent to use, keep, Use","PART 9 - OFFENSES CHAPTER,PART 9 - OFFENSES CHAPTER,PART 9 - OFFENSES CHAPTER",-,-,"""Unlawful"" only (NEW)",PART 9 - OFFENSES CHAPTER,-,-,"Syringes for approved medical use (i.e. diabetes) , Other paraphernalia for approved medical use, Professionals acting in their course of business [e.g. pharmacists, physicians, manufacturers], Other","PART 9 - OFFENSES CHAPTER,PART 9 - OFFENSES CHAPTER,PART 9 - OFFENSES CHAPTER","This section shall not apply if possession, sale or purchase was for a harmless purpose.",-,-,-,-,-,-,-,-,-,-,-,-,-,-,-,-,-,-,-,-,-,-,-,-,-,-,-,-,-,-,-,-,-,-,-,-,-,-,-,-,-,-,-,-,-,-,-,-,-,-,-,-,-
"Savannah, Chatham County, Georgia, United States",city,https://app.monqcle.com/org/cphlr/project/drug-paraphernalia-laws-1689792283/record/63241,DPL_2023_Consolidated,2022-12-31,2023-01-01,11,1,-,-,-,enCodePlus,-,-,-,https://online.encodeplus.com/regs/savannah-ga/doc-viewer.aspx#secid-3681,-,-,-,-,-,-,-,10/28/1993,-,In effect since at least date posted,-,07/15/2023,-,-,-,"Known, partial current through date published in ordinance (month or day imputed)",-,-,-,Neither (ARCHIVE),-,-,-,-,-,-,-,-,-,-,-,"Syringes, hypodermic needles, other inject/ion/ing equipment/instrument/supplies , Other",PART 9 - OFFENSES CHAPTER,"any apparatus, device or instrument for the unauthorized use of drugs",-,"Sales (ARCHIVE), Possession, possession with intent to use, keep, Use, Other","PART 9 - OFFENSES CHAPTER,PART 9 - OFFENSES CHAPTER,PART 9 - OFFENSES CHAPTER","Not destroying needles when no longer in use for medical purposes, buy",-,Criminal (ARCHIVE) ,PART 9 - OFFENSES CHAPTER,-,-,"Syringes for approved medical use (i.e. diabetes) , Other paraphernalia for approved medical use, Xylazine checking/testing equipment specifically, in the context syringe services, harm reduction programs, or supervised use sites (NEW), Professionals acting in their course of business [e.g. pharmacists, physicians, manufacturers]","PART 9 - OFFENSES CHAPTER,PART 9 - OFFENSES CHAPTER,PART 9 - OFFENSES CHAPTER","This section shall not apply if possession, sale or purchase was for a harmless purpose.",-,-,-,-,-,-,-,-,-,-,-,-,-,-,-,-,-,-,-,-,-,-,-,-,-,-,-,-,-,-,-,-,-,-,-,-,-,-,-,-,-,-,-,-,-,-,-,-,-,-,-,-,-
"Scottsdale, Maricopa County, Arizona, United States",city,https://app.monqcle.com/org/cphlr/project/drug-paraphernalia-laws-1689792283/record/64171,DPL_2023_Consolidated,2022-12-31,2023-01-01,1,0,-,-,-,-,-,-,-,-,-,-,-,-,-,-,-,-,-,-,-,-,-,-,-,-,-,-,-,-,-,-,-,-,-,-,-,-,-,-,-,-,-,-,-,-,-,-,-,-,-,-,-,-,-,-,-,-,-,-,-,-,-,-,-,-,-,-,-,-,-,-,-,-,-,-,-,-,-,-,-,-,-,-,-,-,-,-,-,-,-,-,-,-,-,-,-,-,-,-,-,-,-,-,-,-,-,-,-
"Scottsdale, Maricopa County, Arizona, United States",city,https://app.monqcle.com/org/cphlr/project/drug-paraphernalia-laws-1689792283/record/75146,DPL_2025_Consolidated,2022-12-31,2024-12-31,1,0,-,-,-,-,-,-,-,-,-,-,-,-,-,-,-,-,-,-,-,-,-,-,-,-,-,-,-,-,-,-,-,-,-,-,-,-,-,-,-,-,-,-,-,-,-,-,-,-,-,-,-,-,-,-,-,-,-,-,-,-,-,-,-,-,-,-,-,-,-,-,-,-,-,-,-,-,-,-,-,-,-,-,-,-,-,-,-,-,-,-,-,-,-,-,-,-,-,-,-,-,-,-,-,-,-,-,-
"Scranton, Lackawanna County, Pennsylvania, United States",city,https://app.monqcle.com/org/cphlr/project/drug-paraphernalia-laws-1689792283/record/62864,DPL_2023_Consolidated ,2022-12-31,2023-01-01,1,0,-,-,-,-,-,-,-,-,-,-,-,-,-,-,-,-,-,-,-,-,-,-,-,-,-,-,-,-,-,-,-,-,-,-,-,-,-,-,-,-,-,-,-,-,-,-,-,-,-,-,-,-,-,-,-,-,-,-,-,-,-,-,-,-,-,-,-,-,-,-,-,-,-,-,-,-,-,-,-,-,-,-,-,-,-,-,-,-,-,-,-,-,-,-,-,-,-,-,-,-,-,-,-,-,-,-,-
"Seattle, King County, Washington, United States",city,https://app.monqcle.com/org/cphlr/project/drug-paraphernalia-laws-1689792283/record/62903,DPL_2023_Consolidated,2022-12-31,2023-01-01,1,0,-,-,-,-,-,-,-,-,-,-,-,-,-,-,-,-,-,-,-,-,-,-,-,-,-,-,-,-,-,-,-,-,-,-,-,-,-,-,-,-,-,-,-,-,-,-,-,-,-,-,-,-,-,-,-,-,-,-,-,-,-,-,-,-,-,-,-,-,-,-,-,-,-,-,-,-,-,-,-,-,-,-,-,-,-,-,-,-,-,-,-,-,-,-,-,-,-,-,-,-,-,-,-,-,-,-,-
"Seattle, King County, Washington, United States",city,https://app.monqcle.com/org/cphlr/project/drug-paraphernalia-laws-1689792283/record/74631,DPL_2025_Consolidated,2022-12-31,2024-12-31,1,0,-,-,-,-,-,-,-,-,-,-,-,-,-,-,-,-,-,-,-,-,-,-,-,-,-,-,-,-,-,-,-,-,-,-,-,-,-,-,-,-,-,-,-,-,-,-,-,-,-,-,-,-,-,-,-,-,-,-,-,-,-,-,-,-,-,-,-,-,-,-,-,-,-,-,-,-,-,-,-,-,-,-,-,-,-,-,-,-,-,-,-,-,-,-,-,-,-,-,-,-,-,-,-,-,-,-,-
"Shreveport, Caddo Parish, Louisiana, United States",city,https://app.monqcle.com/org/cphlr/project/drug-paraphernalia-laws-1689792283/record/62946,DPL_2023_Consolidated,2022-12-31,2023-01-01,1,0,-,-,-,-,-,-,-,-,-,-,-,-,-,-,-,-,-,-,-,-,-,-,-,-,-,-,-,-,-,-,-,-,-,-,-,-,-,-,-,-,-,-,-,-,-,-,-,-,-,-,-,-,-,-,-,-,-,-,-,-,-,-,-,-,-,-,-,-,-,-,-,-,-,-,-,-,-,-,-,-,-,-,-,-,-,-,-,-,-,-,-,-,-,-,-,-,-,-,-,-,-,-,-,-,-,-,-
"Shreveport, Caddo Parish, Louisiana, United States",city,https://app.monqcle.com/org/cphlr/project/drug-paraphernalia-laws-1689792283/record/75386,DPL_2025_Consolidated,2022-12-31,2024-12-31,1,0,-,-,-,-,-,-,-,-,-,-,-,-,-,-,-,-,-,-,-,-,-,-,-,-,-,-,-,-,-,-,-,-,-,-,-,-,-,-,-,-,-,-,-,-,-,-,-,-,-,-,-,-,-,-,-,-,-,-,-,-,-,-,-,-,-,-,-,-,-,-,-,-,-,-,-,-,-,-,-,-,-,-,-,-,-,-,-,-,-,-,-,-,-,-,-,-,-,-,-,-,-,-,-,-,-,-,-
"Simi Valley, Ventura County, California, United States",city,https://app.monqcle.com/org/cphlr/project/drug-paraphernalia-laws-1689792283/record/75889,DPL_2025_Consolidated,2022-12-31,2024-12-31,1,0,-,-,-,-,-,-,-,-,-,-,-,-,-,-,-,-,-,-,-,-,-,-,-,-,-,-,-,-,-,-,-,-,-,-,-,-,-,-,-,-,-,-,-,-,-,-,-,-,-,-,-,-,-,-,-,-,-,-,-,-,-,-,-,-,-,-,-,-,-,-,-,-,-,-,-,-,-,-,-,-,-,-,-,-,-,-,-,-,-,-,-,-,-,-,-,-,-,-,-,-,-,-,-,-,-,-,-
"Simi Valley, Ventura County, California, United States",city,https://app.monqcle.com/org/cphlr/project/drug-paraphernalia-laws-1689792283/record/63981,DPL_2023_Consolidated,2022-12-31,2023-01-01,1,0,-,-,-,-,-,-,-,-,-,-,-,-,-,-,-,-,-,-,-,-,-,-,-,-,-,-,-,-,-,-,-,-,-,-,-,-,-,-,-,-,-,-,-,-,-,-,-,-,-,-,-,-,-,-,-,-,-,-,-,-,-,-,-,-,-,-,-,-,-,-,-,-,-,-,-,-,-,-,-,-,-,-,-,-,-,-,-,-,-,-,-,-,-,-,-,-,-,-,-,-,-,-,-,-,-,-,-
"Sioux City, Woodbury County, Iowa, United States",city,https://app.monqcle.com/org/cphlr/project/drug-paraphernalia-laws-1689792283/record/77323,DPL_2025_Consolidated,2022-12-31,2024-12-31,12,1,-,-,-,self-published ,-,-,-,https://online.encodeplus.com/regs/siouxcity-ia/doc-viewer.aspx?secid=2317&keywords=paraphernalia%27s%2Cparaphernalia#secid-2317,-,-,-,06/13/2015,-,unknown date at bottom of ordinance ,-,-,-,-,-,07/15/2025,-,-,-,"Known, partial current through date published in ordinance (month or day imputed)",-,-,-,Both (ARCHIVE) ,-,-,-,0,-,-,-,-,-,-,-,"Syringes, hypodermic needles, other inject/ion/ing equipment/instrument/supplies , Pipes, other smoke/ing or inhal/ing/ation equipment or supplies, Drug test/ing or check/ing equipment or supplies, Other",CHAPTER 8.20. DRUG PARAPH,-,-,"Sales, possession with intent to sell, offer for sale (NEW), Delivery, possession with intent to deliver/distribute, distribution, transfer, furnish, exchange (NEW), Possession, possession with intent to use, keep, Use, Manufacturing, manufacture with intent to deliver or sell","CHAPTER 8.20. DRUG PARAPH,CHAPTER 8.20. DRUG PARAPH",-,-,"Misdemeanor (NEW), Civil Fine (NEW), Incarceration (NEW)","MISDEMEANORS, §903.1,1.04.100 General Penalty.",-,-,None,-,-,-,-,-,-,-,-,-,-,-,-,-,-,-,-,-,-,-,-,-,-,-,-,-,-,-,-,-,-,-,-,-,-,-,-,-,-,-,-,-,-,-,-,-,-,-,-,-,-,-,-,-,-,-
"Sioux City, Woodbury County, Iowa, United States",city,https://app.monqcle.com/org/cphlr/project/drug-paraphernalia-laws-1689792283/record/63834,DPL_2023_Consolidated,2022-12-31,2023-01-01,11,1,-,-,-,self-published,-,-,-,https://online.encodeplus.com/regs/siouxcity-ia/doc-viewer.aspx?secid=2317&keywords=paraphernalia%27s%2Cparaphernalia#secid-2317,-,-,-,06/13/2015,-,unknown date at bottom of ordinance ,-,-,-,-,-,10/09/2023,-,-,-,"Known, current through date published in ordinance",-,-,-,Both (ARCHIVE) ,"CHAPTER 8.20. DRUG PARAPH,CHAPTER 8.20. DRUG PARAPH",-,-,-,-,-,-,-,-,-,-,"Syringes, hypodermic needles, other inject/ion/ing equipment/instrument/supplies , Pipes, other smoke/ing or inhal/ing/ation equipment or supplies, Drug test/ing or check/ing equipment or supplies, Other",CHAPTER 8.20. DRUG PARAPH,-,-,"Sales (ARCHIVE), Non-sale distribution/delivery (ARCHIVE), Possession, possession with intent to use, keep, Use, Manufacturing, manufacture with intent to deliver or sell","CHAPTER 8.20. DRUG PARAPH,CHAPTER 8.20. DRUG PARAPH",-,-,Criminal (ARCHIVE) ,1.04.100 General Penalty.,-,-,None,-,-,-,-,-,-,-,-,-,-,-,-,-,-,-,-,-,-,-,-,-,-,-,-,-,-,-,-,-,-,-,-,-,-,-,-,-,-,-,-,-,-,-,-,-,-,-,-,-,-,-,-,-,-,-
"Sioux Falls, Minnehaha County, South Dakota, United States",city,https://app.monqcle.com/org/cphlr/project/drug-paraphernalia-laws-1689792283/record/62993,DPL_2023_Consolidated,2022-12-31,2023-01-01,1,0,-,-,-,-,-,-,-,-,-,-,-,-,-,-,-,-,-,-,-,-,-,-,-,-,-,-,-,-,-,-,-,-,-,-,-,-,-,-,-,-,-,-,-,-,-,-,-,-,-,-,-,-,-,-,-,-,-,-,-,-,-,-,-,-,-,-,-,-,-,-,-,-,-,-,-,-,-,-,-,-,-,-,-,-,-,-,-,-,-,-,-,-,-,-,-,-,-,-,-,-,-,-,-,-,-,-,-
"Sioux Falls, Minnehaha County, South Dakota, United States",city,https://app.monqcle.com/org/cphlr/project/drug-paraphernalia-laws-1689792283/record/75319,DPL_2025_Consolidated,2022-12-31,2024-12-31,1,0,-,-,-,-,-,-,-,-,-,-,-,-,-,-,-,-,-,-,-,-,-,-,-,-,-,-,-,-,-,-,-,-,-,-,-,-,-,-,-,-,-,-,-,-,-,-,-,-,-,-,-,-,-,-,-,-,-,-,-,-,-,-,-,-,-,-,-,-,-,-,-,-,-,-,-,-,-,-,-,-,-,-,-,-,-,-,-,-,-,-,-,-,-,-,-,-,-,-,-,-,-,-,-,-,-,-,-
"Somerville, Middlesex County, Massachusetts, United States",city,https://app.monqcle.com/org/cphlr/project/drug-paraphernalia-laws-1689792283/record/62801,DPL_2023_Consolidated,2022-12-31,2023-01-01,1,0,-,-,-,-,-,-,-,-,-,-,-,-,-,-,-,-,-,-,-,-,-,-,-,-,-,-,-,-,-,-,-,-,-,-,-,-,-,-,-,-,-,-,-,-,-,-,-,-,-,-,-,-,-,-,-,-,-,-,-,-,-,-,-,-,-,-,-,-,-,-,-,-,-,-,-,-,-,-,-,-,-,-,-,-,-,-,-,-,-,-,-,-,-,-,-,-,-,-,-,-,-,-,-,-,-,-,-
"Somerville, Middlesex County, Massachusetts, United States",city,https://app.monqcle.com/org/cphlr/project/drug-paraphernalia-laws-1689792283/record/77394,DPL_2025_Consolidated,2022-12-31,2024-12-31,1,0,-,-,-,-,-,-,-,-,-,-,-,-,-,-,-,-,-,-,-,-,-,-,-,-,-,-,-,-,-,-,-,-,-,-,-,-,-,-,-,-,-,-,-,-,-,-,-,-,-,-,-,-,-,-,-,-,-,-,-,-,-,-,-,-,-,-,-,-,-,-,-,-,-,-,-,-,-,-,-,-,-,-,-,-,-,-,-,-,-,-,-,-,-,-,-,-,-,-,-,-,-,-,-,-,-,-,-
"South Bend, Saint Joseph County, Indiana, United States",city,https://app.monqcle.com/org/cphlr/project/drug-paraphernalia-laws-1689792283/record/76405,DPL_2025_Consolidated,2022-12-31,2024-12-31,1,0,-,-,-,-,-,-,-,-,-,-,-,-,-,-,-,-,-,-,-,-,-,-,-,-,-,-,-,-,-,-,-,-,-,-,-,-,-,-,-,-,-,-,-,-,-,-,-,-,-,-,-,-,-,-,-,-,-,-,-,-,-,-,-,-,-,-,-,-,-,-,-,-,-,-,-,-,-,-,-,-,-,-,-,-,-,-,-,-,-,-,-,-,-,-,-,-,-,-,-,-,-,-,-,-,-,-,-
"South Bend, Saint Joseph County, Indiana, United States",city,https://app.monqcle.com/org/cphlr/project/drug-paraphernalia-laws-1689792283/record/63644,DPL_2023_Consolidated ,2022-12-31,2023-01-01,1,0,-,-,-,-,-,-,-,-,-,-,-,-,-,-,-,-,-,-,-,-,-,-,-,-,-,-,-,-,-,-,-,-,-,-,-,-,-,-,-,-,-,-,-,-,-,-,-,-,-,-,-,-,-,-,-,-,-,-,-,-,-,-,-,-,-,-,-,-,-,-,-,-,-,-,-,-,-,-,-,-,-,-,-,-,-,-,-,-,-,-,-,-,-,-,-,-,-,-,-,-,-,-,-,-,-,-,-
"South Burlington, Chittenden County, Vermont, United States",city,https://app.monqcle.com/org/cphlr/project/drug-paraphernalia-laws-1689792283/record/63889,DPL_2023_Consolidated,2022-12-31,2023-01-01,1,0,-,-,-,-,-,-,-,-,-,-,-,-,-,-,-,-,-,-,-,-,-,-,-,-,-,-,-,-,-,-,-,-,-,-,-,-,-,-,-,-,-,-,-,-,-,-,-,-,-,-,-,-,-,-,-,-,-,-,-,-,-,-,-,-,-,-,-,-,-,-,-,-,-,-,-,-,-,-,-,-,-,-,-,-,-,-,-,-,-,-,-,-,-,-,-,-,-,-,-,-,-,-,-,-,-,-,-
"South Burlington, Chittenden County, Vermont, United States",city,https://app.monqcle.com/org/cphlr/project/drug-paraphernalia-laws-1689792283/record/77383,DPL_2025_Consolidated,2022-12-31,2024-12-31,1,0,-,-,-,-,-,-,-,-,-,-,-,-,-,-,-,-,-,-,-,-,-,-,-,-,-,-,-,-,-,-,-,-,-,-,-,-,-,-,-,-,-,-,-,-,-,-,-,-,-,-,-,-,-,-,-,-,-,-,-,-,-,-,-,-,-,-,-,-,-,-,-,-,-,-,-,-,-,-,-,-,-,-,-,-,-,-,-,-,-,-,-,-,-,-,-,-,-,-,-,-,-,-,-,-,-,-,-
"South Fulton, Fulton County, Georgia, United States",town,https://app.monqcle.com/org/cphlr/project/drug-paraphernalia-laws-1689792283/record/76474,DPL_2025_Consolidated,2022-12-31,2024-12-31,1,0,-,-,-,-,-,-,-,-,-,-,-,-,-,-,-,-,-,-,-,-,-,-,-,-,-,-,-,-,-,-,-,-,-,-,-,-,-,-,-,-,-,-,-,-,-,-,-,-,-,-,-,-,-,-,-,-,-,-,-,-,-,-,-,-,-,-,-,-,-,-,-,-,-,-,-,-,-,-,-,-,-,-,-,-,-,-,-,-,-,-,-,-,-,-,-,-,-,-,-,-,-,-,-,-,-,-,-
"South Fulton, Fulton County, Georgia, United States",town,https://app.monqcle.com/org/cphlr/project/drug-paraphernalia-laws-1689792283/record/63693,DPL_2023_Consolidated,2022-12-31,2023-01-01,1,0,-,-,-,-,-,-,-,-,-,-,-,-,-,-,-,-,-,-,-,-,-,-,-,-,-,-,-,-,-,-,-,-,-,-,-,-,-,-,-,-,-,-,-,-,-,-,-,-,-,-,-,-,-,-,-,-,-,-,-,-,-,-,-,-,-,-,-,-,-,-,-,-,-,-,-,-,-,-,-,-,-,-,-,-,-,-,-,-,-,-,-,-,-,-,-,-,-,-,-,-,-,-,-,-,-,-,-
"South Gate, Los Angeles County, California, 90280, United States",city,https://app.monqcle.com/org/cphlr/project/drug-paraphernalia-laws-1689792283/record/77002,DPL_2025_Consolidated,2022-12-31,2024-12-31,1,0,-,-,-,-,-,-,-,-,-,-,-,-,-,-,-,-,-,-,-,-,-,-,-,-,-,-,-,-,-,-,-,-,-,-,-,-,-,-,-,-,-,-,-,-,-,-,-,-,-,-,-,-,-,-,-,-,-,-,-,-,-,-,-,-,-,-,-,-,-,-,-,-,-,-,-,-,-,-,-,-,-,-,-,-,-,-,-,-,-,-,-,-,-,-,-,-,-,-,-,-,-,-,-,-,-,-,-
"South Gate, Los Angeles County, California, 90280, United States of America",city,https://app.monqcle.com/org/cphlr/project/drug-paraphernalia-laws-1689792283/record/62885,DPL_2023_Consolidated,2022-12-31,2023-01-01,1,0,-,-,-,-,-,-,-,-,-,-,-,-,-,-,-,-,-,-,-,-,-,-,-,-,-,-,-,-,-,-,-,-,-,-,-,-,-,-,-,-,-,-,-,-,-,-,-,-,-,-,-,-,-,-,-,-,-,-,-,-,-,-,-,-,-,-,-,-,-,-,-,-,-,-,-,-,-,-,-,-,-,-,-,-,-,-,-,-,-,-,-,-,-,-,-,-,-,-,-,-,-,-,-,-,-,-,-
"Sparks, Washoe County, Nevada, United States",city,https://app.monqcle.com/org/cphlr/project/drug-paraphernalia-laws-1689792283/record/63372,DPL_2023_Consolidated,2022-12-31,2023-01-01,11,1,-,-,-,Municode,-,-,-,https://library.municode.com/nv/sparks/codes/code_of_ordinances?nodeId=TIT9PUPEMOSA_CH9.21DRPA,-,-,-,09/09/2013,-,unknown date at bottom of ordinance,-,-,-,-,-,11/01/2023,-,-,-,"Known, current through date published in ordinance",-,-,-,Both (ARCHIVE) ,"Chapter 9.21 - DRUG PARAP,Chapter 9.21 - DRUG PARAP",-,-,-,-,-,-,-,-,-,-,"Pipes, other smoke/ing or inhal/ing/ation equipment or supplies, Drug test/ing or check/ing equipment or supplies, Other",Chapter 9.21 - DRUG PARAP,-,-,"Non-sale distribution/delivery (ARCHIVE), Possession, possession with intent to use, keep, Use","Chapter 9.21 - DRUG PARAP,Chapter 9.21 - DRUG PARAP",delivery to a minor ,-,Criminal (ARCHIVE) ,Chapter 9.21 - DRUG PARAP,-,-,"Syringes, generally",Chapter 9.21 - DRUG PARAP,-,-,-,-,-,-,-,-,-,-,-,-,-,-,-,-,-,-,-,-,-,-,-,-,-,-,-,-,-,-,-,-,-,-,-,-,-,-,-,-,-,-,-,-,-,-,-,-,-,-,-,-,-,-
"Sparks, Washoe County, Nevada, United States",city,https://app.monqcle.com/org/cphlr/project/drug-paraphernalia-laws-1689792283/record/76629,DPL_2025_Consolidated,2022-12-31,2024-12-31,13,1,-,-,-,Municode,-,-,-,https://library.municode.com/nv/sparks/codes/code_of_ordinances?nodeId=TIT9PUPEMOSA_CH9.21DRPA,-,-,-,09/09/2013,-,unknown date at bottom of ordinance,-,-,-,-,-,09/17/2025,-,-,-,"Known, current through date published in ordinance",-,-,-,Both (ARCHIVE) ,-,-,-,0,-,-,-,-,-,-,-,"Pipes, other smoke/ing or inhal/ing/ation equipment or supplies, Drug test/ing or check/ing equipment or supplies, Other",Chapter 9.21 - DRUG PARAP,-,-,"Possession, possession with intent to use, keep, Use",Chapter 9.21 - DRUG PARAP,delivery to a minor ,-,Misdemeanor (NEW),Chapter 9.21 - DRUG PARAP,-,-,"Syringes, generally",Chapter 9.21 - DRUG PARAP,-,-,"Possession, Use",-,-,-,-,-,-,-,-,-,-,-,-,-,-,-,-,-,-,-,-,-,-,-,-,-,-,-,-,-,-,-,-,-,-,-,-,-,-,-,-,-,-,-,-,-,-,-,-,-,-,-
"Spokane, Spokane County, Washington, United States",city,https://app.monqcle.com/org/cphlr/project/drug-paraphernalia-laws-1689792283/record/75119,DPL_2025_Consolidated,2022-12-31,2024-12-31,1,0,-,-,-,-,-,-,-,-,-,-,-,-,-,-,-,-,-,-,-,-,-,-,-,-,-,-,-,-,-,-,-,-,-,-,-,-,-,-,-,-,-,-,-,-,-,-,-,-,-,-,-,-,-,-,-,-,-,-,-,-,-,-,-,-,-,-,-,-,-,-,-,-,-,-,-,-,-,-,-,-,-,-,-,-,-,-,-,-,-,-,-,-,-,-,-,-,-,-,-,-,-,-,-,-,-,-,-
"Spokane, Spokane County, Washington, United States",city,https://app.monqcle.com/org/cphlr/project/drug-paraphernalia-laws-1689792283/record/63168,DPL_2023_Consolidated,2022-12-31,2023-01-01,1,0,-,-,-,-,-,-,-,-,-,-,-,-,-,-,-,-,-,-,-,-,-,-,-,-,-,-,-,-,-,-,-,-,-,-,-,-,-,-,-,-,-,-,-,-,-,-,-,-,-,-,-,-,-,-,-,-,-,-,-,-,-,-,-,-,-,-,-,-,-,-,-,-,-,-,-,-,-,-,-,-,-,-,-,-,-,-,-,-,-,-,-,-,-,-,-,-,-,-,-,-,-,-,-,-,-,-,-
"Spokane Valley, Spokane County, Washington, United States",city,https://app.monqcle.com/org/cphlr/project/drug-paraphernalia-laws-1689792283/record/63684,DPL_2023_Consolidated,2022-12-31,2023-01-01,11,1,-,-,-,self-published,-,-,-,https://www.codepublishing.com/WA/SpokaneValley/#!/SpokaneValley08/SpokaneValley0820.html#8.20.040,-,-,-,07/15/2003,-,"day and month imputed, unknown date at bottom of ordinance",-,-,-,-,-,11/21/2023,-,-,-,"Known, current through date published in ordinance",-,-,-,State (ARCHIVE) ,8.20.040 Controlled subst,-,-,-,-,-,-,-,-,-,-,"Syringes, hypodermic needles, other inject/ion/ing equipment/instrument/supplies , Pipes, other smoke/ing or inhal/ing/ation equipment or supplies, Drug test/ing or check/ing equipment or supplies, Other",RCW 69.50.102 Drug paraph,-,-,"Non-sale distribution/delivery (ARCHIVE), Use, Advertising, display, Manufacturing, manufacture with intent to deliver or sell","RCW 69.50.412 Prohibited ,RCW 69.50.412 Prohibited ,RCW 69.50.412 Prohibited ",-,-,Criminal (ARCHIVE) ,RCW 69.50.412 Prohibited ,-,-,Syringes for approved medical use (i.e. diabetes) ,RCW 69.50.412 Prohibited ,It is lawful for any person over the age of eighteen to possess sterile hypodermic syringes and needles for the purpose of reducing blood-borne diseases.,-,-,-,-,-,-,-,-,-,-,-,-,-,-,-,-,-,-,-,-,-,-,-,-,-,-,-,-,-,-,-,-,-,-,-,-,-,-,-,-,-,-,-,-,-,-,-,-,-,-,-,-,-
"Spokane Valley, Spokane County, Washington, United States",city,https://app.monqcle.com/org/cphlr/project/drug-paraphernalia-laws-1689792283/record/76635,DPL_2025_Consolidated,2022-12-31,2024-12-31,14,1,-,-,-,self-published,-,-,-,https://www.codepublishing.com/WA/SpokaneValley/#!/SpokaneValley08/SpokaneValley0820.html#8.20.040,-,-,-,07/15/2003,-,"day and month imputed, unknown date at bottom of ordinance",-,-,-,-,-,06/03/2025,-,-,-,"Known, current through date published in ordinance",-,-,-,State (ARCHIVE) ,-,-,-,1,8.20.040 Controlled subst,-,-,"RCW:69.50.102    Drug paraphernalia – Definitions.
69.50.412    Prohibited acts: E – Penalties.",-,-,-,"Syringes, hypodermic needles, other inject/ion/ing equipment/instrument/supplies , Pipes, other smoke/ing or inhal/ing/ation equipment or supplies, Drug test/ing or check/ing equipment or supplies, Other",RCW 69.50.102 Drug paraph,-,-,"Delivery, possession with intent to deliver/distribute, distribution, transfer, furnish, exchange (NEW), Use, Advertising, display, Manufacturing, manufacture with intent to deliver or sell","RCW 69.50.412 Prohibited ,RCW 69.50.412 Prohibited ,RCW 69.50.412 Prohibited ",-,-,Misdemeanor (NEW),RCW 69.50.412 Prohibited ,-,-,"Syringes for approved medical use (i.e. diabetes) , Paraphernalia for consumption of cannabis, generally or medical use (NEW)","RCW 69.50.412 Prohibited ,RCW 69.50.412 Prohibited ",It is lawful for any person over the age of eighteen to possess sterile hypodermic syringes and needles for the purpose of reducing blood-borne diseases.,-,-,-,-,-,-,-,-,-,"Use, Distribution, Sales, Other",-,manufacture,-,-,-,-,-,-,-,-,-,-,-,-,-,-,-,-,-,-,-,-,-,-,-,-,-,-,-,-,-,-,-,-,-,-,-,-,-,-,-,-,-
"Springdale, Washington County, Arkansas, United States",city,https://app.monqcle.com/org/cphlr/project/drug-paraphernalia-laws-1689792283/record/77430,DPL_2025_Consolidated,2022-12-31,2024-12-31,1,0,-,-,-,-,-,-,-,-,-,-,-,-,-,-,-,-,-,-,-,-,-,-,-,-,-,-,-,-,-,-,-,-,-,-,-,-,-,-,-,-,-,-,-,-,-,-,-,-,-,-,-,-,-,-,-,-,-,-,-,-,-,-,-,-,-,-,-,-,-,-,-,-,-,-,-,-,-,-,-,-,-,-,-,-,-,-,-,-,-,-,-,-,-,-,-,-,-,-,-,-,-,-,-,-,-,-,-
"Springdale, Washington County, Arkansas, United States",city,https://app.monqcle.com/org/cphlr/project/drug-paraphernalia-laws-1689792283/record/63273,DPL_2023_Consolidated,2022-12-31,2023-01-01,1,0,-,-,-,-,-,-,-,-,-,-,-,-,-,-,-,-,-,-,-,-,-,-,-,-,-,-,-,-,-,-,-,-,-,-,-,-,-,-,-,-,-,-,-,-,-,-,-,-,-,-,-,-,-,-,-,-,-,-,-,-,-,-,-,-,-,-,-,-,-,-,-,-,-,-,-,-,-,-,-,-,-,-,-,-,-,-,-,-,-,-,-,-,-,-,-,-,-,-,-,-,-,-,-,-,-,-,-
"Springfield, Greene County, Missouri, United States",city,https://app.monqcle.com/org/cphlr/project/drug-paraphernalia-laws-1689792283/record/75515,DPL_2025_PS,2023-04-17,2024-12-31,13,1,-,-,-,Municode ,-,-,-,https://library.municode.com/mo/springfield/codes/code_of_ordinances/420544?nodeId=PTIICO_CH78OFMIPR_ARTVIOFAGPUHESA_S78-260PONAPA,-,-,-,03/19/2001,-,unknown date at bottom of ordinance,-,-,-,-,-,10/17/2025,-,-,-,"Known, current through date published in ordinance",-,-,-,Both (ARCHIVE) ,-,-,-,0,-,-,-,-,-,-,-,"Syringes, hypodermic needles, other inject/ion/ing equipment/instrument/supplies , Pipes, other smoke/ing or inhal/ing/ation equipment or supplies, Drug test/ing or check/ing equipment or supplies, Other",Sec. 78-260. - Possession,-,-,"Possession, possession with intent to use, keep, Use",Sec. 78-260. - Possession,-,-,"Unspecified Fine (NEW), Incarceration (NEW)",Sec. 1-7. - General penal,-,-,"Paraphernalia for consumption of cannabis, generally or medical use (NEW)",Sec. 78-260. - Possession,-,-,-,-,-,-,-,-,-,-,"Possession, Use",-,-,-,-,-,-,-,-,-,-,-,-,-,-,-,-,-,-,-,-,-,-,-,-,-,-,-,-,-,-,-,-,-,-,-,-,-,-,-,-,-,-,-
"Springfield, Greene County, Missouri, United States",city,https://app.monqcle.com/org/cphlr/project/drug-paraphernalia-laws-1689792283/record/75661,DPL_2025_Consolidated,2023-04-17,2024-12-31,13,1,-,-,-,Municode ,-,-,-,https://library.municode.com/mo/springfield/codes/code_of_ordinances/420544?nodeId=PTIICO_CH78OFMIPR_ARTVIOFAGPUHESA_S78-260PONAPA,-,-,-,04/17/2023,-,unknown date at bottom of ordinance,-,-,-,-,-,10/17/2025,-,-,-,"Known, current through date published in ordinance",-,-,-,Both (ARCHIVE) ,-,-,-,0,-,-,-,-,-,-,-,"Syringes, hypodermic needles, other inject/ion/ing equipment/instrument/supplies , Pipes, other smoke/ing or inhal/ing/ation equipment or supplies, Drug test/ing or check/ing equipment or supplies, Other",Sec. 78-260. - Possession,-,-,"Possession, possession with intent to use, keep, Use",Sec. 78-260. - Possession,-,-,"Misdemeanor (NEW), Unspecified Fine (NEW), Incarceration (NEW)",Sec. 1-7. - General penal,-,-,"Paraphernalia for consumption of cannabis, generally or medical use (NEW)",Sec. 78-260. - Possession,-,-,-,-,-,-,-,-,-,-,"Possession, Use",-,-,-,-,-,-,-,-,-,-,-,-,-,-,-,-,-,-,-,-,-,-,-,-,-,-,-,-,-,-,-,-,-,-,-,-,-,-,-,-,-,-,-
"Springfield, Greene County, Missouri, United States",city,https://app.monqcle.com/org/cphlr/project/drug-paraphernalia-laws-1689792283/record/75273,DPL_2025_JD,2023-04-17,2024-12-31,13,1,-,-,-,Municode ,-,-,-,https://library.municode.com/mo/springfield/codes/code_of_ordinances/420544?nodeId=PTIICO_CH78OFMIPR_ARTVIOFAGPUHESA_S78-260PONAPA,-,-,-,04/17/2023,-,unknown date at bottom of ordinance,-,-,-,-,-,10/17/2025,-,-,-,"Known, current through date published in ordinance",-,-,-,Both (ARCHIVE) ,-,-,-,0,-,-,-,-,-,-,-,"Syringes, hypodermic needles, other inject/ion/ing equipment/instrument/supplies , Pipes, other smoke/ing or inhal/ing/ation equipment or supplies, Drug test/ing or check/ing equipment or supplies, Other",Sec. 78-260. - Possession,-,-,"Possession, possession with intent to use, keep, Use",Sec. 78-260. - Possession,-,-,"Misdemeanor (NEW), Unspecified Fine (NEW), Incarceration (NEW)",Sec. 1-7. - General penal,-,-,"Paraphernalia for consumption of cannabis, generally or medical use (NEW)",-,-,-,-,-,-,-,-,-,-,-,"Possession, Use",-,-,-,-,-,-,-,-,-,-,-,-,-,-,-,-,-,-,-,-,-,-,-,-,-,-,-,-,-,-,-,-,-,-,-,-,-,-,-,-,-,-,-
"Springfield, Greene County, Missouri, United States",city,https://app.monqcle.com/org/cphlr/project/drug-paraphernalia-laws-1689792283/record/63847,DPL_2023_Consolidated ,2022-12-31,2023-01-01,11,1,-,-,-,Municode ,-,-,-,https://library.municode.com/mo/springfield/codes/code_of_ordinances/420544?nodeId=PTIICO_CH78OFMIPR_ARTVIOFAGPUHESA_S78-260PONAPA,-,-,-,03/19/2001,-,unknown date at bottom of ordinance,-,-,-,-,-,04/17/2023,-,-,-,"Known, current through date published in ordinance",-,-,-,Both (ARCHIVE) ,Sec. 78-260. - Possession,-,-,-,-,-,-,-,-,-,-,"Syringes, hypodermic needles, other inject/ion/ing equipment/instrument/supplies , Pipes, other smoke/ing or inhal/ing/ation equipment or supplies, Drug test/ing or check/ing equipment or supplies, Other",Sec. 78-260. - Possession,-,-,"Possession, possession with intent to use, keep, Use",Sec. 78-260. - Possession,-,-,Criminal (ARCHIVE) ,Sec. 1-7. - General penal,-,-,None,-,-,-,-,-,-,-,-,-,-,-,-,-,-,-,-,-,-,-,-,-,-,-,-,-,-,-,-,-,-,-,-,-,-,-,-,-,-,-,-,-,-,-,-,-,-,-,-,-,-,-,-,-,-,-
"Springfield, Greene County, Missouri, United States",city,https://app.monqcle.com/org/cphlr/project/drug-paraphernalia-laws-1689792283/record/75660,DPL_2025_Consolidated,2022-12-31,2023-04-16,12,1,-,-,-,Municode ,-,-,-,https://library.municode.com/mo/springfield/codes/code_of_ordinances/420544?nodeId=PTIICO_CH78OFMIPR_ARTVIOFAGPUHESA_S78-260PONAPA,-,-,-,03/19/2001,-,unknown date at bottom of ordinance,-,-,-,-,-,04/17/2023,-,-,-,"Known, current through date published in ordinance",-,-,-,Both (ARCHIVE) ,-,-,-,0,-,-,-,-,-,-,-,"Syringes, hypodermic needles, other inject/ion/ing equipment/instrument/supplies , Pipes, other smoke/ing or inhal/ing/ation equipment or supplies, Drug test/ing or check/ing equipment or supplies, Other",Sec. 78-260. - Possession,-,-,"Possession, possession with intent to use, keep, Use",Sec. 78-260. - Possession,-,-,"Misdemeanor (NEW), Unspecified Fine (NEW), Incarceration (NEW)",Sec. 1-7. - General penal,-,-,None,-,-,-,-,-,-,-,-,-,-,-,-,-,-,-,-,-,-,-,-,-,-,-,-,-,-,-,-,-,-,-,-,-,-,-,-,-,-,-,-,-,-,-,-,-,-,-,-,-,-,-,-,-,-,-
"Springfield, Hampden County, Massachusetts, United States",city,https://app.monqcle.com/org/cphlr/project/drug-paraphernalia-laws-1689792283/record/75619,DPL_2025_Consolidated,2022-12-31,2024-12-31,1,0,-,-,-,-,-,-,-,-,-,-,-,-,-,-,-,-,-,-,-,-,-,-,-,-,-,-,-,-,-,-,-,-,-,-,-,-,-,-,-,-,-,-,-,-,-,-,-,-,-,-,-,-,-,-,-,-,-,-,-,-,-,-,-,-,-,-,-,-,-,-,-,-,-,-,-,-,-,-,-,-,-,-,-,-,-,-,-,-,-,-,-,-,-,-,-,-,-,-,-,-,-,-,-,-,-,-,-
"Springfield, Hampden County, Massachusetts, United States",city,https://app.monqcle.com/org/cphlr/project/drug-paraphernalia-laws-1689792283/record/62851,DPL_2023_Consolidated,2022-12-31,2023-01-01,1,0,-,-,-,-,-,-,-,-,-,-,-,-,-,-,-,-,-,-,-,-,-,-,-,-,-,-,-,-,-,-,-,-,-,-,-,-,-,-,-,-,-,-,-,-,-,-,-,-,-,-,-,-,-,-,-,-,-,-,-,-,-,-,-,-,-,-,-,-,-,-,-,-,-,-,-,-,-,-,-,-,-,-,-,-,-,-,-,-,-,-,-,-,-,-,-,-,-,-,-,-,-,-,-,-,-,-,-
"Springfield, Sangamon County, Illinois, United States",city,https://app.monqcle.com/org/cphlr/project/drug-paraphernalia-laws-1689792283/record/63942,DPL_2023_Consolidated,2022-12-31,2023-01-01,11,1,-,-,-,Municode,-,-,-,https://library.municode.com/il/springfield/codes/code_of_ordinances?nodeId=TITXIIIGEOF_CH131OFAGPUOR_S131.08PODRPAPR,-,-,-,01/07/2020,-,unknown date at bottom,-,-,-,-,-,01/11/2023,-,-,-,"Known, current through date published in ordinance",-,-,-,Neither (ARCHIVE),-,-,-,-,-,-,-,-,-,-,-,"Pipes, other smoke/ing or inhal/ing/ation equipment or supplies, Other",131.08. - Possession of d,-,-,"Possession, possession with intent to use, keep",131.08. - Possession of d,-,-,Civil (ARCHIVE),§ 10.99. - General penalt,-,-,None,-,-,-,-,-,-,-,-,-,-,-,-,-,-,-,-,-,-,-,-,-,-,-,-,-,-,-,-,-,-,-,-,-,-,-,-,-,-,-,-,-,-,-,-,-,-,-,-,-,-,-,-,-,-,-
"Springfield, Sangamon County, Illinois, United States",city,https://app.monqcle.com/org/cphlr/project/drug-paraphernalia-laws-1689792283/record/76284,DPL_2025_Consolidated,2022-12-31,2024-12-31,12,1,-,-,-,Municode,-,-,-,https://library.municode.com/il/springfield/codes/code_of_ordinances?nodeId=TITXIIIGEOF_CH131OFAGPUOR_S131.08PODRPAPR,-,-,-,01/07/2020,-,unknown date at bottom,-,-,-,-,-,05/21/2025,-,-,-,"Known, current through date published in ordinance",-,-,-,Neither (ARCHIVE),-,-,-,0,-,-,-,-,-,-,-,"Pipes, other smoke/ing or inhal/ing/ation equipment or supplies, Other",131.08. - Possession of d,-,-,"Possession, possession with intent to use, keep",131.08. - Possession of d,-,-,Unspecified Fine (NEW),§ 10.99. - General penalt,-,-,None,-,-,-,-,-,-,-,-,-,-,-,-,-,-,-,-,-,-,-,-,-,-,-,-,-,-,-,-,-,-,-,-,-,-,-,-,-,-,-,-,-,-,-,-,-,-,-,-,-,-,-,-,-,-,-
"Stamford, Western Connecticut Planning Region, Connecticut, United States",city,https://app.monqcle.com/org/cphlr/project/drug-paraphernalia-laws-1689792283/record/75855,DPL_2025_Consolidated,2022-12-31,2024-12-31,1,0,-,-,-,-,-,-,-,-,-,-,-,-,-,-,-,-,-,-,-,-,-,-,-,-,-,-,-,-,-,-,-,-,-,-,-,-,-,-,-,-,-,-,-,-,-,-,-,-,-,-,-,-,-,-,-,-,-,-,-,-,-,-,-,-,-,-,-,-,-,-,-,-,-,-,-,-,-,-,-,-,-,-,-,-,-,-,-,-,-,-,-,-,-,-,-,-,-,-,-,-,-,-,-,-,-,-,-
"Stamford, Western Connecticut Planning Region, Connecticut, United States",city,https://app.monqcle.com/org/cphlr/project/drug-paraphernalia-laws-1689792283/record/63161,DPL_2023_Consolidated,2022-12-31,2023-01-01,1,0,-,-,-,-,-,-,-,-,-,-,-,-,-,-,-,-,-,-,-,-,-,-,-,-,-,-,-,-,-,-,-,-,-,-,-,-,-,-,-,-,-,-,-,-,-,-,-,-,-,-,-,-,-,-,-,-,-,-,-,-,-,-,-,-,-,-,-,-,-,-,-,-,-,-,-,-,-,-,-,-,-,-,-,-,-,-,-,-,-,-,-,-,-,-,-,-,-,-,-,-,-,-,-,-,-,-,-
"Sterling Heights, Macomb County, Michigan, United States",city,https://app.monqcle.com/org/cphlr/project/drug-paraphernalia-laws-1689792283/record/75921,DPL_2025_Consolidated,2022-12-31,2024-12-31,14,1,-,-,-,ALP,-,-,-,https://codelibrary.amlegal.com/codes/sterlingheights/latest/sterlinghts_mi/0-0-0-69510,-,-,-,12/18/2018,-,unknown date at bottom of ordinance,-,-,-,-,-,09/02/2025,-,-,-,"Known, current through date published in ordinance",-,-,-,Federal (ARCHIVE) ,-,-,-,1,-,-,-,"Article 15 of the Public Health Code or under the Occupational Code, 1980 PA 299, M.C.L. §§ 339.101 to 339.2721, ",-,can't find state law online,-,"Syringes, hypodermic needles, other inject/ion/ing equipment/instrument/supplies , Pipes, other smoke/ing or inhal/ing/ation equipment or supplies, Drug test/ing or check/ing equipment or supplies, Other",ARTICLE III. DRUG PARAPHE,-,-,"Sales, possession with intent to sell, offer for sale (NEW), Possession, possession with intent to use, keep",ARTICLE III. DRUG PARAPHE,-,-,"Misdemeanor (NEW), Unspecified Fine (NEW), Incarceration (NEW), Forfeiture/Seizure",ARTICLE III. DRUG PARAPHE,-,-,"Syringes for approved medical use (i.e. diabetes) , Paraphernalia for consumption of cannabis, generally or medical use (NEW), Professionals acting in their course of business [e.g. pharmacists, physicians, manufacturers], Public officials in the course of their duties, generally","ARTICLE III. DRUG PARAPHE,ARTICLE III. DRUG PARAPHE,ARTICLE III. DRUG PARAPHE",-,-,-,-,-,-,-,-,-,-,"Possession, Use, Distribution, Sales, Other",-,"Manufacture, purchase",-,-,-,-,-,-,-,-,-,-,-,-,-,-,-,-,-,-,-,-,-,-,-,-,-,-,-,-,-,-,-,-,-,-,-,-,-,-,-,-,-
"Sterling Heights, Macomb County, Michigan, United States",city,https://app.monqcle.com/org/cphlr/project/drug-paraphernalia-laws-1689792283/record/63310,DPL_2023_Consolidated,2022-12-31,2023-01-01,11,1,-,-,-,ALP,-,-,-,https://codelibrary.amlegal.com/codes/sterlingheights/latest/sterlinghts_mi/0-0-0-69510,-,-,-,12/18/2018,-,unknown date at bottom of ordinance,-,-,-,-,-,10/16/2023,-,-,-,"Known, current through date published in ordinance",-,-,-,Federal (ARCHIVE) ,ARTICLE III. DRUG PARAPHE,-,-,-,-,-,-,-,-,-,-,"Syringes, hypodermic needles, other inject/ion/ing equipment/instrument/supplies , Pipes, other smoke/ing or inhal/ing/ation equipment or supplies, Drug test/ing or check/ing equipment or supplies, Other",ARTICLE III. DRUG PARAPHE,offer for sale ,-,"Sales (ARCHIVE), Possession, possession with intent to use, keep, Other",ARTICLE III. DRUG PARAPHE,-,-,"Criminal (ARCHIVE) , Forfeiture/Seizure",ARTICLE III. DRUG PARAPHE,-,-,"Syringes for approved medical use (i.e. diabetes) , Paraphernalia for consumption of cannabis, generally (ARCHIVE), Xylazine checking/testing equipment specifically, in the context syringe services, harm reduction programs, or supervised use sites (NEW), Professionals acting in their course of business [e.g. pharmacists, physicians, manufacturers], Public officials in the course of their duties, generally","ARTICLE III. DRUG PARAPHE,ARTICLE III. DRUG PARAPHE","   (4)   A blender, bowl, container, spoon, or mixing device not specifically designed for a use described in subsection (c).

      (5)   A hypodermic syringe or needle sold or offered for sale for the purpose of injecting or otherwise treating livestock or other animals.
 (6)   An object sold, offered for sale, or given away by a state or local governmental agency or by a person specifically authorized by a state or local governmental agency to prevent the transmission of infectious agents.",-,-,-,-,-,-,-,-,-,-,-,-,-,-,-,-,-,-,-,-,-,-,-,-,-,-,-,-,-,-,-,-,-,-,-,-,-,-,-,-,-,-,-,-,-,-,-,-,-,-,-,-,-
"St. George, Washington County, Utah, United States",city,https://app.monqcle.com/org/cphlr/project/drug-paraphernalia-laws-1689792283/record/64163,DPL_2023_Consolidated,2022-12-31,2023-01-01,1,0,-,-,-,-,-,-,-,-,-,-,-,-,-,-,-,-,-,-,-,-,-,-,-,-,-,-,-,-,-,-,-,-,-,-,-,-,-,-,-,-,-,-,-,-,-,-,-,-,-,-,-,-,-,-,-,-,-,-,-,-,-,-,-,-,-,-,-,-,-,-,-,-,-,-,-,-,-,-,-,-,-,-,-,-,-,-,-,-,-,-,-,-,-,-,-,-,-,-,-,-,-,-,-,-,-,-,-
"St. George, Washington County, Utah, United States",city,https://app.monqcle.com/org/cphlr/project/drug-paraphernalia-laws-1689792283/record/77212,DPL_2025_Consolidated,2022-12-31,2024-12-31,1,0,-,-,-,-,-,-,-,-,-,-,-,-,-,-,-,-,-,-,-,-,-,-,-,-,-,-,-,-,-,-,-,-,-,-,-,-,-,-,-,-,-,-,-,-,-,-,-,-,-,-,-,-,-,-,-,-,-,-,-,-,-,-,-,-,-,-,-,-,-,-,-,-,-,-,-,-,-,-,-,-,-,-,-,-,-,-,-,-,-,-,-,-,-,-,-,-,-,-,-,-,-,-,-,-,-,-,-
"St. Louis, Missouri, United States",city,https://app.monqcle.com/org/cphlr/project/drug-paraphernalia-laws-1689792283/record/63030,DPL_2023_Consolidated,2022-12-31,2023-01-01,1,0,-,-,-,-,-,-,-,-,-,-,-,-,-,-,-,-,-,-,-,-,-,-,-,-,-,-,-,-,-,-,-,-,-,-,-,-,-,-,-,-,-,-,-,-,-,-,-,-,-,-,-,-,-,-,-,-,-,-,-,-,-,-,-,-,-,-,-,-,-,-,-,-,-,-,-,-,-,-,-,-,-,-,-,-,-,-,-,-,-,-,-,-,-,-,-,-,-,-,-,-,-,-,-,-,-,-,-
"St. Louis, Saint Louis, Missouri, United States",city,https://app.monqcle.com/org/cphlr/project/drug-paraphernalia-laws-1689792283/record/74883,DPL_2025_Consolidated,2022-12-31,2024-12-31,1,0,-,-,-,-,-,-,-,-,-,-,-,-,-,-,-,-,-,-,-,-,-,-,-,-,-,-,-,-,-,-,-,-,-,-,-,-,-,-,-,-,-,-,-,-,-,-,-,-,-,-,-,-,-,-,-,-,-,-,-,-,-,-,-,-,-,-,-,-,-,-,-,-,-,-,-,-,-,-,-,-,-,-,-,-,-,-,-,-,-,-,-,-,-,-,-,-,-,-,-,-,-,-,-,-,-,-,-
"Stockton, San Joaquin County, California, United States",city,https://app.monqcle.com/org/cphlr/project/drug-paraphernalia-laws-1689792283/record/63363,DPL_2023_Consolidated,2022-12-31,2023-01-01,1,0,-,-,-,-,-,-,-,-,-,-,-,-,-,-,-,-,-,-,-,-,-,-,-,-,-,-,-,-,-,-,-,-,-,-,-,-,-,-,-,-,-,-,-,-,-,-,-,-,-,-,-,-,-,-,-,-,-,-,-,-,-,-,-,-,-,-,-,-,-,-,-,-,-,-,-,-,-,-,-,-,-,-,-,-,-,-,-,-,-,-,-,-,-,-,-,-,-,-,-,-,-,-,-,-,-,-,-
"Stockton, San Joaquin County, California, United States",city,https://app.monqcle.com/org/cphlr/project/drug-paraphernalia-laws-1689792283/record/74872,DPL_2025_Consolidated,2022-12-31,2024-12-31,1,0,-,-,-,-,-,-,-,-,-,-,-,-,-,-,-,-,-,-,-,-,-,-,-,-,-,-,-,-,-,-,-,-,-,-,-,-,-,-,-,-,-,-,-,-,-,-,-,-,-,-,-,-,-,-,-,-,-,-,-,-,-,-,-,-,-,-,-,-,-,-,-,-,-,-,-,-,-,-,-,-,-,-,-,-,-,-,-,-,-,-,-,-,-,-,-,-,-,-,-,-,-,-,-,-,-,-,-
"Suffolk, Virginia, United States",city,https://app.monqcle.com/org/cphlr/project/drug-paraphernalia-laws-1689792283/record/76721,DPL_2025_Consolidated,2022-12-31,2024-12-31,1,0,-,-,-,-,-,-,-,-,-,-,-,-,-,-,-,-,-,-,-,-,-,-,-,-,-,-,-,-,-,-,-,-,-,-,-,-,-,-,-,-,-,-,-,-,-,-,-,-,-,-,-,-,-,-,-,-,-,-,-,-,-,-,-,-,-,-,-,-,-,-,-,-,-,-,-,-,-,-,-,-,-,-,-,-,-,-,-,-,-,-,-,-,-,-,-,-,-,-,-,-,-,-,-,-,-,-,-
"Suffolk, Virginia, United States",city,https://app.monqcle.com/org/cphlr/project/drug-paraphernalia-laws-1689792283/record/63486,DPL_2023_Consolidated,2022-12-31,2023-01-01,1,0,-,-,-,-,-,-,-,-,-,-,-,-,-,-,-,-,-,-,-,-,-,-,-,-,-,-,-,-,-,-,-,-,-,-,-,-,-,-,-,-,-,-,-,-,-,-,-,-,-,-,-,-,-,-,-,-,-,-,-,-,-,-,-,-,-,-,-,-,-,-,-,-,-,-,-,-,-,-,-,-,-,-,-,-,-,-,-,-,-,-,-,-,-,-,-,-,-,-,-,-,-,-,-,-,-,-,-
"Sugar Land, Fort Bend County, Texas, United States",city,https://app.monqcle.com/org/cphlr/project/drug-paraphernalia-laws-1689792283/record/76183,DPL_2025_Consolidated,2022-12-31,2024-12-31,1,0,-,-,-,-,-,-,-,-,-,-,-,-,-,-,-,-,-,-,-,-,-,-,-,-,-,-,-,-,-,-,-,-,-,-,-,-,-,-,-,-,-,-,-,-,-,-,-,-,-,-,-,-,-,-,-,-,-,-,-,-,-,-,-,-,-,-,-,-,-,-,-,-,-,-,-,-,-,-,-,-,-,-,-,-,-,-,-,-,-,-,-,-,-,-,-,-,-,-,-,-,-,-,-,-,-,-,-
"Sugar Land, Fort Bend County, Texas, United States",city,https://app.monqcle.com/org/cphlr/project/drug-paraphernalia-laws-1689792283/record/63444,DPL_2023_Consolidated ,2022-12-31,2023-01-01,1,0,-,-,-,-,-,-,-,-,-,-,-,-,-,-,-,-,-,-,-,-,-,-,-,-,-,-,-,-,-,-,-,-,-,-,-,-,-,-,-,-,-,-,-,-,-,-,-,-,-,-,-,-,-,-,-,-,-,-,-,-,-,-,-,-,-,-,-,-,-,-,-,-,-,-,-,-,-,-,-,-,-,-,-,-,-,-,-,-,-,-,-,-,-,-,-,-,-,-,-,-,-,-,-,-,-,-,-
"Sunnyvale, Santa Clara County, California, United States",city,https://app.monqcle.com/org/cphlr/project/drug-paraphernalia-laws-1689792283/record/62791,DPL_2023_Consolidated,2022-12-31,2023-01-01,1,0,-,-,-,-,-,-,-,-,-,-,-,-,-,-,-,-,-,-,-,-,-,-,-,-,-,-,-,-,-,-,-,-,-,-,-,-,-,-,-,-,-,-,-,-,-,-,-,-,-,-,-,-,-,-,-,-,-,-,-,-,-,-,-,-,-,-,-,-,-,-,-,-,-,-,-,-,-,-,-,-,-,-,-,-,-,-,-,-,-,-,-,-,-,-,-,-,-,-,-,-,-,-,-,-,-,-,-
"Sunnyvale, Santa Clara County, California, United States",city,https://app.monqcle.com/org/cphlr/project/drug-paraphernalia-laws-1689792283/record/75635,DPL_2025_Consolidated,2022-12-31,2024-12-31,1,0,-,-,-,-,-,-,-,-,-,-,-,-,-,-,-,-,-,-,-,-,-,-,-,-,-,-,-,-,-,-,-,-,-,-,-,-,-,-,-,-,-,-,-,-,-,-,-,-,-,-,-,-,-,-,-,-,-,-,-,-,-,-,-,-,-,-,-,-,-,-,-,-,-,-,-,-,-,-,-,-,-,-,-,-,-,-,-,-,-,-,-,-,-,-,-,-,-,-,-,-,-,-,-,-,-,-,-
"Sunrise, Broward County, Florida, United States",city,https://app.monqcle.com/org/cphlr/project/drug-paraphernalia-laws-1689792283/record/77010,DPL_2025_Consolidated,2022-12-31,2024-12-31,1,0,-,-,-,-,-,-,-,-,-,-,-,-,-,-,-,-,-,-,-,-,-,-,-,-,-,-,-,-,-,-,-,-,-,-,-,-,-,-,-,-,-,-,-,-,-,-,-,-,-,-,-,-,-,-,-,-,-,-,-,-,-,-,-,-,-,-,-,-,-,-,-,-,-,-,-,-,-,-,-,-,-,-,-,-,-,-,-,-,-,-,-,-,-,-,-,-,-,-,-,-,-,-,-,-,-,-,-
"Sunrise, Broward County, Florida, United States",city,https://app.monqcle.com/org/cphlr/project/drug-paraphernalia-laws-1689792283/record/63591,DPL_2023_Consolidated,2022-12-31,2023-01-01,1,0,-,-,-,-,-,-,-,-,-,-,-,-,-,-,-,-,-,-,-,-,-,-,-,-,-,-,-,-,-,-,-,-,-,-,-,-,-,-,-,-,-,-,-,-,-,-,-,-,-,-,-,-,-,-,-,-,-,-,-,-,-,-,-,-,-,-,-,-,-,-,-,-,-,-,-,-,-,-,-,-,-,-,-,-,-,-,-,-,-,-,-,-,-,-,-,-,-,-,-,-,-,-,-,-,-,-,-
"Surprise, Maricopa County, Arizona, United States",city,https://app.monqcle.com/org/cphlr/project/drug-paraphernalia-laws-1689792283/record/63305,DPL_2023_Consolidated,2022-12-31,2023-01-01,1,0,-,-,-,-,-,-,-,-,-,-,-,-,-,-,-,-,-,-,-,-,-,-,-,-,-,-,-,-,-,-,-,-,-,-,-,-,-,-,-,-,-,-,-,-,-,-,-,-,-,-,-,-,-,-,-,-,-,-,-,-,-,-,-,-,-,-,-,-,-,-,-,-,-,-,-,-,-,-,-,-,-,-,-,-,-,-,-,-,-,-,-,-,-,-,-,-,-,-,-,-,-,-,-,-,-,-,-
"Surprise, Maricopa County, Arizona, United States",city,https://app.monqcle.com/org/cphlr/project/drug-paraphernalia-laws-1689792283/record/75587,DPL_2025_Consolidated,2022-12-31,2024-12-31,1,0,-,-,-,-,-,-,-,-,-,-,-,-,-,-,-,-,-,-,-,-,-,-,-,-,-,-,-,-,-,-,-,-,-,-,-,-,-,-,-,-,-,-,-,-,-,-,-,-,-,-,-,-,-,-,-,-,-,-,-,-,-,-,-,-,-,-,-,-,-,-,-,-,-,-,-,-,-,-,-,-,-,-,-,-,-,-,-,-,-,-,-,-,-,-,-,-,-,-,-,-,-,-,-,-,-,-,-
"Tacoma, Pierce County, Washington, United States",city,https://app.monqcle.com/org/cphlr/project/drug-paraphernalia-laws-1689792283/record/78364,DPL_2025_JD,2025-01-01,2025-07-01,1,0,-,-,-,-,-,-,-,-,-,-,-,-,-,-,-,-,-,-,-,-,-,-,-,-,-,-,-,-,-,-,-,-,-,-,-,-,-,-,-,-,-,-,-,-,-,-,-,-,-,-,-,-,-,-,-,-,-,-,-,-,-,-,-,-,-,-,-,-,-,-,-,-,-,-,-,-,-,-,-,-,-,-,-,-,-,-,-,-,-,-,-,-,-,-,-,-,-,-,-,-,-,-,-,-,-,-,-
"Tacoma, Pierce County, Washington, United States",city,https://app.monqcle.com/org/cphlr/project/drug-paraphernalia-laws-1689792283/record/75139,DPL_2025_PS,2023-06-13,2024-12-31,1,0,-,-,-,-,-,-,-,-,-,-,-,-,-,-,-,-,-,-,-,-,-,-,-,-,-,-,-,-,-,-,-,-,-,-,-,-,-,-,-,-,-,-,-,-,-,-,-,-,-,-,-,-,-,-,-,-,-,-,-,-,-,-,-,-,-,-,-,-,-,-,-,-,-,-,-,-,-,-,-,-,-,-,-,-,-,-,-,-,-,-,-,-,-,-,-,-,-,-,-,-,-,-,-,-,-,-,-
"Tacoma, Pierce County, Washington, United States",city,https://app.monqcle.com/org/cphlr/project/drug-paraphernalia-laws-1689792283/record/77031,DPL_2025_Consolidated,2023-06-13,2024-12-31,1,0,-,-,-,-,-,-,-,-,-,-,-,-,-,-,-,-,-,-,-,-,-,-,-,-,-,-,-,-,-,-,-,-,-,-,-,-,-,-,-,-,-,-,-,-,-,-,-,-,-,-,-,-,-,-,-,-,-,-,-,-,-,-,-,-,-,-,-,-,-,-,-,-,-,-,-,-,-,-,-,-,-,-,-,-,-,-,-,-,-,-,-,-,-,-,-,-,-,-,-,-,-,-,-,-,-,-,-
"Tacoma, Pierce County, Washington, United States",city,https://app.monqcle.com/org/cphlr/project/drug-paraphernalia-laws-1689792283/record/75015,DPL_2025_JD,2023-06-13,2024-12-31,1,0,-,-,-,-,-,-,-,-,-,-,-,-,-,-,-,-,-,-,-,-,-,-,-,-,-,-,-,-,-,-,-,-,-,-,-,-,-,-,-,-,-,-,-,-,-,-,-,-,-,-,-,-,-,-,-,-,-,-,-,-,-,-,-,-,-,-,-,-,-,-,-,-,-,-,-,-,-,-,-,-,-,-,-,-,-,-,-,-,-,-,-,-,-,-,-,-,-,-,-,-,-,-,-,-,-,-,-
"Tacoma, Pierce County, Washington, United States",city,https://app.monqcle.com/org/cphlr/project/drug-paraphernalia-laws-1689792283/record/63206,DPL_2023_Consolidated,2022-12-31,2023-01-01,11,1,-,-,-,Self-published,-,-,-,https://web.archive.org/web/20220809094519/https:/www.cityoftacoma.org/UserFiles/Servers/Server_6/File/cms/cityclerk/Files/MunicipalCode/Title08-PublicSafety.pdf,-,-,-,08/28/2007,-,-,-,-,-,-,-,06/13/2023,-,Law repealed on this day,-,"Known, current through date published in ordinance",-,-,-,Both (ARCHIVE) ,"CHAPTER 8.29 DRUG PARAPHE,CHAPTER 8.29 DRUG PARAPHE",-,-,-,-,-,-,-,-,-,-,"Syringes, hypodermic needles, other inject/ion/ing equipment/instrument/supplies , Pipes, other smoke/ing or inhal/ing/ation equipment or supplies, Drug test/ing or check/ing equipment or supplies, Other",CHAPTER 8.29 DRUG PARAPHE,-,-,"Sales (ARCHIVE), Non-sale distribution/delivery (ARCHIVE), Give away, give, gift, free distribution (NEW), Possession, possession with intent to use, keep, Use, Advertising, display, Manufacturing, manufacture with intent to deliver or sell",CHAPTER 8.29 DRUG PARAPHE,-,-,"Criminal (ARCHIVE) , Forfeiture/Seizure","CHAPTER 8.29 DRUG PARAPHE,CHAPTER 8.29 DRUG PARAPHE,CHAPTER 8.29 DRUG PARAPHE,CHAPTER 8.29 DRUG PARAPHE",-,-,"Paraphernalia for consumption of cannabis, generally (ARCHIVE), Syringe services or harm reduction programs specifically, supervised use sites (ARCHIVE), Professionals acting in their course of business [e.g. pharmacists, physicians, manufacturers], Other","CHAPTER 8.29 DRUG PARAPHE,CHAPTER 8.29 DRUG PARAPHE,CHAPTER 8.29 DRUG PARAPHE,CHAPTER 8.29 DRUG PARAPHE,CHAPTER 8.29 DRUG PARAPHE",-,-,-,-,-,-,-,-,-,-,-,-,-,-,-,-,-,-,-,-,-,-,-,-,-,-,-,-,-,-,-,-,-,-,-,-,-,-,-,-,-,-,-,-,-,-,-,-,-,-,-,-,-,-
"Tacoma, Pierce County, Washington, United States",city,https://app.monqcle.com/org/cphlr/project/drug-paraphernalia-laws-1689792283/record/75479,DPL_2025_Consolidated,2022-12-31,2023-06-12,14,1,-,-,-,Self-published,-,-,-,https://web.archive.org/web/20220809094519/https:/www.cityoftacoma.org/UserFiles/Servers/Server_6/File/cms/cityclerk/Files/MunicipalCode/Title08-PublicSafety.pdf,-,-,-,08/28/2007,-,-,-,-,-,-,-,06/13/2023,-,-,-,"Known, current through date published in ordinance",-,-,-,Both (ARCHIVE) ,-,-,-,0,-,-,-,-,-,-,-,"Syringes, hypodermic needles, other inject/ion/ing equipment/instrument/supplies , Pipes, other smoke/ing or inhal/ing/ation equipment or supplies, Drug test/ing or check/ing equipment or supplies, Other",CHAPTER 8.29 DRUG PARAPHE,-,-,"Sales, possession with intent to sell, offer for sale (NEW), Delivery, possession with intent to deliver/distribute, distribution, transfer, furnish, exchange (NEW), Give away, give, gift, free distribution (NEW), Possession, possession with intent to use, keep, Use, Advertising, display, Manufacturing, manufacture with intent to deliver or sell",CHAPTER 8.29 DRUG PARAPHE,-,-,"Infraction (NEW), Misdemeanor (NEW), Unspecified Fine (NEW), Incarceration (NEW), Forfeiture/Seizure","CHAPTER 8.29 DRUG PARAPHE,CHAPTER 8.29 DRUG PARAPHE,CHAPTER 8.29 DRUG PARAPHE",-,-,"Paraphernalia for consumption of cannabis, generally or medical use (NEW), Syringes from syringe services, harm reduction programs, or supervised use sites (NEW), Professionals acting in their course of business [e.g. pharmacists, physicians, manufacturers]","CHAPTER 8.29 DRUG PARAPHE,CHAPTER 8.29 DRUG PARAPHE,CHAPTER 8.29 DRUG PARAPHE",-,-,-,-,-,-,Distribution,-,-,-,"Use, Distribution, Sales, Other",-,"manufacture, gives ",-,-,-,-,-,-,-,-,-,-,-,-,-,-,-,-,-,-,-,-,-,-,-,-,-,-,-,-,-,-,-,-,-,-,-,-,-,-,-,-,-
"Tallahassee, Leon County, Florida, United States",city,https://app.monqcle.com/org/cphlr/project/drug-paraphernalia-laws-1689792283/record/75402,DPL_2025_Consolidated,2022-12-31,2024-12-31,1,0,-,-,-,-,-,-,-,-,-,-,-,-,-,-,-,-,-,-,-,-,-,-,-,-,-,-,-,-,-,-,-,-,-,-,-,-,-,-,-,-,-,-,-,-,-,-,-,-,-,-,-,-,-,-,-,-,-,-,-,-,-,-,-,-,-,-,-,-,-,-,-,-,-,-,-,-,-,-,-,-,-,-,-,-,-,-,-,-,-,-,-,-,-,-,-,-,-,-,-,-,-,-,-,-,-,-,-
"Tallahassee, Leon County, Florida, United States",city,https://app.monqcle.com/org/cphlr/project/drug-paraphernalia-laws-1689792283/record/63097,DPL_2023_Consolidated,2022-12-31,2023-01-01,1,0,-,-,-,-,-,-,-,-,-,-,-,-,-,-,-,-,-,-,-,-,-,-,-,-,-,-,-,-,-,-,-,-,-,-,-,-,-,-,-,-,-,-,-,-,-,-,-,-,-,-,-,-,-,-,-,-,-,-,-,-,-,-,-,-,-,-,-,-,-,-,-,-,-,-,-,-,-,-,-,-,-,-,-,-,-,-,-,-,-,-,-,-,-,-,-,-,-,-,-,-,-,-,-,-,-,-,-
"Tampa, Hillsborough County, Florida, United States",city,https://app.monqcle.com/org/cphlr/project/drug-paraphernalia-laws-1689792283/record/74957,DPL_2025_Consolidated,2022-12-31,2024-12-31,12,1,-,-,-,Municode,-,-,-,https://library.municode.com/fl/tampa/codes/code_of_ordinances?nodeId=COOR_CH14OF_ARTIIMIOF_DIV3DR_S14-61HYSYHYSYNE,-,-,-,09/28/1989,-,unknown date at bottom of ordinance,-,-,-,-,-,10/01/2025,-,-,-,"Known, current through date published in ordinance",-,-,-,Neither (ARCHIVE),-,-,-,0,-,-,-,-,-,-,-,"Syringes, hypodermic needles, other inject/ion/ing equipment/instrument/supplies ",Sec. 14-61. - Hypodermic ,-,-,Other,Sec. 14-61. - Hypodermic ,abandon or discard  in the city any hypodermic syringe or hypodermic syringe needle which has not been first rendered permanently unusable as a hypodermic syringe or hypodermic syringe needle ,-,"""Unlawful"" only (NEW)",-,-,-,None,-,-,-,-,-,-,-,-,-,-,-,-,-,-,-,-,-,-,-,-,-,-,-,-,-,-,-,-,-,-,-,-,-,-,-,-,-,-,-,-,-,-,-,-,-,-,-,-,-,-,-,-,-,-,-
"Tampa, Hillsborough County, Florida, United States",city,https://app.monqcle.com/org/cphlr/project/drug-paraphernalia-laws-1689792283/record/63990,DPL_2023_Consolidated,2022-12-31,2023-01-01,11,1,-,-,-,Municode,-,-,-,https://library.municode.com/fl/tampa/codes/code_of_ordinances?nodeId=COOR_CH14OF_ARTIIMIOF_DIV3DR_S14-61HYSYHYSYNE,-,-,-,09/28/1989,-,unknown date at bottom of ordinance,-,-,-,-,-,09/12/2023,-,-,-,"Known, current through date published in ordinance",-,-,-,Neither (ARCHIVE),-,-,-,-,-,-,-,-,-,-,-,"Syringes, hypodermic needles, other inject/ion/ing equipment/instrument/supplies ",Sec. 14-61. - Hypodermic ,-,-,Other,-,abandon or discard  in the city any hypodermic syringe or hypodermic syringe needle which has not been first rendered permanently unusable as a hypodermic syringe or hypodermic syringe needle ,-,Criminal (ARCHIVE) ,-,-,-,None,-,-,-,-,-,-,-,-,-,-,-,-,-,-,-,-,-,-,-,-,-,-,-,-,-,-,-,-,-,-,-,-,-,-,-,-,-,-,-,-,-,-,-,-,-,-,-,-,-,-,-,-,-,-,-
"Temecula, Riverside County, California, United States",city,https://app.monqcle.com/org/cphlr/project/drug-paraphernalia-laws-1689792283/record/63904,DPL_2023_Consolidated,2022-12-31,2023-01-01,1,0,-,-,-,-,-,-,-,-,-,-,-,-,-,-,-,-,-,-,-,-,-,-,-,-,-,-,-,-,-,-,-,-,-,-,-,-,-,-,-,-,-,-,-,-,-,-,-,-,-,-,-,-,-,-,-,-,-,-,-,-,-,-,-,-,-,-,-,-,-,-,-,-,-,-,-,-,-,-,-,-,-,-,-,-,-,-,-,-,-,-,-,-,-,-,-,-,-,-,-,-,-,-,-,-,-,-,-
"Temecula, Riverside County, California, United States",city,https://app.monqcle.com/org/cphlr/project/drug-paraphernalia-laws-1689792283/record/76084,DPL_2025_Consolidated,2022-12-31,2024-12-31,1,0,-,-,-,-,-,-,-,-,-,-,-,-,-,-,-,-,-,-,-,-,-,-,-,-,-,-,-,-,-,-,-,-,-,-,-,-,-,-,-,-,-,-,-,-,-,-,-,-,-,-,-,-,-,-,-,-,-,-,-,-,-,-,-,-,-,-,-,-,-,-,-,-,-,-,-,-,-,-,-,-,-,-,-,-,-,-,-,-,-,-,-,-,-,-,-,-,-,-,-,-,-,-,-,-,-,-,-
"Tempe, Maricopa County, Arizona, United States",city,https://app.monqcle.com/org/cphlr/project/drug-paraphernalia-laws-1689792283/record/63758,DPL_2023_Consolidated,2022-12-31,2023-01-01,1,0,-,-,-,-,-,-,-,-,-,-,-,-,-,-,-,-,-,-,-,-,-,-,-,-,-,-,-,-,-,-,-,-,-,-,-,-,-,-,-,-,-,-,-,-,-,-,-,-,-,-,-,-,-,-,-,-,-,-,-,-,-,-,-,-,-,-,-,-,-,-,-,-,-,-,-,-,-,-,-,-,-,-,-,-,-,-,-,-,-,-,-,-,-,-,-,-,-,-,-,-,-,-,-,-,-,-,-
"Tempe, Maricopa County, Arizona, United States",city,https://app.monqcle.com/org/cphlr/project/drug-paraphernalia-laws-1689792283/record/75398,DPL_2025_Consolidated,2022-12-31,2024-12-31,1,0,-,-,-,-,-,-,-,-,-,-,-,-,-,-,-,-,-,-,-,-,-,-,-,-,-,-,-,-,-,-,-,-,-,-,-,-,-,-,-,-,-,-,-,-,-,-,-,-,-,-,-,-,-,-,-,-,-,-,-,-,-,-,-,-,-,-,-,-,-,-,-,-,-,-,-,-,-,-,-,-,-,-,-,-,-,-,-,-,-,-,-,-,-,-,-,-,-,-,-,-,-,-,-,-,-,-,-
"Temple, Bell County, Texas, United States",city,https://app.monqcle.com/org/cphlr/project/drug-paraphernalia-laws-1689792283/record/64140,DPL_2023_Consolidated,2022-12-31,2023-01-01,11,1,-,-,-,Municode,-,-,-,https://library.municode.com/tx/temple/codes/code_of_ordinances?nodeId=Chapter%2022%20-%20Miscellaneous%20Provisions%20and%20Offenses,-,-,-,03/20/2007,-,unknown date at bottom,-,-,-,-,-,12/31/2022,-,-,-,"Known, current through date published in ordinance",-,city clerk confirmed current through,-,Neither (ARCHIVE),-,-,-,-,-,-,-,-,-,-,-,"Syringes, hypodermic needles, other inject/ion/ing equipment/instrument/supplies ",Sec. 22-10. Hypodermic ne,-,-,"Sales (ARCHIVE), Non-sale distribution/delivery (ARCHIVE), Other",Sec. 22-10. Hypodermic ne,offer for sale; only applies to sale to minors ,-,Criminal (ARCHIVE) ,Sec. 22-10. Hypodermic ne,-,-,"Professionals acting in their course of business [e.g. pharmacists, physicians, manufacturers]",Sec. 22-10. Hypodermic ne,-,-,-,-,-,-,-,-,-,-,-,-,-,-,-,-,-,-,-,-,-,-,-,-,-,-,-,-,-,-,-,-,-,-,-,-,-,-,-,-,-,-,-,-,-,-,-,-,-,-,-,-,-,-
"Thornton, Adams County, Colorado, United States",city,https://app.monqcle.com/org/cphlr/project/drug-paraphernalia-laws-1689792283/record/75909,DPL_2025_Consolidated,2022-12-31,2024-12-31,13,1,-,-,-,Municode,-,-,-,https://library.municode.com/co/thornton/codes/code_of_ordinances?nodeId=CO_CH38LAENOFTR_ARTVIIIOFAGPUMO_DIV2COSU_S38-296PODRPA,-,-,-,08/23/2016,-,unknown date at bottom of ordinance,-,-,-,-,-,08/26/2025,-,-,-,"Known, current through date published in ordinance",-,-,-,State (ARCHIVE) ,-,-,-,0,-,-,-,-,-,-,-,"Syringes, hypodermic needles, other inject/ion/ing equipment/instrument/supplies , Pipes, other smoke/ing or inhal/ing/ation equipment or supplies, Drug test/ing or check/ing equipment or supplies, Other","DIVISION 2. - CONTROLLED ,DIVISION 2. - CONTROLLED ",-,-,"Sales, possession with intent to sell, offer for sale (NEW), Delivery, possession with intent to deliver/distribute, distribution, transfer, furnish, exchange (NEW), Possession, possession with intent to use, keep, Advertising, display, Manufacturing, manufacture with intent to deliver or sell",DIVISION 2. - CONTROLLED ,-,-,"Unspecified Fine (NEW), Incarceration (NEW)",§ 1-8. - General penalty;,-,-,"Paraphernalia for consumption of cannabis, generally or medical use (NEW)",DIVISION 2. - CONTROLLED ,-,-,-,-,-,-,-,-,-,-,"Possession, Use, Sales, Other",-,"displaying, purchasing",-,-,-,-,-,-,-,-,-,-,-,-,-,-,-,-,-,-,-,-,-,-,-,-,-,-,-,-,-,-,-,-,-,-,-,-,-,-,-,-,-
"Thornton, Adams County, Colorado, United States",city,https://app.monqcle.com/org/cphlr/project/drug-paraphernalia-laws-1689792283/record/63677,DPL_2023_Consolidated,2022-12-31,2023-01-01,11,1,-,-,-,Municode,-,-,-,https://library.municode.com/co/thornton/codes/code_of_ordinances?nodeId=CO_CH38LAENOFTR_ARTVIIIOFAGPUMO_DIV2COSU_S38-296PODRPA,-,-,-,08/23/2016,-,unknown date at bottom of ordinance,-,-,-,-,-,08/31/2023,-,-,-,"Known, current through date published in ordinance",-,-,-,State (ARCHIVE) ,DIVISION 2. - CONTROLLED ,-,-,-,-,-,-,-,-,-,-,"Syringes, hypodermic needles, other inject/ion/ing equipment/instrument/supplies , Pipes, other smoke/ing or inhal/ing/ation equipment or supplies, Drug test/ing or check/ing equipment or supplies, Other",DIVISION 2. - CONTROLLED ,-,-,"Sales (ARCHIVE), Non-sale distribution/delivery (ARCHIVE), Possession, possession with intent to use, keep, Advertising, display, Manufacturing, manufacture with intent to deliver or sell",DIVISION 2. - CONTROLLED ,-,-,Criminal (ARCHIVE) ,-,-,-,"Paraphernalia for consumption of cannabis, generally (ARCHIVE)",DIVISION 2. - CONTROLLED ,Identification card. It shall be an affirmative defense to a prosecution under subsection (c)(1) that a person is in possession of a valid registry identification card authorizing the medicinal use of marijuana issued by the state health agency.,-,-,-,-,-,-,-,-,-,-,-,-,-,-,-,-,-,-,-,-,-,-,-,-,-,-,-,-,-,-,-,-,-,-,-,-,-,-,-,-,-,-,-,-,-,-,-,-,-,-,-,-,-
"Thousand Oaks, Ventura County, California, United States",city,https://app.monqcle.com/org/cphlr/project/drug-paraphernalia-laws-1689792283/record/62769,DPL_2023_Consolidated,2022-12-31,2023-01-01,1,0,-,-,-,-,-,-,-,-,-,-,-,-,-,-,-,-,-,-,-,-,-,-,-,-,-,-,-,-,-,-,-,-,-,-,-,-,-,-,-,-,-,-,-,-,-,-,-,-,-,-,-,-,-,-,-,-,-,-,-,-,-,-,-,-,-,-,-,-,-,-,-,-,-,-,-,-,-,-,-,-,-,-,-,-,-,-,-,-,-,-,-,-,-,-,-,-,-,-,-,-,-,-,-,-,-,-,-
"Thousand Oaks, Ventura County, California, United States",city,https://app.monqcle.com/org/cphlr/project/drug-paraphernalia-laws-1689792283/record/75871,DPL_2025_Consolidated,2022-12-31,2024-12-31,1,0,-,-,-,-,-,-,-,-,-,-,-,-,-,-,-,-,-,-,-,-,-,-,-,-,-,-,-,-,-,-,-,-,-,-,-,-,-,-,-,-,-,-,-,-,-,-,-,-,-,-,-,-,-,-,-,-,-,-,-,-,-,-,-,-,-,-,-,-,-,-,-,-,-,-,-,-,-,-,-,-,-,-,-,-,-,-,-,-,-,-,-,-,-,-,-,-,-,-,-,-,-,-,-,-,-,-,-
"Toledo, Lucas County, Ohio, United States",city,https://app.monqcle.com/org/cphlr/project/drug-paraphernalia-laws-1689792283/record/75470,DPL_2025_Consolidated,2022-12-31,2024-12-31,13,1,-,-,-,ALP,-,-,-,https://codelibrary.amlegal.com/codes/toledo/latest/toledo_oh/0-0-0-154604,-,-,-,09/15/2015,-,-,-,-,-,-,-,06/30/2025,-,-,-,"Known, current through date published in ordinance",-,-,-,Both (ARCHIVE) ,-,-,-,0,-,-,-,-,-,-,-,"Syringes, hypodermic needles, other inject/ion/ing equipment/instrument/supplies , Pipes, other smoke/ing or inhal/ing/ation equipment or supplies, Drug test/ing or check/ing equipment or supplies, Other",CHAPTER 513 Drug Abuse Co,-,-,"Possession, possession with intent to use, keep, Use, Other",CHAPTER 513 Drug Abuse Co,"make, obtain ",-,Misdemeanor (NEW),CHAPTER 513 Drug Abuse Co,-,-,"Paraphernalia for consumption of cannabis, generally or medical use (NEW), Professionals acting in their course of business [e.g. pharmacists, physicians, manufacturers]","CHAPTER 513 Drug Abuse Co,CHAPTER 513 Drug Abuse Co",-,-,-,-,-,-,-,-,-,-,"Possession, Use, Other",-,"Make, obtain",-,-,-,-,-,-,-,-,-,-,-,-,-,-,-,-,-,-,-,-,-,-,-,-,-,-,-,-,-,-,-,-,-,-,-,-,-,-,-,-,-
"Toledo, Lucas County, Ohio, United States",city,https://app.monqcle.com/org/cphlr/project/drug-paraphernalia-laws-1689792283/record/63172,DPL_2023_Consolidated ,2022-12-31,2023-01-01,11,1,-,-,-,ALP,-,-,-,https://codelibrary.amlegal.com/codes/toledo/latest/toledo_oh/0-0-0-154604,-,-,-,09/15/2015,-,-,-,-,-,-,-,09/30/2023,-,-,-,"Known, current through date published in ordinance",-,-,-,Both (ARCHIVE) ,"CHAPTER 513 Drug Abuse Co,CHAPTER 513 Drug Abuse Co",-,-,-,-,-,-,-,-,-,-,"Syringes, hypodermic needles, other inject/ion/ing equipment/instrument/supplies , Pipes, other smoke/ing or inhal/ing/ation equipment or supplies, Drug test/ing or check/ing equipment or supplies, Other",CHAPTER 513 Drug Abuse Co,-,-,"Possession, possession with intent to use, keep, Use, Manufacturing, manufacture with intent to deliver or sell, Other",CHAPTER 513 Drug Abuse Co,obtain ,-,Criminal (ARCHIVE) ,CHAPTER 513 Drug Abuse Co,-,-,"Paraphernalia for consumption of cannabis, generally (ARCHIVE), Professionals acting in their course of business [e.g. pharmacists, physicians, manufacturers]","CHAPTER 513 Drug Abuse Co,CHAPTER 513 Drug Abuse Co",-,-,-,-,-,-,-,-,-,-,-,-,-,-,-,-,-,-,-,-,-,-,-,-,-,-,-,-,-,-,-,-,-,-,-,-,-,-,-,-,-,-,-,-,-,-,-,-,-,-,-,-,-,-
"Toms River, Ocean County, New Jersey, United States",city,https://app.monqcle.com/org/cphlr/project/drug-paraphernalia-laws-1689792283/record/63781,DPL_2023_Consolidated,2022-12-31,2023-01-01,1,0,-,-,-,-,-,-,-,-,-,-,-,-,-,-,-,-,-,-,-,-,-,-,-,-,-,-,-,-,-,-,-,-,-,-,-,-,-,-,-,-,-,-,-,-,-,-,-,-,-,-,-,-,-,-,-,-,-,-,-,-,-,-,-,-,-,-,-,-,-,-,-,-,-,-,-,-,-,-,-,-,-,-,-,-,-,-,-,-,-,-,-,-,-,-,-,-,-,-,-,-,-,-,-,-,-,-,-
"Toms River, Ocean County, New Jersey, United States",city,https://app.monqcle.com/org/cphlr/project/drug-paraphernalia-laws-1689792283/record/76749,DPL_2025_Consolidated,2022-12-31,2024-12-31,1,0,-,-,-,-,-,-,-,-,-,-,-,-,-,-,-,-,-,-,-,-,-,-,-,-,-,-,-,-,-,-,-,-,-,-,-,-,-,-,-,-,-,-,-,-,-,-,-,-,-,-,-,-,-,-,-,-,-,-,-,-,-,-,-,-,-,-,-,-,-,-,-,-,-,-,-,-,-,-,-,-,-,-,-,-,-,-,-,-,-,-,-,-,-,-,-,-,-,-,-,-,-,-,-,-,-,-,-
"Topeka, Shawnee County, Kansas, United States",city,https://app.monqcle.com/org/cphlr/project/drug-paraphernalia-laws-1689792283/record/63494,DPL_2023_Consolidated,2022-12-31,2023-01-01,11,1,-,-,-,Code Publishing Co,-,-,-,https://topeka.municipal.codes/TMC/9.50.080,-,-,-,10/11/2011,-,-,-,-,-,-,-,11/21/2023,-,-,-,"Known, current through date published in ordinance",-,-,-,State (ARCHIVE) ,Chapter 9.50 POSSESSION O,-,-,-,-,-,-,-,-,-,-,"Syringes, hypodermic needles, other inject/ion/ing equipment/instrument/supplies , Pipes, other smoke/ing or inhal/ing/ation equipment or supplies, Drug test/ing or check/ing equipment or supplies, Other",K.S.A. 21-5701,-,-,"Non-sale distribution/delivery (ARCHIVE), Possession, possession with intent to use, keep, Use, Manufacturing, manufacture with intent to deliver or sell","Chapter 9.50 POSSESSION O,Chapter 9.50 POSSESSION O,Chapter 9.50 POSSESSION O",-,-,Criminal (ARCHIVE) ,Chapter 9.50 POSSESSION O,-,-,None,-,-,-,-,-,-,-,-,-,-,-,-,-,-,-,-,-,-,-,-,-,-,-,-,-,-,-,-,-,-,-,-,-,-,-,-,-,-,-,-,-,-,-,-,-,-,-,-,-,-,-,-,-,-,-
"Topeka, Shawnee County, Kansas, United States",city,https://app.monqcle.com/org/cphlr/project/drug-paraphernalia-laws-1689792283/record/75922,DPL_2025_Consolidated,2022-12-31,2024-12-31,13,1,-,-,-,Code Publishing Co,-,-,-,https://topeka.municipal.codes/TMC/9.50.080,-,-,-,10/11/2011,-,-,-,-,-,-,-,09/09/2025,-,-,-,"Known, current through date published in ordinance",-,-,-,State (ARCHIVE) ,-,-,-,1,Chapter 9.50 POSSESSION O,-,-,K.S.A. ​21-5701,-,-,-,"Syringes, hypodermic needles, other inject/ion/ing equipment/instrument/supplies , Pipes, other smoke/ing or inhal/ing/ation equipment or supplies, Drug test/ing or check/ing equipment or supplies, Other","Chapter 9.50 POSSESSION O,K.S.A. 21-5701",-,-,"Delivery, possession with intent to deliver/distribute, distribution, transfer, furnish, exchange (NEW), Possession, possession with intent to use, keep, Use, Manufacturing, manufacture with intent to deliver or sell","Chapter 9.50 POSSESSION O,Chapter 9.50 POSSESSION O,Chapter 9.50 POSSESSION O",-,-,Misdemeanor (NEW),Chapter 9.50 POSSESSION O,-,-,None,-,-,-,-,-,-,-,-,-,-,-,-,-,-,-,-,-,-,-,-,-,-,-,-,-,-,-,-,-,-,-,-,-,-,-,-,-,-,-,-,-,-,-,-,-,-,-,-,-,-,-,-,-,-,-
"Torrance, Los Angeles County, California, United States",city,https://app.monqcle.com/org/cphlr/project/drug-paraphernalia-laws-1689792283/record/64101,DPL_2023_Consolidated ,2022-12-31,2023-01-01,1,0,-,-,-,-,-,-,-,-,-,-,-,-,-,-,-,-,-,-,-,-,-,-,-,-,-,-,-,-,-,-,-,-,-,-,-,-,-,-,-,-,-,-,-,-,-,-,-,-,-,-,-,-,-,-,-,-,-,-,-,-,-,-,-,-,-,-,-,-,-,-,-,-,-,-,-,-,-,-,-,-,-,-,-,-,-,-,-,-,-,-,-,-,-,-,-,-,-,-,-,-,-,-,-,-,-,-,-
"Torrance, Los Angeles County, California, United States",city,https://app.monqcle.com/org/cphlr/project/drug-paraphernalia-laws-1689792283/record/75767,DPL_2025_Consolidated,2022-12-31,2024-12-31,1,0,-,-,-,-,-,-,-,-,-,-,-,-,-,-,-,-,-,-,-,-,-,-,-,-,-,-,-,-,-,-,-,-,-,-,-,-,-,-,-,-,-,-,-,-,-,-,-,-,-,-,-,-,-,-,-,-,-,-,-,-,-,-,-,-,-,-,-,-,-,-,-,-,-,-,-,-,-,-,-,-,-,-,-,-,-,-,-,-,-,-,-,-,-,-,-,-,-,-,-,-,-,-,-,-,-,-,-
"Tracy, San Joaquin County, California, United States",city,https://app.monqcle.com/org/cphlr/project/drug-paraphernalia-laws-1689792283/record/64035,DPL_2023_Consolidated,2022-12-31,2023-01-01,1,0,-,-,-,-,-,-,-,-,-,-,-,-,-,-,-,-,-,-,-,-,-,-,-,-,-,-,-,-,-,-,-,-,-,-,-,-,-,-,-,-,-,-,-,-,-,-,-,-,-,-,-,-,-,-,-,-,-,-,-,-,-,-,-,-,-,-,-,-,-,-,-,-,-,-,-,-,-,-,-,-,-,-,-,-,-,-,-,-,-,-,-,-,-,-,-,-,-,-,-,-,-,-,-,-,-,-,-
"Tracy, San Joaquin County, California, United States",city,https://app.monqcle.com/org/cphlr/project/drug-paraphernalia-laws-1689792283/record/76717,DPL_2025_Consolidated,2022-12-31,2024-12-31,1,0,-,-,-,-,-,-,-,-,-,-,-,-,-,-,-,-,-,-,-,-,-,-,-,-,-,-,-,-,-,-,-,-,-,-,-,-,-,-,-,-,-,-,-,-,-,-,-,-,-,-,-,-,-,-,-,-,-,-,-,-,-,-,-,-,-,-,-,-,-,-,-,-,-,-,-,-,-,-,-,-,-,-,-,-,-,-,-,-,-,-,-,-,-,-,-,-,-,-,-,-,-,-,-,-,-,-,-
"Trenton, Mercer County, New Jersey, United States",city,https://app.monqcle.com/org/cphlr/project/drug-paraphernalia-laws-1689792283/record/62802,DPL_2023_Consolidated ,2022-12-31,2023-01-01,1,0,-,-,-,-,-,-,-,-,-,-,-,-,-,-,-,-,-,-,-,-,-,-,-,-,-,-,-,-,-,-,-,-,-,-,-,-,-,-,-,-,-,-,-,-,-,-,-,-,-,-,-,-,-,-,-,-,-,-,-,-,-,-,-,-,-,-,-,-,-,-,-,-,-,-,-,-,-,-,-,-,-,-,-,-,-,-,-,-,-,-,-,-,-,-,-,-,-,-,-,-,-,-,-,-,-,-,-
"Trenton, Mercer County, New Jersey, United States",city,https://app.monqcle.com/org/cphlr/project/drug-paraphernalia-laws-1689792283/record/76873,DPL_2025_Consolidated,2022-12-31,2024-12-31,1,0,-,-,-,-,-,-,-,-,-,-,-,-,-,-,-,-,-,-,-,-,-,-,-,-,-,-,-,-,-,-,-,-,-,-,-,-,-,-,-,-,-,-,-,-,-,-,-,-,-,-,-,-,-,-,-,-,-,-,-,-,-,-,-,-,-,-,-,-,-,-,-,-,-,-,-,-,-,-,-,-,-,-,-,-,-,-,-,-,-,-,-,-,-,-,-,-,-,-,-,-,-,-,-,-,-,-,-
"Troy, Oakland County, Michigan, United States",city,https://app.monqcle.com/org/cphlr/project/drug-paraphernalia-laws-1689792283/record/62932,DPL_2023_Consolidated ,2022-12-31,2023-01-01,1,0,-,-,-,-,-,-,-,-,-,-,-,-,-,-,-,-,-,-,-,-,-,-,-,-,-,-,-,-,-,-,-,-,-,-,-,-,-,-,-,-,-,-,-,-,-,-,-,-,-,-,-,-,-,-,-,-,-,-,-,-,-,-,-,-,-,-,-,-,-,-,-,-,-,-,-,-,-,-,-,-,-,-,-,-,-,-,-,-,-,-,-,-,-,-,-,-,-,-,-,-,-,-,-,-,-,-,-
"Troy, Oakland County, Michigan, United States",city,https://app.monqcle.com/org/cphlr/project/drug-paraphernalia-laws-1689792283/record/76857,DPL_2025_Consolidated,2022-12-31,2024-12-31,1,0,-,-,-,-,-,-,-,-,-,-,-,-,-,-,-,-,-,-,-,-,-,-,-,-,-,-,-,-,-,-,-,-,-,-,-,-,-,-,-,-,-,-,-,-,-,-,-,-,-,-,-,-,-,-,-,-,-,-,-,-,-,-,-,-,-,-,-,-,-,-,-,-,-,-,-,-,-,-,-,-,-,-,-,-,-,-,-,-,-,-,-,-,-,-,-,-,-,-,-,-,-,-,-,-,-,-,-
"Tucson, Pima County, Arizona, United States",city,https://app.monqcle.com/org/cphlr/project/drug-paraphernalia-laws-1689792283/record/62783,DPL_2023_Consolidated,2022-12-31,2023-01-01,11,1,-,-,-,ALP,-,-,-,https://codelibrary.amlegal.com/codes/tucson/latest/tucson_az/0-0-0-9508,-,-,-,03/26/1984,-,Unknown date at bottom of ordinance,-,-,-,-,-,08/22/2023,-,-,-,"Known, current through date published in ordinance",-,-,-,State (ARCHIVE) ,Sec. 11-40. Narcotics--Ke,-,-,-,-,-,-,-,-,-,-,"Syringes, hypodermic needles, other inject/ion/ing equipment/instrument/supplies , Pipes, other smoke/ing or inhal/ing/ation equipment or supplies, Other",Sec. 11-40. Narcotics--Ke,-,-,"Possession, possession with intent to use, keep, Other","Sec. 11-40. Narcotics--Ke,Sec. 11-40. Narcotics--Ke","Exhibit, act as a lookout, tender at any place",-,Criminal (ARCHIVE) ,Sec. 11-40. Narcotics--Ke,-,-,None,-,-,-,-,-,-,-,-,-,-,-,-,-,-,-,-,-,-,-,-,-,-,-,-,-,-,-,-,-,-,-,-,-,-,-,-,-,-,-,-,-,-,-,-,-,-,-,-,-,-,-,-,-,-,-
"Tucson, Pima County, Arizona, United States",city,https://app.monqcle.com/org/cphlr/project/drug-paraphernalia-laws-1689792283/record/74951,DPL_2025_Consolidated,2022-12-31,2024-12-31,12,1,-,-,-,ALP,-,-,-,https://codelibrary.amlegal.com/codes/tucson/latest/tucson_az/0-0-0-9508,-,-,-,03/26/1984,-,Unknown date at bottom of ordinance,-,-,-,-,-,09/23/2025,-,-,-,"Known, current through date published in ordinance",-,-,-,State (ARCHIVE) ,-,-,-,0,-,-,-,-,-,-,-,"Syringes, hypodermic needles, other inject/ion/ing equipment/instrument/supplies , Pipes, other smoke/ing or inhal/ing/ation equipment or supplies, Other",Sec. 11-40. Narcotics--Ke,-,-,"Possession, possession with intent to use, keep, Other","Sec. 11-40. Narcotics--Ke,Sec. 11-40. Narcotics--Ke",exhibit ,-,Misdemeanor (NEW),Sec. 11-40. Narcotics--Ke,-,-,None,-,-,-,-,-,-,-,-,-,-,-,-,-,-,-,-,-,-,-,-,-,-,-,-,-,-,-,-,-,-,-,-,-,-,-,-,-,-,-,-,-,-,-,-,-,-,-,-,-,-,-,-,-,-,-
"Tulsa, Tulsa County, Oklahoma, United States",city,https://app.monqcle.com/org/cphlr/project/drug-paraphernalia-laws-1689792283/record/74956,DPL_2025_Consolidated,2022-12-31,2024-12-31,13,1,-,-,-,Municode,-,-,-,https://library.municode.com/ok/tulsa/codes/code_of_ordinances?nodeId=CD_ORD_TIT27PECO_CH25DASU_S2504PODRPA,-,-,-,05/18/2022,-,-,-,-,-,-,-,04/28/2025,-,-,-,"Known, current through date published in ordinance",-,-,-,State (ARCHIVE) ,-,-,-,0,-,-,-,-,-,-,-,"Syringes, hypodermic needles, other inject/ion/ing equipment/instrument/supplies , Pipes, other smoke/ing or inhal/ing/ation equipment or supplies, Drug test/ing or check/ing equipment or supplies, Other",Section 2504. - Possessio,-,-,Use,Section 2504. - Possessio,-,-,"Unspecified Fine (NEW), Incarceration (NEW)",Section 2505. - Penalty.,-,-,"Paraphernalia for consumption of cannabis, generally or medical use (NEW), Professionals acting in their course of business [e.g. pharmacists, physicians, manufacturers]","Section 2504. - Possessio,Section 2500. - Definitio","Provided, nothing in this section shall apply to objects in the possession of harm-reduction services providers as authorized by 63 O.S. § 2-1101 and 63 O.S. § 2-101(48)",-,-,-,-,-,-,-,-,-,Use,-,-,-,-,-,-,-,-,-,-,-,-,-,-,-,-,-,-,-,-,-,-,-,-,-,-,-,-,-,-,-,-,-,-,-,-,-,-,-,-,-,-,-
"Tulsa, Tulsa County, Oklahoma, United States",city,https://app.monqcle.com/org/cphlr/project/drug-paraphernalia-laws-1689792283/record/63247,DPL_2023_Consolidated,2022-12-31,2023-01-01,11,1,-,-,-,Municode,-,-,-,https://library.municode.com/ok/tulsa/codes/code_of_ordinances?nodeId=CD_ORD_TIT27PECO_CH25DASU_S2504PODRPA,-,-,-,05/18/2022,-,-,-,-,-,-,-,10/19/2023,-,-,-,"Known, current through date published in ordinance",-,-,-,State (ARCHIVE) ,Section 2504. - Possessio,-,-,-,-,-,-,-,-,-,-,"Syringes, hypodermic needles, other inject/ion/ing equipment/instrument/supplies , Pipes, other smoke/ing or inhal/ing/ation equipment or supplies, Drug test/ing or check/ing equipment or supplies, Other",Section 2504. - Possessio,-,-,Use,Section 2504. - Possessio,-,-,Criminal (ARCHIVE) ,Section 2505. - Penalty.,-,-,"Syringes for approved medical use (i.e. diabetes) , Other paraphernalia for approved medical use, Professionals acting in their course of business [e.g. pharmacists, physicians, manufacturers]",Section 2504. - Possessio,medical marijuana ,-,-,-,-,-,-,-,-,-,-,-,-,-,-,-,-,-,-,-,-,-,-,-,-,-,-,-,-,-,-,-,-,-,-,-,-,-,-,-,-,-,-,-,-,-,-,-,-,-,-,-,-,-
"Tuscaloosa, Tuscaloosa County, Alabama, United States",city,https://app.monqcle.com/org/cphlr/project/drug-paraphernalia-laws-1689792283/record/63751,DPL_2023_Consolidated,2022-12-31,2023-01-01,11,1,-,-,-,Municode,-,-,-,https://library.municode.com/al/tuscaloosa/codes/code_of_ordinances?nodeId=CO_CH10COCRPR_ARTIINGE_S10-13SEMIORVIWITR,-,-,-,09/27/2022,-,unknown date at bottom of ordinance,-,-,-,-,-,12/04/2023,-,-,-,"Known, current through date published in ordinance",-,-,-,State (ARCHIVE) ,Sec. 10-13. - Settlement ,-,-,-,-,-,-,-,-,-,-,"Syringes, hypodermic needles, other inject/ion/ing equipment/instrument/supplies , Pipes, other smoke/ing or inhal/ing/ation equipment or supplies, Drug test/ing or check/ing equipment or supplies, Other",Ala. Code § 13A-12-260,-,-,"Possession, possession with intent to use, keep",Ala. Code § 13A-12-260,-,-,Civil (ARCHIVE),"Sec. 10-13. - Settlement ,Sec. 10-13. - Settlement ",-,-,None,-,-,-,-,-,-,-,-,-,-,-,-,-,-,-,-,-,-,-,-,-,-,-,-,-,-,-,-,-,-,-,-,-,-,-,-,-,-,-,-,-,-,-,-,-,-,-,-,-,-,-,-,-,-,-
"Tuscaloosa, Tuscaloosa County, Alabama, United States",city,https://app.monqcle.com/org/cphlr/project/drug-paraphernalia-laws-1689792283/record/76631,DPL_2025_Consolidated,2022-12-31,2024-12-31,13,1,-,-,-,Municode,-,-,-,https://library.municode.com/al/tuscaloosa/codes/code_of_ordinances?nodeId=CO_CH10COCRPR_ARTIINGE_S10-13SEMIORVIWITR,-,-,-,09/27/2022,-,unknown date at bottom of ordinance,-,-,-,-,-,06/13/2025,-,-,-,"Known, current through date published in ordinance",-,-,-,State (ARCHIVE) ,Sec. 10-13. - Settlement ,-,-,1,Sec. 10-13. - Settlement ,-,-,Ala. Code § 13A-12-260,-,-,-,"Syringes, hypodermic needles, other inject/ion/ing equipment/instrument/supplies , Pipes, other smoke/ing or inhal/ing/ation equipment or supplies, Drug test/ing or check/ing equipment or supplies, Other",Ala. Code § 13A-12-260,-,-,"Possession, possession with intent to use, keep",Sec. 10-13. - Settlement ,-,-,Unspecified Fine (NEW),"Sec. 10-13. - Settlement ,Sec. 10-13. - Settlement ",-,-,None,-,-,-,-,-,-,-,-,-,-,-,-,-,-,-,-,-,-,-,-,-,-,-,-,-,-,-,-,-,-,-,-,-,-,-,-,-,-,-,-,-,-,-,-,-,-,-,-,-,-,-,-,-,-,-
"Tustin, Orange County, California, United States",city,https://app.monqcle.com/org/cphlr/project/drug-paraphernalia-laws-1689792283/record/77422,DPL_2025_Consolidated,2022-12-31,2024-12-31,1,0,-,-,-,-,-,-,-,-,-,-,-,-,-,-,-,-,-,-,-,-,-,-,-,-,-,-,-,-,-,-,-,-,-,-,-,-,-,-,-,-,-,-,-,-,-,-,-,-,-,-,-,-,-,-,-,-,-,-,-,-,-,-,-,-,-,-,-,-,-,-,-,-,-,-,-,-,-,-,-,-,-,-,-,-,-,-,-,-,-,-,-,-,-,-,-,-,-,-,-,-,-,-,-,-,-,-,-
"Tustin, Orange County, California, United States",city,https://app.monqcle.com/org/cphlr/project/drug-paraphernalia-laws-1689792283/record/63125,DPL_2023_Consolidated,2022-12-31,2023-01-01,1,0,-,-,-,-,-,-,-,-,-,-,-,-,-,-,-,-,-,-,-,-,-,-,-,-,-,-,-,-,-,-,-,-,-,-,-,-,-,-,-,-,-,-,-,-,-,-,-,-,-,-,-,-,-,-,-,-,-,-,-,-,-,-,-,-,-,-,-,-,-,-,-,-,-,-,-,-,-,-,-,-,-,-,-,-,-,-,-,-,-,-,-,-,-,-,-,-,-,-,-,-,-,-,-,-,-,-,-
"Tyler, Smith County, Texas, United States",city,https://app.monqcle.com/org/cphlr/project/drug-paraphernalia-laws-1689792283/record/62662,DPL_2023_Consolidated,2022-12-31,2023-01-01,11,1,-,-,-,ALP,-,-,-,https://codelibrary.amlegal.com/codes/tyler/latest/tyler_tx/0-0-0-100102,-,-,-,01/23/2019,-,unknown date below ordinance,-,-,-,-,-,01/01/2024,-,-,-,"Known, current through date published in ordinance",-,-,-,Neither (ARCHIVE),-,-,-,-,-,-,-,-,-,-,-,"Pipes, other smoke/ing or inhal/ing/ation equipment or supplies, Other",DIVISION B. Illegal Smoki,"paraphernalia only prohibited when used for ""illegal smoking material"" defined as: 

 

   a.   Salvia divinorum or salvinorin A; all parts of the plant presently classified botanically as salvia divinorum, whether growing or not, the seeds thereof, any extract from any part of such plant, and every compound , manufacture, salts, derivative, mixture or preparation of such plant, its seeds or extracts; or

 

   b.   2-[1R,3S)-3-hydroxycyclohexyl]-5-(2-methyloctan-2-yl)phenol (also known as CP47, 497) and homologues; or

 

   c.   (6aS, 10aS)-9-(hydroxymethyl)-6, 6-dimethyl-3-(2-methyloctan-2-yl)-6a, 7, 10, 10a-tetrahydrabenzo[c]chromen-1-ol (also known as HU-211 or Dexanabinol); or

 

   d.   1-pentyl-2-(1-naphthoyl)indole (also known as JWH-018); or

 

   e.   1-butyl-3-(1-naphthoyl)indole (also known as JWH-030); or

 

   f.   1-pentyl-3-(4-methoxynaphthoyl)indole (also known as JWH-081).",-,"Possession, possession with intent to use, keep, Use",DIVISION B. Illegal Smoki,-,-,Criminal (ARCHIVE) ,DIVISION B. Illegal Smoki,-,-,"Xylazine checking/testing equipment specifically, in the context syringe services, harm reduction programs, or supervised use sites (NEW)",-,It shall be a defense to prosecution for a violation of this Division B. if an individual charged with violation can provide proper and complete historic documentation that the possession or use of such materials is a portion of a religious undertaking or activity of a religious denomination which has long standing historic membership supported by documentation from clergy or a spiritual leader recognized by the State of Texas.,-,-,-,-,-,-,-,-,-,-,-,-,-,-,-,-,-,-,-,-,-,-,-,-,-,-,-,-,-,-,-,-,-,-,-,-,-,-,-,-,-,-,-,-,-,-,-,-,-,-,-,-,-
"Tyler, Smith County, Texas, United States",city,https://app.monqcle.com/org/cphlr/project/drug-paraphernalia-laws-1689792283/record/76624,DPL_2025_Consolidated,2022-12-31,2024-12-31,12,1,-,-,-,ALP,-,-,-,https://codelibrary.amlegal.com/codes/tyler/latest/tyler_tx/0-0-0-100102,-,-,-,01/23/2019,-,unknown date below ordinance,-,-,-,-,-,09/24/2025,-,-,-,"Known, current through date published in ordinance",-,-,-,Neither (ARCHIVE),-,-,-,0,-,-,-,-,-,-,-,"Pipes, other smoke/ing or inhal/ing/ation equipment or supplies, Other",DIVISION B. Illegal Smoki,"Only prohibited for possesion/use with ""illegal smoking product"" defined as 

 

   a.   Salvia divinorum or salvinorin A; all parts of the plant presently classified botanically as salvia divinorum, whether growing or not, the seeds thereof, any extract from any part of such plant, and every compound , manufacture, salts, derivative, mixture or preparation of such plant, its seeds or extracts; or

 

   b.   2-[1R,3S)-3-hydroxycyclohexyl]-5-(2-methyloctan-2-yl)phenol (also known as CP47, 497) and homologues; or

 

   c.   (6aS, 10aS)-9-(hydroxymethyl)-6, 6-dimethyl-3-(2-methyloctan-2-yl)-6a, 7, 10, 10a-tetrahydrabenzo[c]chromen-1-ol (also known as HU-211 or Dexanabinol); or

 

   d.   1-pentyl-2-(1-naphthoyl)indole (also known as JWH-018); or

 

   e.   1-butyl-3-(1-naphthoyl)indole (also known as JWH-030); or

 

   f.   1-pentyl-3-(4-methoxynaphthoyl)indole (also known as JWH-081).",-,"Possession, possession with intent to use, keep, Use",DIVISION B. Illegal Smoki,"Only prohibited for possesion/use with ""illegal smoking product"" defined as 

 

   a.   Salvia divinorum or salvinorin A; all parts of the plant presently classified botanically as salvia divinorum, whether growing or not, the seeds thereof, any extract from any part of such plant, and every compound , manufacture, salts, derivative, mixture or preparation of such plant, its seeds or extracts; or

 

   b.   2-[1R,3S)-3-hydroxycyclohexyl]-5-(2-methyloctan-2-yl)phenol (also known as CP47, 497) and homologues; or

 

   c.   (6aS, 10aS)-9-(hydroxymethyl)-6, 6-dimethyl-3-(2-methyloctan-2-yl)-6a, 7, 10, 10a-tetrahydrabenzo[c]chromen-1-ol (also known as HU-211 or Dexanabinol); or

 

   d.   1-pentyl-2-(1-naphthoyl)indole (also known as JWH-018); or

 

   e.   1-butyl-3-(1-naphthoyl)indole (also known as JWH-030); or

 

   f.   1-pentyl-3-(4-methoxynaphthoyl)indole (also known as JWH-081).",-,Unspecified Fine (NEW),DIVISION B. Illegal Smoki,-,-,Other,-, It shall be a defense to prosecution for a violation of this Division B. if an individual charged with violation can provide proper and complete historic documentation that the possession or use of such materials is a portion of a religious undertaking or activity of a religious denomination which has long standing historic membership supported by documentation from clergy or a spiritual leader recognized by the State of Texas.,-,-,-,-,-,-,-,-,-,-,-,-,-,-,-,-,-,-,-,-,-,-,-,-,-,-,-,-,-,-,-,-,-,-,-,-,-,-,-,-,-,-,-,-,-,-,-,-,-,-,-,-,-
"Union City, Alameda County, California, United States",city,https://app.monqcle.com/org/cphlr/project/drug-paraphernalia-laws-1689792283/record/77350,DPL_2025_Consolidated,2022-12-31,2024-12-31,1,0,-,-,-,-,-,-,-,-,-,-,-,-,-,-,-,-,-,-,-,-,-,-,-,-,-,-,-,-,-,-,-,-,-,-,-,-,-,-,-,-,-,-,-,-,-,-,-,-,-,-,-,-,-,-,-,-,-,-,-,-,-,-,-,-,-,-,-,-,-,-,-,-,-,-,-,-,-,-,-,-,-,-,-,-,-,-,-,-,-,-,-,-,-,-,-,-,-,-,-,-,-,-,-,-,-,-,-
"Union City, Alameda County, California, United States",city,https://app.monqcle.com/org/cphlr/project/drug-paraphernalia-laws-1689792283/record/62815,DPL_2023_Consolidated,2022-12-31,2023-01-01,1,0,-,-,-,-,-,-,-,-,-,-,-,-,-,-,-,-,-,-,-,-,-,-,-,-,-,-,-,-,-,-,-,-,-,-,-,-,-,-,-,-,-,-,-,-,-,-,-,-,-,-,-,-,-,-,-,-,-,-,-,-,-,-,-,-,-,-,-,-,-,-,-,-,-,-,-,-,-,-,-,-,-,-,-,-,-,-,-,-,-,-,-,-,-,-,-,-,-,-,-,-,-,-,-,-,-,-,-
"Upland, San Bernardino County, California, United States",city,https://app.monqcle.com/org/cphlr/project/drug-paraphernalia-laws-1689792283/record/77108,DPL_2025_Consolidated,2022-12-31,2024-12-31,1,0,-,-,-,-,-,-,-,-,-,-,-,-,-,-,-,-,-,-,-,-,-,-,-,-,-,-,-,-,-,-,-,-,-,-,-,-,-,-,-,-,-,-,-,-,-,-,-,-,-,-,-,-,-,-,-,-,-,-,-,-,-,-,-,-,-,-,-,-,-,-,-,-,-,-,-,-,-,-,-,-,-,-,-,-,-,-,-,-,-,-,-,-,-,-,-,-,-,-,-,-,-,-,-,-,-,-,-
"Upland, San Bernardino County, California, United States",city,https://app.monqcle.com/org/cphlr/project/drug-paraphernalia-laws-1689792283/record/64096,DPL_2023_Consolidated,2022-12-31,2023-01-01,1,0,-,-,-,-,-,-,-,-,-,-,-,-,-,-,-,-,-,-,-,-,-,-,-,-,-,-,-,-,-,-,-,-,-,-,-,-,-,-,-,-,-,-,-,-,-,-,-,-,-,-,-,-,-,-,-,-,-,-,-,-,-,-,-,-,-,-,-,-,-,-,-,-,-,-,-,-,-,-,-,-,-,-,-,-,-,-,-,-,-,-,-,-,-,-,-,-,-,-,-,-,-,-,-,-,-,-,-
"Vacaville, Solano County, California, United States",city,https://app.monqcle.com/org/cphlr/project/drug-paraphernalia-laws-1689792283/record/76432,DPL_2025_Consolidated,2022-12-31,2024-12-31,1,0,-,-,-,-,-,-,-,-,-,-,-,-,-,-,-,-,-,-,-,-,-,-,-,-,-,-,-,-,-,-,-,-,-,-,-,-,-,-,-,-,-,-,-,-,-,-,-,-,-,-,-,-,-,-,-,-,-,-,-,-,-,-,-,-,-,-,-,-,-,-,-,-,-,-,-,-,-,-,-,-,-,-,-,-,-,-,-,-,-,-,-,-,-,-,-,-,-,-,-,-,-,-,-,-,-,-,-
"Vacaville, Solano County, California, United States",city,https://app.monqcle.com/org/cphlr/project/drug-paraphernalia-laws-1689792283/record/63511,DPL_2023_Consolidated,2022-12-31,2023-01-01,1,0,-,-,-,-,-,-,-,-,-,-,-,-,-,-,-,-,-,-,-,-,-,-,-,-,-,-,-,-,-,-,-,-,-,-,-,-,-,-,-,-,-,-,-,-,-,-,-,-,-,-,-,-,-,-,-,-,-,-,-,-,-,-,-,-,-,-,-,-,-,-,-,-,-,-,-,-,-,-,-,-,-,-,-,-,-,-,-,-,-,-,-,-,-,-,-,-,-,-,-,-,-,-,-,-,-,-,-
"Vallejo, Solano County, California, United States",city,https://app.monqcle.com/org/cphlr/project/drug-paraphernalia-laws-1689792283/record/63892,DPL_2023_Consolidated ,2022-12-31,2023-01-01,1,0,-,-,-,-,-,-,-,-,-,-,-,-,-,-,-,-,-,-,-,-,-,-,-,-,-,-,-,-,-,-,-,-,-,-,-,-,-,-,-,-,-,-,-,-,-,-,-,-,-,-,-,-,-,-,-,-,-,-,-,-,-,-,-,-,-,-,-,-,-,-,-,-,-,-,-,-,-,-,-,-,-,-,-,-,-,-,-,-,-,-,-,-,-,-,-,-,-,-,-,-,-,-,-,-,-,-,-
"Vallejo, Solano County, California, United States",city,https://app.monqcle.com/org/cphlr/project/drug-paraphernalia-laws-1689792283/record/76169,DPL_2025_Consolidated,2022-12-31,2024-12-31,1,0,-,-,-,-,-,-,-,-,-,-,-,-,-,-,-,-,-,-,-,-,-,-,-,-,-,-,-,-,-,-,-,-,-,-,-,-,-,-,-,-,-,-,-,-,-,-,-,-,-,-,-,-,-,-,-,-,-,-,-,-,-,-,-,-,-,-,-,-,-,-,-,-,-,-,-,-,-,-,-,-,-,-,-,-,-,-,-,-,-,-,-,-,-,-,-,-,-,-,-,-,-,-,-,-,-,-,-
"Vancouver, Clark County, Washington, United States",city,https://app.monqcle.com/org/cphlr/project/drug-paraphernalia-laws-1689792283/record/63439,DPL_2023_Consolidated,2022-12-31,2023-01-01,1,0,-,-,-,-,-,-,-,-,-,-,-,-,-,-,-,-,-,-,-,-,-,-,-,-,-,-,-,-,-,-,-,-,-,-,-,-,-,-,-,-,-,-,-,-,-,-,-,-,-,-,-,-,-,-,-,-,-,-,-,-,-,-,-,-,-,-,-,-,-,-,-,-,-,-,-,-,-,-,-,-,-,-,-,-,-,-,-,-,-,-,-,-,-,-,-,-,-,-,-,-,-,-,-,-,-,-,-
"Vancouver, Clark County, Washington, United States",city,https://app.monqcle.com/org/cphlr/project/drug-paraphernalia-laws-1689792283/record/75364,DPL_2025_Consolidated,2022-12-31,2024-12-31,1,0,-,-,-,-,-,-,-,-,-,-,-,-,-,-,-,-,-,-,-,-,-,-,-,-,-,-,-,-,-,-,-,-,-,-,-,-,-,-,-,-,-,-,-,-,-,-,-,-,-,-,-,-,-,-,-,-,-,-,-,-,-,-,-,-,-,-,-,-,-,-,-,-,-,-,-,-,-,-,-,-,-,-,-,-,-,-,-,-,-,-,-,-,-,-,-,-,-,-,-,-,-,-,-,-,-,-,-
"Victorville, San Bernardino County, California, United States",city,https://app.monqcle.com/org/cphlr/project/drug-paraphernalia-laws-1689792283/record/63843,DPL_2023_Consolidated ,2022-12-31,2023-01-01,1,0,-,-,-,-,-,-,-,-,-,-,-,-,-,-,-,-,-,-,-,-,-,-,-,-,-,-,-,-,-,-,-,-,-,-,-,-,-,-,-,-,-,-,-,-,-,-,-,-,-,-,-,-,-,-,-,-,-,-,-,-,-,-,-,-,-,-,-,-,-,-,-,-,-,-,-,-,-,-,-,-,-,-,-,-,-,-,-,-,-,-,-,-,-,-,-,-,-,-,-,-,-,-,-,-,-,-,-
"Victorville, San Bernardino County, California, United States",city,https://app.monqcle.com/org/cphlr/project/drug-paraphernalia-laws-1689792283/record/76149,DPL_2025_Consolidated,2022-12-31,2024-12-31,1,0,-,-,-,-,-,-,-,-,-,-,-,-,-,-,-,-,-,-,-,-,-,-,-,-,-,-,-,-,-,-,-,-,-,-,-,-,-,-,-,-,-,-,-,-,-,-,-,-,-,-,-,-,-,-,-,-,-,-,-,-,-,-,-,-,-,-,-,-,-,-,-,-,-,-,-,-,-,-,-,-,-,-,-,-,-,-,-,-,-,-,-,-,-,-,-,-,-,-,-,-,-,-,-,-,-,-,-
"Virginia Beach, Virginia, United States",city,https://app.monqcle.com/org/cphlr/project/drug-paraphernalia-laws-1689792283/record/74781,DPL_2025_Consolidated,2022-12-31,2024-12-31,1,0,-,-,-,-,-,-,-,-,-,-,-,-,-,-,-,-,-,-,-,-,-,-,-,-,-,-,-,-,-,-,-,-,-,-,-,-,-,-,-,-,-,-,-,-,-,-,-,-,-,-,-,-,-,-,-,-,-,-,-,-,-,-,-,-,-,-,-,-,-,-,-,-,-,-,-,-,-,-,-,-,-,-,-,-,-,-,-,-,-,-,-,-,-,-,-,-,-,-,-,-,-,-,-,-,-,-,-
"Virginia Beach, Virginia, United States",city,https://app.monqcle.com/org/cphlr/project/drug-paraphernalia-laws-1689792283/record/64154,DPL_2023_Consolidated,2022-12-31,2023-01-01,1,0,-,-,-,-,-,-,-,-,-,-,-,-,-,-,-,-,-,-,-,-,-,-,-,-,-,-,-,-,-,-,-,-,-,-,-,-,-,-,-,-,-,-,-,-,-,-,-,-,-,-,-,-,-,-,-,-,-,-,-,-,-,-,-,-,-,-,-,-,-,-,-,-,-,-,-,-,-,-,-,-,-,-,-,-,-,-,-,-,-,-,-,-,-,-,-,-,-,-,-,-,-,-,-,-,-,-,-
"Visalia, Tulare County, California, United States",city,https://app.monqcle.com/org/cphlr/project/drug-paraphernalia-laws-1689792283/record/75844,DPL_2025_Consolidated,2022-12-31,2024-12-31,1,0,-,-,-,-,-,-,-,-,-,-,-,-,-,-,-,-,-,-,-,-,-,-,-,-,-,-,-,-,-,-,-,-,-,-,-,-,-,-,-,-,-,-,-,-,-,-,-,-,-,-,-,-,-,-,-,-,-,-,-,-,-,-,-,-,-,-,-,-,-,-,-,-,-,-,-,-,-,-,-,-,-,-,-,-,-,-,-,-,-,-,-,-,-,-,-,-,-,-,-,-,-,-,-,-,-,-,-
"Visalia, Tulare County, California, United States",city,https://app.monqcle.com/org/cphlr/project/drug-paraphernalia-laws-1689792283/record/63089,DPL_2023_Consolidated,2022-12-31,2023-01-01,1,0,-,-,-,-,-,-,-,-,-,-,-,-,-,-,-,-,-,-,-,-,-,-,-,-,-,-,-,-,-,-,-,-,-,-,-,-,-,-,-,-,-,-,-,-,-,-,-,-,-,-,-,-,-,-,-,-,-,-,-,-,-,-,-,-,-,-,-,-,-,-,-,-,-,-,-,-,-,-,-,-,-,-,-,-,-,-,-,-,-,-,-,-,-,-,-,-,-,-,-,-,-,-,-,-,-,-,-
"Vista, San Diego County, California, United States",city,https://app.monqcle.com/org/cphlr/project/drug-paraphernalia-laws-1689792283/record/76416,DPL_2025_Consolidated,2022-12-31,2024-12-31,1,0,-,-,-,-,-,-,-,-,-,-,-,-,-,-,-,-,-,-,-,-,-,-,-,-,-,-,-,-,-,-,-,-,-,-,-,-,-,-,-,-,-,-,-,-,-,-,-,-,-,-,-,-,-,-,-,-,-,-,-,-,-,-,-,-,-,-,-,-,-,-,-,-,-,-,-,-,-,-,-,-,-,-,-,-,-,-,-,-,-,-,-,-,-,-,-,-,-,-,-,-,-,-,-,-,-,-,-
"Vista, San Diego County, California, United States",city,https://app.monqcle.com/org/cphlr/project/drug-paraphernalia-laws-1689792283/record/63135,DPL_2023_Consolidated ,2022-12-31,2023-01-01,1,0,-,-,-,-,-,-,-,-,-,-,-,-,-,-,-,-,-,-,-,-,-,-,-,-,-,-,-,-,-,-,-,-,-,-,-,-,-,-,-,-,-,-,-,-,-,-,-,-,-,-,-,-,-,-,-,-,-,-,-,-,-,-,-,-,-,-,-,-,-,-,-,-,-,-,-,-,-,-,-,-,-,-,-,-,-,-,-,-,-,-,-,-,-,-,-,-,-,-,-,-,-,-,-,-,-,-,-
"Waco, McLennan County, Texas, United States",city,https://app.monqcle.com/org/cphlr/project/drug-paraphernalia-laws-1689792283/record/63221,DPL_2023_Consolidated,2022-12-31,2023-01-01,1,0,-,-,-,-,-,-,-,-,-,-,-,-,-,-,-,-,-,-,-,-,-,-,-,-,-,-,-,-,-,-,-,-,-,-,-,-,-,-,-,-,-,-,-,-,-,-,-,-,-,-,-,-,-,-,-,-,-,-,-,-,-,-,-,-,-,-,-,-,-,-,-,-,-,-,-,-,-,-,-,-,-,-,-,-,-,-,-,-,-,-,-,-,-,-,-,-,-,-,-,-,-,-,-,-,-,-,-
"Waco, McLennan County, Texas, United States",city,https://app.monqcle.com/org/cphlr/project/drug-paraphernalia-laws-1689792283/record/75580,DPL_2025_Consolidated,2022-12-31,2024-12-31,1,0,-,-,-,-,-,-,-,-,-,-,-,-,-,-,-,-,-,-,-,-,-,-,-,-,-,-,-,-,-,-,-,-,-,-,-,-,-,-,-,-,-,-,-,-,-,-,-,-,-,-,-,-,-,-,-,-,-,-,-,-,-,-,-,-,-,-,-,-,-,-,-,-,-,-,-,-,-,-,-,-,-,-,-,-,-,-,-,-,-,-,-,-,-,-,-,-,-,-,-,-,-,-,-,-,-,-,-
"Warner Robins, Houston County, Georgia, United States",city,https://app.monqcle.com/org/cphlr/project/drug-paraphernalia-laws-1689792283/record/77116,DPL_2025_Consolidated,2022-12-31,2024-12-31,1,0,-,-,-,-,-,-,-,-,-,-,-,-,-,-,-,-,-,-,-,-,-,-,-,-,-,-,-,-,-,-,-,-,-,-,-,-,-,-,-,-,-,-,-,-,-,-,-,-,-,-,-,-,-,-,-,-,-,-,-,-,-,-,-,-,-,-,-,-,-,-,-,-,-,-,-,-,-,-,-,-,-,-,-,-,-,-,-,-,-,-,-,-,-,-,-,-,-,-,-,-,-,-,-,-,-,-,-
"Warner Robins, Houston County, Georgia, United States",city,https://app.monqcle.com/org/cphlr/project/drug-paraphernalia-laws-1689792283/record/63621,DPL_2023_Consolidated,2022-12-31,2023-01-01,1,0,-,-,-,-,-,-,-,-,-,-,-,-,-,-,-,-,-,-,-,-,-,-,-,-,-,-,-,-,-,-,-,-,-,-,-,-,-,-,-,-,-,-,-,-,-,-,-,-,-,-,-,-,-,-,-,-,-,-,-,-,-,-,-,-,-,-,-,-,-,-,-,-,-,-,-,-,-,-,-,-,-,-,-,-,-,-,-,-,-,-,-,-,-,-,-,-,-,-,-,-,-,-,-,-,-,-,-
"Warren, Macomb County, Michigan, United States",city,https://app.monqcle.com/org/cphlr/project/drug-paraphernalia-laws-1689792283/record/63851,DPL_2023_Consolidated,2022-12-31,2023-01-01,11,1,-,-,-,Municode,-,-,-,https://library.municode.com/mi/warren/codes/code_of_ordinances?nodeId=PTIICOOR_CH22OF_ARTVIIICOSU_DIV2PA_S22-207PODRPA,-,-,-,02/11/2020,-,unknown date at bottom of ordinance,-,-,-,-,-,09/20/2023,-,-,-,"Known, current through date published in ordinance",-,-,-,Both (ARCHIVE) ,"DIVISION 2. - PARAPHERNAL,DIVISION 2. - PARAPHERNAL",-,-,-,-,-,-,-,-,-,-,"Syringes, hypodermic needles, other inject/ion/ing equipment/instrument/supplies , Pipes, other smoke/ing or inhal/ing/ation equipment or supplies, Drug test/ing or check/ing equipment or supplies, Other",DIVISION 2. - PARAPHERNAL,-,-,"Sales (ARCHIVE), Non-sale distribution/delivery (ARCHIVE), Possession, possession with intent to use, keep, Use, Advertising, display, Manufacturing, manufacture with intent to deliver or sell","DIVISION 2. - PARAPHERNAL,DIVISION 2. - PARAPHERNAL",-,-,Criminal (ARCHIVE) ,DIVISION 2. - PARAPHERNAL,-,-,"Syringes for approved medical use (i.e. diabetes) , Other paraphernalia for approved medical use, Paraphernalia for consumption of cannabis, generally (ARCHIVE), Professionals acting in their course of business [e.g. pharmacists, physicians, manufacturers]",DIVISION 2. - PARAPHERNAL,-,-,-,-,-,-,-,-,-,-,-,-,-,-,-,-,-,-,-,-,-,-,-,-,-,-,-,-,-,-,-,-,-,-,-,-,-,-,-,-,-,-,-,-,-,-,-,-,-,-,-,-,-,-
"Warren, Macomb County, Michigan, United States",city,https://app.monqcle.com/org/cphlr/project/drug-paraphernalia-laws-1689792283/record/75916,DPL_2025_Consolidated,2022-12-31,2024-12-31,13,1,-,-,-,Municode,-,-,-,https://library.municode.com/mi/warren/codes/code_of_ordinances?nodeId=PTIICOOR_CH22OF_ARTVIIICOSU_DIV2PA_S22-207PODRPA,-,-,-,02/11/2020,-,unknown date at bottom of ordinance,-,-,-,-,-,08/01/2025,-,-,-,"Known, current through date published in ordinance",-,-,-,Both (ARCHIVE) ,-,-,-,0,-,-,-,-,-,-,-,"Syringes, hypodermic needles, other inject/ion/ing equipment/instrument/supplies , Pipes, other smoke/ing or inhal/ing/ation equipment or supplies, Drug test/ing or check/ing equipment or supplies, Other",DIVISION 2. - PARAPHERNAL,-,-,"Sales, possession with intent to sell, offer for sale (NEW), Delivery, possession with intent to deliver/distribute, distribution, transfer, furnish, exchange (NEW), Possession, possession with intent to use, keep, Use, Advertising, display, Manufacturing, manufacture with intent to deliver or sell","DIVISION 2. - PARAPHERNAL,DIVISION 2. - PARAPHERNAL",-,-,Other,DIVISION 2. - PARAPHERNAL,a person is arrested for a violation of subsection (a),-,"Syringes for approved medical use (i.e. diabetes) , Other paraphernalia for approved medical use, Paraphernalia for consumption of cannabis, generally or medical use (NEW), Professionals acting in their course of business [e.g. pharmacists, physicians, manufacturers]",DIVISION 2. - PARAPHERNAL,-,-,-,-,-,-,-,-,-,-,Possession,-,-,-,-,-,-,-,-,-,-,-,-,-,-,-,-,-,-,-,-,-,-,-,-,-,-,-,-,-,-,-,-,-,-,-,-,-,-,-,-,-,-,-
"Warwick, Kent County, Rhode Island, United States",city,https://app.monqcle.com/org/cphlr/project/drug-paraphernalia-laws-1689792283/record/63159,DPL_2023_Consolidated,2022-12-31,2023-01-01,1,0,-,-,-,-,-,-,-,-,-,-,-,-,-,-,-,-,-,-,-,-,-,-,-,-,-,-,-,-,-,-,-,-,-,-,-,-,-,-,-,-,-,-,-,-,-,-,-,-,-,-,-,-,-,-,-,-,-,-,-,-,-,-,-,-,-,-,-,-,-,-,-,-,-,-,-,-,-,-,-,-,-,-,-,-,-,-,-,-,-,-,-,-,-,-,-,-,-,-,-,-,-,-,-,-,-,-,-
"Warwick, Kent County, Rhode Island, United States",city,https://app.monqcle.com/org/cphlr/project/drug-paraphernalia-laws-1689792283/record/77403,DPL_2025_Consolidated,2022-12-31,2024-12-31,1,0,-,-,-,-,-,-,-,-,-,-,-,-,-,-,-,-,-,-,-,-,-,-,-,-,-,-,-,-,-,-,-,-,-,-,-,-,-,-,-,-,-,-,-,-,-,-,-,-,-,-,-,-,-,-,-,-,-,-,-,-,-,-,-,-,-,-,-,-,-,-,-,-,-,-,-,-,-,-,-,-,-,-,-,-,-,-,-,-,-,-,-,-,-,-,-,-,-,-,-,-,-,-,-,-,-,-,-
"Washington, District of Columbia, United States",city,https://app.monqcle.com/org/cphlr/project/drug-paraphernalia-laws-1689792283/record/63804,DPL_2023_Consolidated,2022-12-31,2023-01-01,11,1,-,-,-,self-published,-,-,-,https://code.dccouncil.gov/us/dc/council/code/titles/48/chapters/11,-,-,-,03/16/2021,-,-,-,-,-,-,-,09/06/2023,-,-,-,"Known, current through date published in ordinance",-,-,-,Neither (ARCHIVE),-,-,-,-,-,-,-,-,-,-,-,"Syringes, hypodermic needles, other inject/ion/ing equipment/instrument/supplies , Pipes, other smoke/ing or inhal/ing/ation equipment or supplies, Drug test/ing or check/ing equipment or supplies, Other",Chapter 11. Drug Parapher,-,-,"Sales (ARCHIVE), Non-sale distribution/delivery (ARCHIVE), Manufacturing, manufacture with intent to deliver or sell","Chapter 11. Drug Parapher,Chapter 11. Drug Parapher",-,-,"Criminal (ARCHIVE) , Forfeiture/Seizure","Chapter 11. Drug Parapher,Chapter 11. Drug Parapher",-,-,"Paraphernalia for consumption of cannabis, generally (ARCHIVE), Syringe services or harm reduction programs specifically, supervised use sites (ARCHIVE), Xylazine checking/testing equipment specifically, in the context syringe services, harm reduction programs, or supervised use sites (NEW), Professionals acting in their course of business [e.g. pharmacists, physicians, manufacturers], Public officials in the course of their duties, generally","Chapter 11. Drug Parapher,Chapter 11. Drug Parapher,Chapter 11. Drug Parapher","it shall not be unlawful for a person to use, or possess with the intent to use, drug paraphernalia for the personal use of a controlled substance
 it shall not be unlawful for a community-based organization, as that term is defined in § 7-404(a)(1), to deliver or sell, or possess with intent to deliver or sell, drug paraphernalia for the personal use of a controlled substance.",-,-,-,-,-,-,-,-,-,-,-,-,-,-,-,-,-,-,-,-,-,-,-,-,-,-,-,-,-,-,-,-,-,-,-,-,-,-,-,-,-,-,-,-,-,-,-,-,-,-,-,-,-
"Washington, District of Columbia, United States",city,https://app.monqcle.com/org/cphlr/project/drug-paraphernalia-laws-1689792283/record/74480,DPL_2025_Consolidated,2022-12-31,2024-12-31,16,1,-,-,-,self-published,-,-,-,https://code.dccouncil.gov/us/dc/council/code/titles/48/chapters/11,-,-,-,03/16/2021,-,-,-,-,-,-,-,10/03/2025,-,-,-,"Known, current through date published in ordinance",-,-,-,Neither (ARCHIVE),-,-,-,0,-,-,-,-,-,-,-,"Syringes, hypodermic needles, other inject/ion/ing equipment/instrument/supplies , Pipes, other smoke/ing or inhal/ing/ation equipment or supplies, Drug test/ing or check/ing equipment or supplies, Other",Chapter 11. Drug Parapher,-,-,"Sales, possession with intent to sell, offer for sale (NEW), Delivery, possession with intent to deliver/distribute, distribution, transfer, furnish, exchange (NEW), Possession, possession with intent to use, keep, Use, Manufacturing, manufacture with intent to deliver or sell","Chapter 11. Drug Parapher,Chapter 11. Drug Parapher",-,-,"Unspecified Fine (NEW), Incarceration (NEW), Forfeiture/Seizure","Chapter 11. Drug Parapher,Chapter 11. Drug Parapher",-,-,"Paraphernalia for consumption of cannabis, generally or medical use (NEW), Syringes, generally, Drug checking/testing equipment, generally, Pipes/smoking equipment, generally (NEW), Professionals acting in their course of business [e.g. pharmacists, physicians, manufacturers], Public officials in the course of their duties, generally, Other","Chapter 11. Drug Parapher,Chapter 11. Drug Parapher,Chapter 11. Drug Parapher","Notwithstanding paragraph (1) of this subsection, it shall not be unlawful for a person to use, or possess with the intent to use, drug paraphernalia for the personal use of a controlled substance.",-,"Possession, Use",-,-,-,-,-,-,-,"Possession, Use, Distribution, Sales, Other",-,Manufacture,-,"Possession, Use",-,-,-,-,-,-,-,-,-,-,-,-,-,-,-,-,-,-,-,-,-,-,-,"Possession, Use",-,-,-,-,-,-,-,-,-,-,-,-,-,-,-
"Waterbury, Naugatuck Valley Planning Region, Connecticut, United States",city,https://app.monqcle.com/org/cphlr/project/drug-paraphernalia-laws-1689792283/record/64005,DPL_2023_Consolidated,2022-12-31,2023-01-01,1,0,-,-,-,-,-,-,-,-,-,-,-,-,-,-,-,-,-,-,-,-,-,-,-,-,-,-,-,-,-,-,-,-,-,-,-,-,-,-,-,-,-,-,-,-,-,-,-,-,-,-,-,-,-,-,-,-,-,-,-,-,-,-,-,-,-,-,-,-,-,-,-,-,-,-,-,-,-,-,-,-,-,-,-,-,-,-,-,-,-,-,-,-,-,-,-,-,-,-,-,-,-,-,-,-,-,-,-
"Waterbury, Naugatuck Valley Planning Region, Connecticut, United States",city,https://app.monqcle.com/org/cphlr/project/drug-paraphernalia-laws-1689792283/record/76557,DPL_2025_Consolidated,2022-12-31,2024-12-31,1,0,-,-,-,-,-,-,-,-,-,-,-,-,-,-,-,-,-,-,-,-,-,-,-,-,-,-,-,-,-,-,-,-,-,-,-,-,-,-,-,-,-,-,-,-,-,-,-,-,-,-,-,-,-,-,-,-,-,-,-,-,-,-,-,-,-,-,-,-,-,-,-,-,-,-,-,-,-,-,-,-,-,-,-,-,-,-,-,-,-,-,-,-,-,-,-,-,-,-,-,-,-,-,-,-,-,-,-
"Waukegan, Lake County, Illinois, United States",city,https://app.monqcle.com/org/cphlr/project/drug-paraphernalia-laws-1689792283/record/77318,DPL_2025_Consolidated,2022-12-31,2024-12-31,13,1,-,-,-,Municode,-,-,-,https://library.municode.com/il/waukegan/codes/code_of_ordinances?nodeId=COOR_CH15OFMIPR_ARTIINGE_S15-9DRPA,-,-,-,01/21/2020,-,-,-,-,-,-,-,09/30/2025,-,-,-,"Known, current through date published in ordinance",-,-,-,Both (ARCHIVE) ,-,-,-,0,-,-,-,-,-,-,-,"Syringes, hypodermic needles, other inject/ion/ing equipment/instrument/supplies , Pipes, other smoke/ing or inhal/ing/ation equipment or supplies, Drug test/ing or check/ing equipment or supplies, Other","Sec. 15-9. - Drug paraphe,Sec. 15-9. - Drug paraphe",-,-,"Sales, possession with intent to sell, offer for sale (NEW), Delivery, possession with intent to deliver/distribute, distribution, transfer, furnish, exchange (NEW), Give away, give, gift, free distribution (NEW), Possession, possession with intent to use, keep, Advertising, display",Sec. 15-9. - Drug paraphe,-,-,Unspecified Fine (NEW),Sec. 1-13 - General penal,-,-,"Syringes for approved medical use (i.e. diabetes) , Paraphernalia for consumption of cannabis, generally or medical use (NEW), Professionals acting in their course of business [e.g. pharmacists, physicians, manufacturers], Public officials in the course of their duties, generally","Sec. 15-9. - Drug paraphe,Sec. 15-9. - Drug paraphe",-,-,-,-,-,-,-,-,-,-,"Possession, Use",-,-,-,-,-,-,-,-,-,-,-,-,-,-,-,-,-,-,-,-,-,-,-,-,-,-,-,-,-,-,-,-,-,-,-,-,-,-,-,-,-,-,-
"Waukegan, Lake County, Illinois, United States",city,https://app.monqcle.com/org/cphlr/project/drug-paraphernalia-laws-1689792283/record/64016,DPL_2023_Consolidated,2022-12-31,2023-01-01,11,1,-,-,-,Municode,-,-,-,https://library.municode.com/il/waukegan/codes/code_of_ordinances?nodeId=COOR_CH15OFMIPR_ARTIINGE_S15-9DRPA,-,-,-,01/21/2020,-,-,-,-,-,-,-,09/06/2023,-,-,-,"Known, current through date published in ordinance",-,-,-,Both (ARCHIVE) ,"Sec. 15-9. - Drug paraphe,Sec. 15-9. - Drug paraphe",-,-,-,-,-,-,-,-,-,-,"Syringes, hypodermic needles, other inject/ion/ing equipment/instrument/supplies , Pipes, other smoke/ing or inhal/ing/ation equipment or supplies, Drug test/ing or check/ing equipment or supplies, Other",Sec. 15-9. - Drug paraphe,-,-,"Sales (ARCHIVE), Possession, possession with intent to use, keep, Other",Sec. 15-9. - Drug paraphe,"display, offer to sale, furnish, supply or give away",-,Civil (ARCHIVE),Sec. 1-13 - General penal,-,-,"Syringes for approved medical use (i.e. diabetes) , Paraphernalia for consumption of cannabis, generally (ARCHIVE), Professionals acting in their course of business [e.g. pharmacists, physicians, manufacturers], Public officials in the course of their duties, generally","Sec. 15-9. - Drug paraphe,Sec. 15-9. - Drug paraphe",-,-,-,-,-,-,-,-,-,-,-,-,-,-,-,-,-,-,-,-,-,-,-,-,-,-,-,-,-,-,-,-,-,-,-,-,-,-,-,-,-,-,-,-,-,-,-,-,-,-,-,-,-,-
"West Covina, Los Angeles County, California, United States",city,https://app.monqcle.com/org/cphlr/project/drug-paraphernalia-laws-1689792283/record/76532,DPL_2025_Consolidated,2022-12-31,2024-12-31,1,0,-,-,-,-,-,-,-,-,-,-,-,-,-,-,-,-,-,-,-,-,-,-,-,-,-,-,-,-,-,-,-,-,-,-,-,-,-,-,-,-,-,-,-,-,-,-,-,-,-,-,-,-,-,-,-,-,-,-,-,-,-,-,-,-,-,-,-,-,-,-,-,-,-,-,-,-,-,-,-,-,-,-,-,-,-,-,-,-,-,-,-,-,-,-,-,-,-,-,-,-,-,-,-,-,-,-,-
"West Covina, Los Angeles County, California, United States",city,https://app.monqcle.com/org/cphlr/project/drug-paraphernalia-laws-1689792283/record/63745,DPL_2023_Consolidated,2022-12-31,2023-01-01,1,0,-,-,-,-,-,-,-,-,-,-,-,-,-,-,-,-,-,-,-,-,-,-,-,-,-,-,-,-,-,-,-,-,-,-,-,-,-,-,-,-,-,-,-,-,-,-,-,-,-,-,-,-,-,-,-,-,-,-,-,-,-,-,-,-,-,-,-,-,-,-,-,-,-,-,-,-,-,-,-,-,-,-,-,-,-,-,-,-,-,-,-,-,-,-,-,-,-,-,-,-,-,-,-,-,-,-,-
"West Jordan, Salt Lake County, Utah, United States",city,https://app.monqcle.com/org/cphlr/project/drug-paraphernalia-laws-1689792283/record/64122,DPL_2023_Consolidated,2022-12-31,2023-01-01,1,0,-,-,-,-,-,-,-,-,-,-,-,-,-,-,-,-,-,-,-,-,-,-,-,-,-,-,-,-,-,-,-,-,-,-,-,-,-,-,-,-,-,-,-,-,-,-,-,-,-,-,-,-,-,-,-,-,-,-,-,-,-,-,-,-,-,-,-,-,-,-,-,-,-,-,-,-,-,-,-,-,-,-,-,-,-,-,-,-,-,-,-,-,-,-,-,-,-,-,-,-,-,-,-,-,-,-,-
"West Jordan, Salt Lake County, Utah, United States",city,https://app.monqcle.com/org/cphlr/project/drug-paraphernalia-laws-1689792283/record/76054,DPL_2025_Consolidated,2022-12-31,2024-12-31,1,0,-,-,-,-,-,-,-,-,-,-,-,-,-,-,-,-,-,-,-,-,-,-,-,-,-,-,-,-,-,-,-,-,-,-,-,-,-,-,-,-,-,-,-,-,-,-,-,-,-,-,-,-,-,-,-,-,-,-,-,-,-,-,-,-,-,-,-,-,-,-,-,-,-,-,-,-,-,-,-,-,-,-,-,-,-,-,-,-,-,-,-,-,-,-,-,-,-,-,-,-,-,-,-,-,-,-,-
"Westland, Wayne County, Michigan, United States",city,https://app.monqcle.com/org/cphlr/project/drug-paraphernalia-laws-1689792283/record/77326,DPL_2025_Consolidated,2022-12-31,2024-12-31,13,1,-,-,-,Municode,-,-,-,https://library.municode.com/mi/westland/codes/code_of_ordinances/428857?nodeId=PTIICOOR_CH62OFMIPR_ARTVIIOFAGPUMO_DIV2COSU_S62-344USPODRPAAD,-,-,-,08/19/2019,-,unknown date at bottom of ordinance,-,-,-,-,-,10/01/2025,-,-,-,"Known, current through date published in ordinance",-,-,-,Both (ARCHIVE) ,-,-,-,0,-,-,-,-,-,-,-,"Syringes, hypodermic needles, other inject/ion/ing equipment/instrument/supplies , Pipes, other smoke/ing or inhal/ing/ation equipment or supplies, Drug test/ing or check/ing equipment or supplies, Other",DIVISION 2. - CONTROLLED ,-,-,"Sales, possession with intent to sell, offer for sale (NEW), Delivery, possession with intent to deliver/distribute, distribution, transfer, furnish, exchange (NEW), Possession, possession with intent to use, keep, Use, Advertising, display, Manufacturing, manufacture with intent to deliver or sell","DIVISION 2. - CONTROLLED ,DIVISION 2. - CONTROLLED ",-,-,"Unspecified Fine (NEW), Incarceration (NEW), Forfeiture/Seizure","DIVISION 2. - CONTROLLED ,Sec. 1-8. - General penal",-,-,"Syringes for approved medical use (i.e. diabetes) , Paraphernalia for consumption of cannabis, generally or medical use (NEW), Professionals acting in their course of business [e.g. pharmacists, physicians, manufacturers], Public officials in the course of their duties, generally","DIVISION 2. - CONTROLLED ,DIVISION 2. - CONTROLLED ,DIVISION 2. - CONTROLLED ",-,-,-,-,-,-,-,-,-,-,"Possession, Use, Distribution, Sales, Other",-,"Manufacture, Advertise",-,-,-,-,-,-,-,-,-,-,-,-,-,-,-,-,-,-,-,-,-,-,-,-,-,-,-,-,-,-,-,-,-,-,-,-,-,-,-,-,-
"Westland, Wayne County, Michigan, United States",city,https://app.monqcle.com/org/cphlr/project/drug-paraphernalia-laws-1689792283/record/63649,DPL_2023_Consolidated,2022-12-31,2023-01-01,11,1,-,-,-,Municode,-,-,-,https://library.municode.com/mi/westland/codes/code_of_ordinances/428857?nodeId=PTIICOOR_CH62OFMIPR_ARTVIIOFAGPUMO_DIV2COSU_S62-344USPODRPAAD,-,-,-,08/19/2019,-,unknown date at bottom of ordinance,-,-,-,-,-,09/12/2023,-,-,-,"Known, current through date published in ordinance",-,-,-,Both (ARCHIVE) ,"DIVISION 2. - CONTROLLED ,DIVISION 2. - CONTROLLED ",-,-,-,-,-,-,-,-,-,-,"Syringes, hypodermic needles, other inject/ion/ing equipment/instrument/supplies , Pipes, other smoke/ing or inhal/ing/ation equipment or supplies, Drug test/ing or check/ing equipment or supplies, Other",DIVISION 2. - CONTROLLED ,-,-,"Sales (ARCHIVE), Non-sale distribution/delivery (ARCHIVE), Possession, possession with intent to use, keep, Use, Advertising, display, Manufacturing, manufacture with intent to deliver or sell",DIVISION 2. - CONTROLLED ,-,-,"Criminal (ARCHIVE) , Forfeiture/Seizure","DIVISION 2. - CONTROLLED ,Sec. 1-8. - General penal",-,-,"Syringes for approved medical use (i.e. diabetes) , Paraphernalia for consumption of cannabis, generally (ARCHIVE), Professionals acting in their course of business [e.g. pharmacists, physicians, manufacturers], Public officials in the course of their duties, generally","DIVISION 2. - CONTROLLED ,DIVISION 2. - CONTROLLED ,DIVISION 2. - CONTROLLED ","cannabis use generally limited to 21+

professional/public officials exception limited to syringes ",-,-,-,-,-,-,-,-,-,-,-,-,-,-,-,-,-,-,-,-,-,-,-,-,-,-,-,-,-,-,-,-,-,-,-,-,-,-,-,-,-,-,-,-,-,-,-,-,-,-,-,-,-
"Westminster, Adams County, Colorado, United States",city,https://app.monqcle.com/org/cphlr/project/drug-paraphernalia-laws-1689792283/record/63697,DPL_2023_Consolidated,2022-12-31,2023-01-01,11,1,-,-,-,Municode,-,-,-,https://library.municode.com/co/westminster/codes/code_of_ordinances?nodeId=CD_ORD_TITVIPORE_CH12OFREMA_6-12-6PODRPA,-,-,-,09/24/2012,-,contacted city clerk for date information,-,-,-,-,-,11/27/2023,-,-,-,"Known, current through date published in ordinance",-,-,-,State (ARCHIVE) ,CHAPTER 12. - OFFENSES RE,-,-,-,-,-,-,-,-,-,-,"Syringes, hypodermic needles, other inject/ion/ing equipment/instrument/supplies , Pipes, other smoke/ing or inhal/ing/ation equipment or supplies, Drug test/ing or check/ing equipment or supplies, Other",CHAPTER 12. - OFFENSES RE,-,-,"Possession, possession with intent to use, keep",CHAPTER 12. - OFFENSES RE,-,-,Civil (ARCHIVE),CHAPTER 12. - OFFENSES RE,-,-,"Paraphernalia for consumption of cannabis, generally (ARCHIVE)",CHAPTER 12. - OFFENSES RE,-,-,-,-,-,-,-,-,-,-,-,-,-,-,-,-,-,-,-,-,-,-,-,-,-,-,-,-,-,-,-,-,-,-,-,-,-,-,-,-,-,-,-,-,-,-,-,-,-,-,-,-,-,-
"Westminster, Adams County, Colorado, United States",city,https://app.monqcle.com/org/cphlr/project/drug-paraphernalia-laws-1689792283/record/76285,DPL_2025_Consolidated,2022-12-31,2024-12-31,13,1,-,-,-,Municode,-,-,-,https://library.municode.com/co/westminster/codes/code_of_ordinances?nodeId=CD_ORD_TITVIPORE_CH12OFREMA_6-12-6PODRPA,-,-,-,09/24/2012,-,contacted city clerk for date information,-,-,-,-,-,09/30/2025,-,-,-,"Known, current through date published in ordinance",-,-,-,State (ARCHIVE) ,-,-,-,0,-,-,-,-,-,-,-,"Syringes, hypodermic needles, other inject/ion/ing equipment/instrument/supplies , Pipes, other smoke/ing or inhal/ing/ation equipment or supplies, Drug test/ing or check/ing equipment or supplies, Other",CHAPTER 12. - OFFENSES RE,-,-,"Possession, possession with intent to use, keep",CHAPTER 12. - OFFENSES RE,-,-,Unspecified Fine (NEW),CHAPTER 12. - OFFENSES RE,-,-,"Paraphernalia for consumption of cannabis, generally or medical use (NEW)",CHAPTER 12. - OFFENSES RE,-,-,-,-,-,-,-,-,-,-,"Possession, Use",-,-,-,-,-,-,-,-,-,-,-,-,-,-,-,-,-,-,-,-,-,-,-,-,-,-,-,-,-,-,-,-,-,-,-,-,-,-,-,-,-,-,-
"Westminster, Orange County, California, United States",city,https://app.monqcle.com/org/cphlr/project/drug-paraphernalia-laws-1689792283/record/76737,DPL_2025_Consolidated,2022-12-31,2024-12-31,1,0,-,-,-,-,-,-,-,-,-,-,-,-,-,-,-,-,-,-,-,-,-,-,-,-,-,-,-,-,-,-,-,-,-,-,-,-,-,-,-,-,-,-,-,-,-,-,-,-,-,-,-,-,-,-,-,-,-,-,-,-,-,-,-,-,-,-,-,-,-,-,-,-,-,-,-,-,-,-,-,-,-,-,-,-,-,-,-,-,-,-,-,-,-,-,-,-,-,-,-,-,-,-,-,-,-,-,-
"Westminster, Orange County, California, United States",city,https://app.monqcle.com/org/cphlr/project/drug-paraphernalia-laws-1689792283/record/62675,DPL_2023_Consolidated,2022-12-31,2023-01-01,1,0,-,-,-,-,-,-,-,-,-,-,-,-,-,-,-,-,-,-,-,-,-,-,-,-,-,-,-,-,-,-,-,-,-,-,-,-,-,-,-,-,-,-,-,-,-,-,-,-,-,-,-,-,-,-,-,-,-,-,-,-,-,-,-,-,-,-,-,-,-,-,-,-,-,-,-,-,-,-,-,-,-,-,-,-,-,-,-,-,-,-,-,-,-,-,-,-,-,-,-,-,-,-,-,-,-,-,-
"West Palm Beach, Palm Beach County, Florida, United States",city,https://app.monqcle.com/org/cphlr/project/drug-paraphernalia-laws-1689792283/record/76291,DPL_2025_Consolidated,2022-12-31,2024-12-31,13,1,-,-,-,Municode,-,-,-,https://library.municode.com/fl/west_palm_beach/codes/code_of_ordinances?nodeId=PTIICOOR_CH54OF_ARTIINGE_S54-1ADSTLAREMI,-,-,-,09/15/2015,-,unknown date at bottom of ordinance,-,-,-,-,-,08/21/2025,-,-,-,"Known, current through date published in ordinance",-,-,-,State (ARCHIVE) ,-,-,-,1,Sec. 54-1. - Adoption of ,-,-,"F.S. §§ 893.146 and 893.147(1)(b),",-,-,-,"Syringes, hypodermic needles, other inject/ion/ing equipment/instrument/supplies , Pipes, other smoke/ing or inhal/ing/ation equipment or supplies, Other","893.147 Use, possession, ",-,-,"Possession, possession with intent to use, keep",Sec. 54-1. - Adoption of ,-,-,"Misdemeanor (NEW), Civil Fine (NEW), Incarceration (NEW)","Sec. 54-1. - Adoption of ,Sec. 54-1. - Adoption of ",-,-,None,-,-,-,-,-,-,-,-,-,-,-,-,-,-,-,-,-,-,-,-,-,-,-,-,-,-,-,-,-,-,-,-,-,-,-,-,-,-,-,-,-,-,-,-,-,-,-,-,-,-,-,-,-,-,-
"West Palm Beach, Palm Beach County, Florida, United States",city,https://app.monqcle.com/org/cphlr/project/drug-paraphernalia-laws-1689792283/record/63642,DPL_2023_Consolidated,2022-12-31,2023-01-01,11,1,-,-,-,Municode,-,-,-,https://library.municode.com/fl/west_palm_beach/codes/code_of_ordinances?nodeId=PTIICOOR_CH54OF_ARTIINGE_S54-1ADSTLAREMI,-,-,-,09/15/2015,-,unknown date at bottom of ordinance,-,-,-,-,-,08/02/2023,-,-,-,"Known, current through date published in ordinance",-,-,-,State (ARCHIVE) ,Sec. 54-1. - Adoption of ,-,-,-,-,-,-,-,-,-,-,Not specified,-,-,-,"Possession, possession with intent to use, keep",Sec. 54-1. - Adoption of ,-,-,"Civil (ARCHIVE), Criminal (ARCHIVE) ","Sec. 54-1. - Adoption of ,Sec. 54-1. - Adoption of ",-,-,None,-,-,-,-,-,-,-,-,-,-,-,-,-,-,-,-,-,-,-,-,-,-,-,-,-,-,-,-,-,-,-,-,-,-,-,-,-,-,-,-,-,-,-,-,-,-,-,-,-,-,-,-,-,-,-
"West Valley City, Salt Lake County, Utah, United States",city,https://app.monqcle.com/org/cphlr/project/drug-paraphernalia-laws-1689792283/record/75817,DPL_2025_Consolidated,2022-12-31,2024-12-31,1,0,-,-,-,-,-,-,-,-,-,-,-,-,-,-,-,-,-,-,-,-,-,-,-,-,-,-,-,-,-,-,-,-,-,-,-,-,-,-,-,-,-,-,-,-,-,-,-,-,-,-,-,-,-,-,-,-,-,-,-,-,-,-,-,-,-,-,-,-,-,-,-,-,-,-,-,-,-,-,-,-,-,-,-,-,-,-,-,-,-,-,-,-,-,-,-,-,-,-,-,-,-,-,-,-,-,-,-
"West Valley City, Salt Lake County, Utah, United States",city,https://app.monqcle.com/org/cphlr/project/drug-paraphernalia-laws-1689792283/record/64161,DPL_2023_Consolidated,2022-12-31,2023-01-01,1,0,-,-,-,-,-,-,-,-,-,-,-,-,-,-,-,-,-,-,-,-,-,-,-,-,-,-,-,-,-,-,-,-,-,-,-,-,-,-,-,-,-,-,-,-,-,-,-,-,-,-,-,-,-,-,-,-,-,-,-,-,-,-,-,-,-,-,-,-,-,-,-,-,-,-,-,-,-,-,-,-,-,-,-,-,-,-,-,-,-,-,-,-,-,-,-,-,-,-,-,-,-,-,-,-,-,-,-
"Whittier, Los Angeles County, California, United States",city,https://app.monqcle.com/org/cphlr/project/drug-paraphernalia-laws-1689792283/record/77259,DPL_2025_Consolidated,2022-12-31,2024-12-31,1,0,-,-,-,-,-,-,-,-,-,-,-,-,-,-,-,-,-,-,-,-,-,-,-,-,-,-,-,-,-,-,-,-,-,-,-,-,-,-,-,-,-,-,-,-,-,-,-,-,-,-,-,-,-,-,-,-,-,-,-,-,-,-,-,-,-,-,-,-,-,-,-,-,-,-,-,-,-,-,-,-,-,-,-,-,-,-,-,-,-,-,-,-,-,-,-,-,-,-,-,-,-,-,-,-,-,-,-
"Whittier, Los Angeles County, California, United States",city,https://app.monqcle.com/org/cphlr/project/drug-paraphernalia-laws-1689792283/record/63327,DPL_2023_Consolidated,2022-12-31,2023-01-01,1,0,-,-,-,-,-,-,-,-,-,-,-,-,-,-,-,-,-,-,-,-,-,-,-,-,-,-,-,-,-,-,-,-,-,-,-,-,-,-,-,-,-,-,-,-,-,-,-,-,-,-,-,-,-,-,-,-,-,-,-,-,-,-,-,-,-,-,-,-,-,-,-,-,-,-,-,-,-,-,-,-,-,-,-,-,-,-,-,-,-,-,-,-,-,-,-,-,-,-,-,-,-,-,-,-,-,-,-
"Wichita Falls, Wichita County, Texas, United States",city,https://app.monqcle.com/org/cphlr/project/drug-paraphernalia-laws-1689792283/record/76515,DPL_2025_Consolidated,2022-12-31,2024-12-31,1,0,-,-,-,-,-,-,-,-,-,-,-,-,-,-,-,-,-,-,-,-,-,-,-,-,-,-,-,-,-,-,-,-,-,-,-,-,-,-,-,-,-,-,-,-,-,-,-,-,-,-,-,-,-,-,-,-,-,-,-,-,-,-,-,-,-,-,-,-,-,-,-,-,-,-,-,-,-,-,-,-,-,-,-,-,-,-,-,-,-,-,-,-,-,-,-,-,-,-,-,-,-,-,-,-,-,-,-
"Wichita Falls, Wichita County, Texas, United States",city,https://app.monqcle.com/org/cphlr/project/drug-paraphernalia-laws-1689792283/record/63819,DPL_2023_Consolidated,2022-12-31,2023-01-01,1,0,-,-,-,-,-,-,-,-,-,-,-,-,-,-,-,-,-,-,-,-,-,-,-,-,-,-,-,-,-,-,-,-,-,-,-,-,-,-,-,-,-,-,-,-,-,-,-,-,-,-,-,-,-,-,-,-,-,-,-,-,-,-,-,-,-,-,-,-,-,-,-,-,-,-,-,-,-,-,-,-,-,-,-,-,-,-,-,-,-,-,-,-,-,-,-,-,-,-,-,-,-,-,-,-,-,-,-
"Wichita, Sedgwick County, Kansas, United States",city,https://app.monqcle.com/org/cphlr/project/drug-paraphernalia-laws-1689792283/record/63916,DPL_2023_Consolidated,2022-12-31,2023-01-01,11,1,-,-,-,Municode,-,-,-,https://library.municode.com/ks/wichita/codes/code_of_ordinances?nodeId=TIT5PUSAMO_CH5.26DR_S5.26.030PODRPACOSUIL,-,-,-,09/20/2022,-,Unknown date type,-,-,-,-,-,05/11/2023,-,-,-,"Known, current through date published in ordinance",-,-,-,Both (ARCHIVE) ,"CHAPTER 5.26. - DRUGS,CHAPTER 5.26. - DRUGS",-,-,-,-,-,-,-,-,-,-,"Syringes, hypodermic needles, other inject/ion/ing equipment/instrument/supplies , Pipes, other smoke/ing or inhal/ing/ation equipment or supplies, Drug test/ing or check/ing equipment or supplies, Other",CHAPTER 5.26. - DRUGS,-,-,"Non-sale distribution/delivery (ARCHIVE), Possession, possession with intent to use, keep, Use, Manufacturing, manufacture with intent to deliver or sell","CHAPTER 5.26. - DRUGS,CHAPTER 5.26. - DRUGS",-,-,Criminal (ARCHIVE) ,CHAPTER 5.26. - DRUGS,-,-,"Paraphernalia for consumption of cannabis, generally (ARCHIVE), Drug checking/testing equipment for fentanyl or fentanyl analogues ","CHAPTER 5.26. - DRUGS,CHAPTER 5.26. - DRUGS",-,-,-,-,-,-,-,-,-,-,-,-,-,-,-,-,-,-,-,-,-,-,-,-,-,-,-,-,-,-,-,-,-,-,-,-,-,-,-,-,-,-,-,-,-,-,-,-,-,-,-,-,-,-
"Wichita, Sedgwick County, Kansas, United States",city,https://app.monqcle.com/org/cphlr/project/drug-paraphernalia-laws-1689792283/record/74958,DPL_2025_Consolidated,2022-12-31,2024-12-31,14,1,-,-,-,Municode,-,-,-,https://library.municode.com/ks/wichita/codes/code_of_ordinances?nodeId=TIT5PUSAMO_CH5.26DR_S5.26.030PODRPACOSUIL,-,-,-,09/20/2022,-,Unknown date type,-,-,-,-,-,08/22/2025,-,-,-,"Known, current through date published in ordinance",-,-,-,Both (ARCHIVE) ,-,-,-,0,-,-,-,-,-,-,-,"Syringes, hypodermic needles, other inject/ion/ing equipment/instrument/supplies , Pipes, other smoke/ing or inhal/ing/ation equipment or supplies, Drug test/ing or check/ing equipment or supplies, Other",CHAPTER 5.26. - DRUGS,-,-,"Delivery, possession with intent to deliver/distribute, distribution, transfer, furnish, exchange (NEW), Possession, possession with intent to use, keep, Use, Manufacturing, manufacture with intent to deliver or sell","CHAPTER 5.26. - DRUGS,CHAPTER 5.26. - DRUGS",-,-,"Misdemeanor (NEW), Unspecified Fine (NEW), Incarceration (NEW)",CHAPTER 5.26. - DRUGS,-,-,"Paraphernalia for consumption of cannabis, generally or medical use (NEW), Drug checking/testing equipment for fentanyl or fentanyl analogues ","CHAPTER 5.26. - DRUGS,CHAPTER 5.26. - DRUGS",-,-,-,-,-,-,-,-,-,-,"Possession, Use",-,-,-,-,-,-,-,Possession,-,-,-,-,-,-,-,-,-,-,-,-,-,-,-,-,-,-,-,-,-,-,-,-,-,-,-,-,-,-,-,-,-,-,-
"Wilmington, New Castle County, Delaware, United States",city,https://app.monqcle.com/org/cphlr/project/drug-paraphernalia-laws-1689792283/record/62969,DPL_2023_Consolidated,2022-12-31,2023-01-01,11,1,-,-,-,Municode,-,-,-,https://library.municode.com/de/wilmington/codes/code_of_ordinances?nodeId=PTIIWICO_CH36MIOFPR_ARTIINGE_S36-6DRPASAPRPE,-,-,-,06/06/2002,-,unknown date below ordinance ,-,-,-,-,-,12/19/2023,-,-,-,"Known, current through date published in ordinance",-,-,-,Both (ARCHIVE) ,"Sec. 36-6. - Drug paraphe,Sec. 36-6. - Drug paraphe",-,-,-,-,-,-,-,-,-,-,"Syringes, hypodermic needles, other inject/ion/ing equipment/instrument/supplies , Pipes, other smoke/ing or inhal/ing/ation equipment or supplies, Drug test/ing or check/ing equipment or supplies, Other",Sec. 36-6. - Drug paraphe,-,-,"Sales (ARCHIVE), Non-sale distribution/delivery (ARCHIVE), Use, Advertising, display, Manufacturing, manufacture with intent to deliver or sell, Other","Sec. 36-6. - Drug paraphe,Sec. 36-6. - Drug paraphe","convert, offer for sale ",-,Criminal (ARCHIVE) ,Sec. 36-6. - Drug paraphe,-,-,"Xylazine checking/testing equipment specifically, in the context syringe services, harm reduction programs, or supervised use sites (NEW), Professionals acting in their course of business [e.g. pharmacists, physicians, manufacturers]",Sec. 36-6. - Drug paraphe,"Any person authorized by local, state or federal law",-,-,-,-,-,-,-,-,-,-,-,-,-,-,-,-,-,-,-,-,-,-,-,-,-,-,-,-,-,-,-,-,-,-,-,-,-,-,-,-,-,-,-,-,-,-,-,-,-,-,-,-,-
"Wilmington, New Castle County, Delaware, United States",city,https://app.monqcle.com/org/cphlr/project/drug-paraphernalia-laws-1689792283/record/77542,DPL_2025_Consolidated,2022-12-31,2024-12-31,12,1,-,-,-,Municode,-,-,-,https://library.municode.com/de/wilmington/codes/code_of_ordinances?nodeId=PTIIWICO_CH36MIOFPR_ARTIINGE_S36-6DRPASAPRPE,-,-,-,06/06/2002,-,unknown date below ordinance ,-,-,-,-,-,03/10/2025,-,-,-,"Known, current through date published in ordinance",-,-,-,Both (ARCHIVE) ,-,-,-,0,-,-,-,-,-,-,-,"Syringes, hypodermic needles, other inject/ion/ing equipment/instrument/supplies , Pipes, other smoke/ing or inhal/ing/ation equipment or supplies, Drug test/ing or check/ing equipment or supplies, Other",Sec. 36-6. - Drug paraphe,-,-,"Sales, possession with intent to sell, offer for sale (NEW), Delivery, possession with intent to deliver/distribute, distribution, transfer, furnish, exchange (NEW), Use, Advertising, display, Manufacturing, manufacture with intent to deliver or sell, Other","Sec. 36-6. - Drug paraphe,Sec. 36-6. - Drug paraphe",convert,-,Unspecified Fine (NEW),Sec. 36-6. - Drug paraphe,-,-,Other,Sec. 36-6. - Drug paraphe,"Any person authorized by local, state or federal law",-,-,-,-,-,-,-,-,-,-,-,-,-,-,-,-,-,-,-,-,-,-,-,-,-,-,-,-,-,-,-,-,-,-,-,-,-,-,-,-,-,-,-,-,-,-,-,-,-,-,-,-,-
"Wilmington, New Hanover County, North Carolina, United States",city,https://app.monqcle.com/org/cphlr/project/drug-paraphernalia-laws-1689792283/record/76165,DPL_2025_Consolidated,2022-12-31,2024-12-31,1,0,-,-,-,-,-,-,-,-,-,-,-,-,-,-,-,-,-,-,-,-,-,-,-,-,-,-,-,-,-,-,-,-,-,-,-,-,-,-,-,-,-,-,-,-,-,-,-,-,-,-,-,-,-,-,-,-,-,-,-,-,-,-,-,-,-,-,-,-,-,-,-,-,-,-,-,-,-,-,-,-,-,-,-,-,-,-,-,-,-,-,-,-,-,-,-,-,-,-,-,-,-,-,-,-,-,-,-
"Wilmington, New Hanover County, North Carolina, United States",city,https://app.monqcle.com/org/cphlr/project/drug-paraphernalia-laws-1689792283/record/62805,DPL_2023_Consolidated,2022-12-31,2023-01-01,1,0,-,-,-,-,-,-,-,-,-,-,-,-,-,-,-,-,-,-,-,-,-,-,-,-,-,-,-,-,-,-,-,-,-,-,-,-,-,-,-,-,-,-,-,-,-,-,-,-,-,-,-,-,-,-,-,-,-,-,-,-,-,-,-,-,-,-,-,-,-,-,-,-,-,-,-,-,-,-,-,-,-,-,-,-,-,-,-,-,-,-,-,-,-,-,-,-,-,-,-,-,-,-,-,-,-,-,-
"Winston-Salem, Forsyth County, North Carolina, United States",city,https://app.monqcle.com/org/cphlr/project/drug-paraphernalia-laws-1689792283/record/75115,DPL_2025_Consolidated,2022-12-31,2024-12-31,1,0,-,-,-,-,-,-,-,-,-,-,-,-,-,-,-,-,-,-,-,-,-,-,-,-,-,-,-,-,-,-,-,-,-,-,-,-,-,-,-,-,-,-,-,-,-,-,-,-,-,-,-,-,-,-,-,-,-,-,-,-,-,-,-,-,-,-,-,-,-,-,-,-,-,-,-,-,-,-,-,-,-,-,-,-,-,-,-,-,-,-,-,-,-,-,-,-,-,-,-,-,-,-,-,-,-,-,-
"Winston-Salem, Forsyth County, North Carolina, United States",city,https://app.monqcle.com/org/cphlr/project/drug-paraphernalia-laws-1689792283/record/62657,DPL_2023_Consolidated,2022-12-31,2023-01-01,1,0,-,-,-,-,-,-,-,-,-,-,-,-,-,-,-,-,-,-,-,-,-,-,-,-,-,-,-,-,-,-,-,-,-,-,-,-,-,-,-,-,-,-,-,-,-,-,-,-,-,-,-,-,-,-,-,-,-,-,-,-,-,-,-,-,-,-,-,-,-,-,-,-,-,-,-,-,-,-,-,-,-,-,-,-,-,-,-,-,-,-,-,-,-,-,-,-,-,-,-,-,-,-,-,-,-,-,-
"Worcester, Worcester County, Massachusetts, United States",city,https://app.monqcle.com/org/cphlr/project/drug-paraphernalia-laws-1689792283/record/62655,DPL_2023_Consolidated,2022-12-31,2023-01-01,1,0,-,-,-,-,-,-,-,-,-,-,-,-,-,-,-,-,-,-,-,-,-,-,-,-,-,-,-,-,-,-,-,-,-,-,-,-,-,-,-,-,-,-,-,-,-,-,-,-,-,-,-,-,-,-,-,-,-,-,-,-,-,-,-,-,-,-,-,-,-,-,-,-,-,-,-,-,-,-,-,-,-,-,-,-,-,-,-,-,-,-,-,-,-,-,-,-,-,-,-,-,-,-,-,-,-,-,-
"Worcester, Worcester County, Massachusetts, United States",city,https://app.monqcle.com/org/cphlr/project/drug-paraphernalia-laws-1689792283/record/75369,DPL_2025_Consolidated,2022-12-31,2024-12-31,1,0,-,-,-,-,-,-,-,-,-,-,-,-,-,-,-,-,-,-,-,-,-,-,-,-,-,-,-,-,-,-,-,-,-,-,-,-,-,-,-,-,-,-,-,-,-,-,-,-,-,-,-,-,-,-,-,-,-,-,-,-,-,-,-,-,-,-,-,-,-,-,-,-,-,-,-,-,-,-,-,-,-,-,-,-,-,-,-,-,-,-,-,-,-,-,-,-,-,-,-,-,-,-,-,-,-,-,-
"Wyoming, Kent County, Michigan, United States",city,https://app.monqcle.com/org/cphlr/project/drug-paraphernalia-laws-1689792283/record/78362,DPL_2025_Consolidated,2022-12-31,2024-12-31,14,1,-,-,-,Municode,-,-,-,https://library.municode.com/mi/wyoming/codes/code_of_ordinances?nodeId=PTIICOOR_CH50OFMIPR_ARTVOFAGPUMO_DIV2MACOSUOF_S50-188OTPEROAC,-,-,-,01/07/2019,-,unknown date at bottom of ordinance,-,-,-,-,-,09/03/2025,-,-,-,"Known, current through date published in ordinance",-,-,-,State (ARCHIVE) ,-,-,-,1,DIVISION 2. - MARIHUANA A,-,-,"section 7451 of the Public Health Code, 1978 PA 368, MCL 333.7451",-,-,-,"Syringes, hypodermic needles, other inject/ion/ing equipment/instrument/supplies , Pipes, other smoke/ing or inhal/ing/ation equipment or supplies, Drug test/ing or check/ing equipment or supplies, Other",333.7451 “Drug parapherna,-,-,"Delivery, possession with intent to deliver/distribute, distribution, transfer, furnish, exchange (NEW), Possession, possession with intent to use, keep, Use",DIVISION 2. - MARIHUANA A,-,-,"Infraction (NEW), Misdemeanor (NEW)",DIVISION 2. - MARIHUANA A,-,-,"Paraphernalia for consumption of cannabis, generally or medical use (NEW), Professionals acting in their course of business [e.g. pharmacists, physicians, manufacturers], Public officials in the course of their duties, generally","DIVISION 2. - MARIHUANA A,DIVISION 2. - MARIHUANA A",-,-,-,-,-,-,-,-,-,-,"Possession, Use, Distribution",-,-,-,-,-,-,-,-,-,-,-,-,-,-,-,-,-,-,-,-,-,-,-,-,-,-,-,-,-,-,-,-,-,-,-,-,-,-,-,-,-,-,-
"Wyoming, Kent County, Michigan, United States",city,https://app.monqcle.com/org/cphlr/project/drug-paraphernalia-laws-1689792283/record/62764,DPL_2023_Consolidated,2022-12-31,2023-01-01,11,1,-,-,-,Municode,-,-,-,https://library.municode.com/mi/wyoming/codes/code_of_ordinances?nodeId=PTIICOOR_CH50OFMIPR_ARTVOFAGPUMO_DIV2MACOSUOF_S50-188OTPEROAC,-,-,-,01/07/2019,-,unknown date at bottom of ordinance,-,-,-,-,-,09/27/2023,-,-,-,"Known, current through date published in ordinance",-,-,-,State (ARCHIVE) ,DIVISION 2. - MARIHUANA A,-,-,-,-,-,-,-,-,-,-,"Syringes, hypodermic needles, other inject/ion/ing equipment/instrument/supplies , Pipes, other smoke/ing or inhal/ing/ation equipment or supplies, Drug test/ing or check/ing equipment or supplies, Other",333.7451 “Drug parapherna,-,-,"Non-sale distribution/delivery (ARCHIVE), Possession, possession with intent to use, keep, Use",DIVISION 2. - MARIHUANA A,-,-,"Civil (ARCHIVE), Criminal (ARCHIVE) ",DIVISION 2. - MARIHUANA A,-,-,"Other paraphernalia for approved medical use, Paraphernalia for consumption of cannabis, generally (ARCHIVE), Professionals acting in their course of business [e.g. pharmacists, physicians, manufacturers], Public officials in the course of their duties, generally","DIVISION 2. - MARIHUANA A,DIVISION 2. - MARIHUANA A",medical marijuana,-,-,-,-,-,-,-,-,-,-,-,-,-,-,-,-,-,-,-,-,-,-,-,-,-,-,-,-,-,-,-,-,-,-,-,-,-,-,-,-,-,-,-,-,-,-,-,-,-,-,-,-,-
"Yakima, Yakima County, Washington, United States",city,https://app.monqcle.com/org/cphlr/project/drug-paraphernalia-laws-1689792283/record/77028,DPL_2025_PS,2023-05-16,2024-12-31,17,1,-,-,-,Code Publishing Company ,-,-,-,https://www.codepublishing.com/WA/Yakima/#!/html/Yakima06/Yakima0608.html,-,-,-,07/15/2015,-,unknown date at bottom of ordinance; month and date imputed,-,-,-,-,-,05/16/2023,-,-,-,"Known, current through date published in ordinance",-,-,-,State (ARCHIVE) ,-,-,-,1,"Chapter 6.08 DRUG-RELATED,Chapter 6.08 DRUG-RELATED",-,-,69.50.102    Definitions—Drug paraphernalia; 69.50.412    Prohibited acts.; 69.50.4121    Drug paraphernalia—Selling or giving—Penalty.,-,-,-,"Syringes, hypodermic needles, other inject/ion/ing equipment/instrument/supplies , Pipes, other smoke/ing or inhal/ing/ation equipment or supplies, Drug test/ing or check/ing equipment or supplies, Other",Sec. 23. RCW 69.50.4121,-,-,"Sales, possession with intent to sell, offer for sale (NEW), Delivery, possession with intent to deliver/distribute, distribution, transfer, furnish, exchange (NEW), Use, Advertising, display, Manufacturing, manufacture with intent to deliver or sell","Sec. 22. RCW 69.50.412,Sec. 22. RCW 69.50.412,Sec. 23. RCW 69.50.4121",-,-,"Infraction (NEW), Misdemeanor (NEW)","Sec. 23. RCW 69.50.4121,Sec. 22. RCW 69.50.412",-,-,"Paraphernalia for consumption of cannabis, generally or medical use (NEW), Syringes from syringe services, harm reduction programs, or supervised use sites (NEW), Drug checking equipment, in the context of syringe services, harm reduction programs, or supervised use sites (NEW), Pipes/smoking equipment, in the context syringe services, harm reduction programs, or supervised use sites (NEW), Other","Sec. 22. RCW 69.50.412,Sec. 22. RCW 69.50.412,Sec. 23. RCW 69.50.4121",It is lawful for any person over the age of eighteen to possess sterile hypodermic syringes and needles for the purpose of reducing bloodborne diseases.,-,-,-,-,-,"Use, Distribution",-,-,-,"Use, Distribution, Sales, Other",-,manufacture,-,-,-,-,-,-,-,-,-,-,-,-,-,"Use, Distribution",-,-,-,-,-,-,-,-,-,-,-,-,-,-,-,"Use, Distribution",-,-,-,-,-,-,-,-,-,-,-
"Yakima, Yakima County, Washington, United States",city,https://app.monqcle.com/org/cphlr/project/drug-paraphernalia-laws-1689792283/record/76677,DPL_2025_JD,2023-05-16,2024-12-31,17,1,-,-,-,Code Publishing Company,-,-,-,https://www.codepublishing.com/WA/Yakima/#!/html/Yakima06/Yakima0608.html,-,-,-,05/16/2023,-,-,-,-,-,-,-,08/19/2025,-,-,-,"Known, current through date published in ordinance",-,-,-,State (ARCHIVE) ,-,-,-,1,Chapter 6.08 DRUG-RELATED,-,-,"69.50.412    Prohibited acts., 69.50.4121  Drug paraphernalia—Selling or giving—Penalty.",-,-,-,"Syringes, hypodermic needles, other inject/ion/ing equipment/instrument/supplies , Pipes, other smoke/ing or inhal/ing/ation equipment or supplies, Other",Sec. 23. RCW 69.50.4121,-,-,"Sales, possession with intent to sell, offer for sale (NEW), Delivery, possession with intent to deliver/distribute, distribution, transfer, furnish, exchange (NEW), Give away, give, gift, free distribution (NEW), Use, Advertising, display, Manufacturing, manufacture with intent to deliver or sell","Sec. 22. RCW 69.50.412,Sec. 22. RCW 69.50.412,Sec. 23. RCW 69.50.4121",-,-,"Infraction (NEW), Misdemeanor (NEW)","Sec. 22. RCW 69.50.412,Sec. 23. RCW 69.50.4121",-,-,"Paraphernalia for consumption of cannabis, generally or medical use (NEW), Syringes from syringe services, harm reduction programs, or supervised use sites (NEW), Drug checking equipment, in the context of syringe services, harm reduction programs, or supervised use sites (NEW), Pipes/smoking equipment, in the context syringe services, harm reduction programs, or supervised use sites (NEW), Other","Sec. 22. RCW 69.50.412,Sec. 23. RCW 69.50.4121,Sec. 22. RCW 69.50.412",reducing bloodborne disease,-,-,-,-,-,"Use, Distribution",-,-,-,"Use, Distribution, Other",-,"Manufacturing, Advertising",-,-,-,-,-,-,-,-,-,-,-,-,-,"Use, Distribution",-,-,-,-,-,-,-,-,-,-,-,-,-,-,-,"Use, Distribution",-,-,-,-,-,-,-,-,-,-,-
"Yakima, Yakima County, Washington, United States",city,https://app.monqcle.com/org/cphlr/project/drug-paraphernalia-laws-1689792283/record/77297,DPL_2025_Consolidated,2023-05-16,2024-12-31,18,1,-,-,-,Code Publishing Company,-,-,-,https://www.codepublishing.com/WA/Yakima/#!/html/Yakima06/Yakima0608.html,-,-,-,05/16/2023,-,-,-,-,-,-,-,08/19/2025,-,-,-,"Known, current through date published in ordinance",-,-,-,State (ARCHIVE) ,-,-,-,1,Chapter 6.08 DRUG-RELATED,-,-,"69.50.102    Definitions—Drug paraphernalia, 69.50.412    Prohibited acts., 69.50.4121  Drug paraphernalia—Selling or giving—Penalty.",-,-,-,"Syringes, hypodermic needles, other inject/ion/ing equipment/instrument/supplies , Pipes, other smoke/ing or inhal/ing/ation equipment or supplies, Drug test/ing or check/ing equipment or supplies, Other",RCW 69.50.102 Drug paraph,-,-,"Sales, possession with intent to sell, offer for sale (NEW), Delivery, possession with intent to deliver/distribute, distribution, transfer, furnish, exchange (NEW), Use, Advertising, display, Manufacturing, manufacture with intent to deliver or sell","Sec. 22. RCW 69.50.412,Sec. 23. RCW 69.50.4121,Sec. 22. RCW 69.50.412",-,-,"Infraction (NEW), Misdemeanor (NEW)","Sec. 23. RCW 69.50.4121,Sec. 22. RCW 69.50.412",-,-,"Syringes for approved medical use (i.e. diabetes) , Paraphernalia for consumption of cannabis, generally or medical use (NEW), Syringes from syringe services, harm reduction programs, or supervised use sites (NEW), Drug checking/testing equipment, generally, Drug checking equipment, in the context of syringe services, harm reduction programs, or supervised use sites (NEW), Pipes/smoking equipment, in the context syringe services, harm reduction programs, or supervised use sites (NEW)","Sec. 22. RCW 69.50.412,Sec. 22. RCW 69.50.412,Sec. 23. RCW 69.50.4121",It is lawful for any person over the age of eighteen to possess sterile hypodermic syringes and needles for the purpose of reducing bloodborne diseases.,-,-,-,-,-,"Use, Distribution",-,-,-,"Use, Distribution, Sales, Other",-,"Manufacturing, Advertising",-,"Use, Distribution, Sales, Other",-,"manufacture, advertise",-,-,-,-,-,-,-,-,-,"Use, Distribution",-,-,-,-,-,-,-,-,-,-,-,-,-,-,-,"Use, Distribution",-,-,-,-,-,-,-,-,-,-,-
"Yakima, Yakima County, Washington, United States",city,https://app.monqcle.com/org/cphlr/project/drug-paraphernalia-laws-1689792283/record/63130,DPL_2023_Consolidated,2022-12-31,2023-01-01,11,1,-,-,-,self-published,-,-,-,https://www.codepublishing.com/WA/Yakima/#!/html/Yakima06/Yakima0608.html,-,-,-,07/15/2015,-,unknown date at bottom of ordinance; month and date imputed,-,-,-,-,-,06/20/2023,-,-,-,"Known, current through date published in ordinance",-,-,-,State (ARCHIVE) ,Sec. 23. RCW 69.50.4121,-,-,-,-,-,-,-,-,-,-,"Syringes, hypodermic needles, other inject/ion/ing equipment/instrument/supplies , Pipes, other smoke/ing or inhal/ing/ation equipment or supplies, Drug test/ing or check/ing equipment or supplies, Other",Sec. 23. RCW 69.50.4121,-,-,"Sales (ARCHIVE), Non-sale distribution/delivery (ARCHIVE), Use, Advertising, display, Manufacturing, manufacture with intent to deliver or sell, Other","Sec. 23. RCW 69.50.4121,Sec. 22. RCW 69.50.412,Sec. 22. RCW 69.50.412",gives,-,"Civil (ARCHIVE), Criminal (ARCHIVE) ","Sec. 22. RCW 69.50.412,Sec. 23. RCW 69.50.4121",-,-,"Syringes for approved medical use (i.e. diabetes) , Paraphernalia for consumption of cannabis, generally (ARCHIVE), Syringe services or harm reduction programs specifically, supervised use sites (ARCHIVE), Professionals acting in their course of business [e.g. pharmacists, physicians, manufacturers]","Sec. 22. RCW 69.50.412,Sec. 22. RCW 69.50.412",-,-,-,-,-,-,-,-,-,-,-,-,-,-,-,-,-,-,-,-,-,-,-,-,-,-,-,-,-,-,-,-,-,-,-,-,-,-,-,-,-,-,-,-,-,-,-,-,-,-,-,-,-,-
"Yakima, Yakima County, Washington, United States",city,https://app.monqcle.com/org/cphlr/project/drug-paraphernalia-laws-1689792283/record/77296,DPL_2025_Consolidated,2022-12-31,2023-05-15,15,1,-,-,-,Code Publishing Company,-,-,-,https://www.codepublishing.com/WA/Yakima/#!/html/Yakima06/Yakima0608.html,-,-,-,07/15/2015,-,unknown date at bottom of ordinance; month and date imputed,-,-,-,-,-,05/16/2023,-,-,-,"Known, current through date published in ordinance",-,-,-,State (ARCHIVE) ,-,-,-,1,"Chapter 6.08 DRUG-RELATED,Chapter 6.08 DRUG-RELATED",-,-,"69.50.412    Prohibited acts., 69.50.4121  Drug paraphernalia—Selling or giving—
Penalty.
69.50.102    Definitions—Drug paraphernalia.",-,-,-,"Syringes, hypodermic needles, other inject/ion/ing equipment/instrument/supplies , Pipes, other smoke/ing or inhal/ing/ation equipment or supplies, Drug test/ing or check/ing equipment or supplies, Other","RCW 69.50.102 Drug paraph,Sec. 23. RCW 69.50.4121",-,-,"Sales, possession with intent to sell, offer for sale (NEW), Delivery, possession with intent to deliver/distribute, distribution, transfer, furnish, exchange (NEW), Give away, give, gift, free distribution (NEW), Use, Advertising, display, Manufacturing, manufacture with intent to deliver or sell","Sec. 23. RCW 69.50.4121,Sec. 22. RCW 69.50.412,Sec. 22. RCW 69.50.412",-,-,"Infraction (NEW), Misdemeanor (NEW)","Sec. 23. RCW 69.50.4121,Sec. 22. RCW 69.50.412",-,-,"Syringes for approved medical use (i.e. diabetes) , Paraphernalia for consumption of cannabis, generally or medical use (NEW), Syringes from syringe services, harm reduction programs, or supervised use sites (NEW)","Sec. 22. RCW 69.50.412,Sec. 22. RCW 69.50.412,Sec. 23. RCW 69.50.4121",reducing bloodborne disease,-,-,-,-,-,Distribution,-,-,-,"Use, Distribution, Sales, Other",-,"Manufacturing, gives, advertise",-,-,-,-,-,-,-,-,-,-,-,-,-,-,-,-,-,-,-,-,-,-,-,-,-,-,-,-,-,-,-,-,-,-,-,-,-,-,-,-,-
"Yonkers, City of Yonkers, Westchester County, New York, United States",city,https://app.monqcle.com/org/cphlr/project/drug-paraphernalia-laws-1689792283/record/75227,DPL_2025_Consolidated,2022-12-31,2024-12-31,1,0,-,-,-,-,-,-,-,-,-,-,-,-,-,-,-,-,-,-,-,-,-,-,-,-,-,-,-,-,-,-,-,-,-,-,-,-,-,-,-,-,-,-,-,-,-,-,-,-,-,-,-,-,-,-,-,-,-,-,-,-,-,-,-,-,-,-,-,-,-,-,-,-,-,-,-,-,-,-,-,-,-,-,-,-,-,-,-,-,-,-,-,-,-,-,-,-,-,-,-,-,-,-,-,-,-,-,-
"Yonkers, City of Yonkers, Westchester County, New York, United States",city,https://app.monqcle.com/org/cphlr/project/drug-paraphernalia-laws-1689792283/record/63258,DPL_2023_Consolidated ,2022-12-31,2023-01-01,1,0,-,-,-,-,-,-,-,-,-,-,-,-,-,-,-,-,-,-,-,-,-,-,-,-,-,-,-,-,-,-,-,-,-,-,-,-,-,-,-,-,-,-,-,-,-,-,-,-,-,-,-,-,-,-,-,-,-,-,-,-,-,-,-,-,-,-,-,-,-,-,-,-,-,-,-,-,-,-,-,-,-,-,-,-,-,-,-,-,-,-,-,-,-,-,-,-,-,-,-,-,-,-,-,-,-,-,-
"Yuma, Yuma County, Arizona, United States",city,https://app.monqcle.com/org/cphlr/project/drug-paraphernalia-laws-1689792283/record/63110,DPL_2023_Consolidated,2022-12-31,2023-01-01,1,0,-,-,-,-,-,-,-,-,-,-,-,-,-,-,-,-,-,-,-,-,-,-,-,-,-,-,-,-,-,-,-,-,-,-,-,-,-,-,-,-,-,-,-,-,-,-,-,-,-,-,-,-,-,-,-,-,-,-,-,-,-,-,-,-,-,-,-,-,-,-,-,-,-,-,-,-,-,-,-,-,-,-,-,-,-,-,-,-,-,-,-,-,-,-,-,-,-,-,-,-,-,-,-,-,-,-,-
"Yuma, Yuma County, Arizona, United States",city,https://app.monqcle.com/org/cphlr/project/drug-paraphernalia-laws-1689792283/record/76514,DPL_2025_Consolidated,2022-12-31,2024-12-31,1,0,-,-,-,-,-,-,-,-,-,-,-,-,-,-,-,-,-,-,-,-,-,-,-,-,-,-,-,-,-,-,-,-,-,-,-,-,-,-,-,-,-,-,-,-,-,-,-,-,-,-,-,-,-,-,-,-,-,-,-,-,-,-,-,-,-,-,-,-,-,-,-,-,-,-,-,-,-,-,-,-,-,-,-,-,-,-,-,-,-,-,-,-,-,-,-,-,-,-,-,-,-,-,-,-,-,-,-